timestamp,group,category,attack_type,attack_level,attacked_image_name,attacked_image_path,return_code,extraction_rate_percent,ber,extracted_code
2026-05-19T22:50:12.284353,1024p,Crops,crop,BothHorizontal_25,Croped_BothHorizontal_25_watermarked_image_1024_1.png,N:\Desktop\WORKING PAPERS\MVDW-NIKOS-PAPER\Version_22\attacked\1024p\watermarked_image_1024_1\Crops\Croped_BothHorizontal_25_watermarked_image_1024_1.png,0,87.5,0.0486,"[0, 'X', 2, 'X', 6, 4, 3, 2, 0, 0, 4, 5, 1, 2, 6, 3]"
2026-05-19T22:50:13.740780,1024p,Crops,crop,BothHorizontal_50,Croped_BothHorizontal_50_watermarked_image_1024_1.png,N:\Desktop\WORKING PAPERS\MVDW-NIKOS-PAPER\Version_22\attacked\1024p\watermarked_image_1024_1\Crops\Croped_BothHorizontal_50_watermarked_image_1024_1.png,0,50.0,0.1875,"['X', 'X', 'X', 'X', 6, 4, 3, 2, 0, 0, 4, 5, 'X', 'X', 'X', 'X']"
2026-05-19T22:50:15.140810,1024p,Crops,crop,BothHorizontal_75,Croped_BothHorizontal_75_watermarked_image_1024_1.png,N:\Desktop\WORKING PAPERS\MVDW-NIKOS-PAPER\Version_22\attacked\1024p\watermarked_image_1024_1\Crops\Croped_BothHorizontal_75_watermarked_image_1024_1.png,0,25.0,0.2587,"['X', 'X', 'X', 'X', 6, 'X', 'X', 'X', 0, 0, 'X', 5, 'X', 'X', 'X', 'X']"
2026-05-19T22:50:16.628759,1024p,Crops,crop,BothVertical_25,Croped_BothVertical_25_watermarked_image_1024_1.png,N:\Desktop\WORKING PAPERS\MVDW-NIKOS-PAPER\Version_22\attacked\1024p\watermarked_image_1024_1\Crops\Croped_BothVertical_25_watermarked_image_1024_1.png,0,56.25,0.1632,"['X', 2, 2, 5, 'X', 4, 3, 'X', 'X', 0, 4, 'X', 'X', 2, 6, 'X']"
2026-05-19T22:50:18.141720,1024p,Crops,crop,BothVertical_50,Croped_BothVertical_50_watermarked_image_1024_1.png,N:\Desktop\WORKING PAPERS\MVDW-NIKOS-PAPER\Version_22\attacked\1024p\watermarked_image_1024_1\Crops\Croped_BothVertical_50_watermarked_image_1024_1.png,0,50.0,0.1875,"['X', 2, 2, 'X', 'X', 4, 3, 'X', 'X', 0, 4, 'X', 'X', 2, 6, 'X']"
2026-05-19T22:50:19.610398,1024p,Crops,crop,BothVertical_75,Croped_BothVertical_75_watermarked_image_1024_1.png,N:\Desktop\WORKING PAPERS\MVDW-NIKOS-PAPER\Version_22\attacked\1024p\watermarked_image_1024_1\Crops\Croped_BothVertical_75_watermarked_image_1024_1.png,0,31.25,0.2483,"['X', 'X', 'X', 'X', 'X', 4, 3, 'X', 'X', 'X', 4, 'X', 'X', 2, 6, 'X']"
2026-05-19T22:50:21.049349,1024p,Crops,crop,Bottom_25,Croped_Bottom_25_watermarked_image_1024_1.png,N:\Desktop\WORKING PAPERS\MVDW-NIKOS-PAPER\Version_22\attacked\1024p\watermarked_image_1024_1\Crops\Croped_Bottom_25_watermarked_image_1024_1.png,0,75.0,0.0903,"[0, 2, 2, 5, 6, 4, 3, 2, 0, 0, 4, 5, 'X', 'X', 'X', 'X']"
2026-05-19T22:50:22.501540,1024p,Crops,crop,Bottom_50,Croped_Bottom_50_watermarked_image_1024_1.png,N:\Desktop\WORKING PAPERS\MVDW-NIKOS-PAPER\Version_22\attacked\1024p\watermarked_image_1024_1\Crops\Croped_Bottom_50_watermarked_image_1024_1.png,0,50.0,0.184,"[0, 2, 2, 5, 6, 4, 3, 2, 'X', 'X', 'X', 'X', 'X', 'X', 'X', 'X']"
2026-05-19T22:50:23.930532,1024p,Crops,crop,Bottom_75,Croped_Bottom_75_watermarked_image_1024_1.png,N:\Desktop\WORKING PAPERS\MVDW-NIKOS-PAPER\Version_22\attacked\1024p\watermarked_image_1024_1\Crops\Croped_Bottom_75_watermarked_image_1024_1.png,0,25.0,0.2708,"[0, 2, 2, 5, 'X', 'X', 'X', 'X', 'X', 'X', 'X', 'X', 'X', 'X', 'X', 'X']"
2026-05-19T22:50:25.420128,1024p,Crops,crop,Left_25,Croped_Left_25_watermarked_image_1024_1.png,N:\Desktop\WORKING PAPERS\MVDW-NIKOS-PAPER\Version_22\attacked\1024p\watermarked_image_1024_1\Crops\Croped_Left_25_watermarked_image_1024_1.png,0,75.0,0.0903,"['X', 2, 2, 5, 'X', 4, 3, 2, 'X', 0, 4, 5, 'X', 2, 6, 3]"
2026-05-19T22:50:26.861374,1024p,Crops,crop,Left_50,Croped_Left_50_watermarked_image_1024_1.png,N:\Desktop\WORKING PAPERS\MVDW-NIKOS-PAPER\Version_22\attacked\1024p\watermarked_image_1024_1\Crops\Croped_Left_50_watermarked_image_1024_1.png,0,50.0,0.184,"['X', 'X', 2, 5, 'X', 'X', 3, 2, 'X', 'X', 4, 5, 'X', 'X', 6, 3]"
2026-05-19T22:50:28.269730,1024p,Crops,crop,Left_75,Croped_Left_75_watermarked_image_1024_1.png,N:\Desktop\WORKING PAPERS\MVDW-NIKOS-PAPER\Version_22\attacked\1024p\watermarked_image_1024_1\Crops\Croped_Left_75_watermarked_image_1024_1.png,0,25.0,0.2708,"['X', 'X', 'X', 5, 'X', 'X', 'X', 2, 'X', 'X', 'X', 5, 'X', 'X', 'X', 3]"
2026-05-19T22:50:29.778479,1024p,Crops,crop,Right_25,Croped_Right_25_watermarked_image_1024_1.png,N:\Desktop\WORKING PAPERS\MVDW-NIKOS-PAPER\Version_22\attacked\1024p\watermarked_image_1024_1\Crops\Croped_Right_25_watermarked_image_1024_1.png,0,75.0,0.0972,"[0, 2, 2, 'X', 6, 4, 3, 'X', 0, 0, 4, 'X', 1, 2, 6, 'X']"
2026-05-19T22:50:31.206348,1024p,Crops,crop,Right_50,Croped_Right_50_watermarked_image_1024_1.png,N:\Desktop\WORKING PAPERS\MVDW-NIKOS-PAPER\Version_22\attacked\1024p\watermarked_image_1024_1\Crops\Croped_Right_50_watermarked_image_1024_1.png,0,50.0,0.184,"[0, 2, 'X', 'X', 6, 4, 'X', 'X', 0, 0, 'X', 'X', 1, 2, 'X', 'X']"
2026-05-19T22:50:32.588043,1024p,Crops,crop,Right_75,Croped_Right_75_watermarked_image_1024_1.png,N:\Desktop\WORKING PAPERS\MVDW-NIKOS-PAPER\Version_22\attacked\1024p\watermarked_image_1024_1\Crops\Croped_Right_75_watermarked_image_1024_1.png,0,25.0,0.2778,"[0, 'X', 'X', 'X', 6, 'X', 'X', 'X', 0, 'X', 'X', 'X', 1, 'X', 'X', 'X']"
2026-05-19T22:50:34.060085,1024p,Crops,crop,Top_25,Croped_Top_25_watermarked_image_1024_1.png,N:\Desktop\WORKING PAPERS\MVDW-NIKOS-PAPER\Version_22\attacked\1024p\watermarked_image_1024_1\Crops\Croped_Top_25_watermarked_image_1024_1.png,0,75.0,0.0972,"['X', 'X', 'X', 'X', 6, 4, 3, 2, 0, 0, 4, 5, 1, 2, 6, 3]"
2026-05-19T22:50:35.523920,1024p,Crops,crop,Top_50,Croped_Top_50_watermarked_image_1024_1.png,N:\Desktop\WORKING PAPERS\MVDW-NIKOS-PAPER\Version_22\attacked\1024p\watermarked_image_1024_1\Crops\Croped_Top_50_watermarked_image_1024_1.png,0,50.0,0.184,"['X', 'X', 'X', 'X', 'X', 'X', 'X', 'X', 0, 0, 4, 5, 1, 2, 6, 3]"
2026-05-19T22:50:36.936870,1024p,Crops,crop,Top_75,Croped_Top_75_watermarked_image_1024_1.png,N:\Desktop\WORKING PAPERS\MVDW-NIKOS-PAPER\Version_22\attacked\1024p\watermarked_image_1024_1\Crops\Croped_Top_75_watermarked_image_1024_1.png,0,25.0,0.2778,"['X', 'X', 'X', 'X', 'X', 'X', 'X', 'X', 'X', 'X', 'X', 'X', 1, 2, 6, 3]"
2026-05-19T22:50:38.409951,1024p,Filters,jpeg,50,Compressed_q50_watermarked_image_1024_1.jpg,N:\Desktop\WORKING PAPERS\MVDW-NIKOS-PAPER\Version_22\attacked\1024p\watermarked_image_1024_1\Filters\Compressed_q50_watermarked_image_1024_1.jpg,0,0.0,0.3785,"['X', 'X', 'X', 'X', 'X', 'X', 'X', 'X', 'X', 'X', 'X', 'X', 'X', 'X', 'X', 'X']"
2026-05-19T22:50:39.954463,1024p,Filters,jpeg,70,Compressed_q70_watermarked_image_1024_1.jpg,N:\Desktop\WORKING PAPERS\MVDW-NIKOS-PAPER\Version_22\attacked\1024p\watermarked_image_1024_1\Filters\Compressed_q70_watermarked_image_1024_1.jpg,0,50.0,0.1476,"[0, 2, 'X', 5, 6, 'X', 3, 'X', 'X', 0, 4, 'X', 'X', 'X', 6, 'X']"
2026-05-19T22:50:41.437497,1024p,Filters,jpeg,90,Compressed_q90_watermarked_image_1024_1.jpg,N:\Desktop\WORKING PAPERS\MVDW-NIKOS-PAPER\Version_22\attacked\1024p\watermarked_image_1024_1\Filters\Compressed_q90_watermarked_image_1024_1.jpg,0,75.0,0.066,"[0, 2, 2, 'X', 6, 4, 3, 2, 'X', 0, 4, 'X', 'X', 2, 6, 3]"
2026-05-19T22:50:42.881419,1024p,Filters,gaussian_blur,3,GB_k3_watermarked_image_1024_1.png,N:\Desktop\WORKING PAPERS\MVDW-NIKOS-PAPER\Version_22\attacked\1024p\watermarked_image_1024_1\Filters\GB_k3_watermarked_image_1024_1.png,0,12.5,0.3247,"['X', 'X', 2, 'X', 'X', 'X', 'X', 2, 'X', 'X', 'X', 'X', 'X', 'X', 'X', 'X']"
2026-05-19T22:50:44.366435,1024p,Filters,gaussian_blur,5,GB_k5_watermarked_image_1024_1.png,N:\Desktop\WORKING PAPERS\MVDW-NIKOS-PAPER\Version_22\attacked\1024p\watermarked_image_1024_1\Filters\GB_k5_watermarked_image_1024_1.png,0,18.75,0.3177,"['X', 2, 'X', 'X', 6, 'X', 'X', 'X', 'X', 'X', 'X', 'X', 'X', 'X', 6, 'X']"
2026-05-19T22:50:45.839308,1024p,Filters,gaussian_blur,7,GB_k7_watermarked_image_1024_1.png,N:\Desktop\WORKING PAPERS\MVDW-NIKOS-PAPER\Version_22\attacked\1024p\watermarked_image_1024_1\Filters\GB_k7_watermarked_image_1024_1.png,0,6.25,0.3524,"['X', 'X', 'X', 'X', 'X', 'X', 'X', 'X', 'X', 0, 'X', 'X', 'X', 'X', 'X', 'X']"
2026-05-19T22:50:47.288801,1024p,Filters,gaussian_noise,0.05,GN_lvl0.05_watermarked_image_1024_1.png,N:\Desktop\WORKING PAPERS\MVDW-NIKOS-PAPER\Version_22\attacked\1024p\watermarked_image_1024_1\Filters\GN_lvl0.05_watermarked_image_1024_1.png,0,100.0,0.0,"[0, 2, 2, 5, 6, 4, 3, 2, 0, 0, 4, 5, 1, 2, 6, 3]"
2026-05-19T22:50:48.747420,1024p,Filters,gaussian_noise,0.1,GN_lvl0.1_watermarked_image_1024_1.png,N:\Desktop\WORKING PAPERS\MVDW-NIKOS-PAPER\Version_22\attacked\1024p\watermarked_image_1024_1\Filters\GN_lvl0.1_watermarked_image_1024_1.png,0,100.0,0.0,"[0, 2, 2, 5, 6, 4, 3, 2, 0, 0, 4, 5, 1, 2, 6, 3]"
2026-05-19T22:50:50.250871,1024p,Filters,gaussian_noise,0.2,GN_lvl0.2_watermarked_image_1024_1.png,N:\Desktop\WORKING PAPERS\MVDW-NIKOS-PAPER\Version_22\attacked\1024p\watermarked_image_1024_1\Filters\GN_lvl0.2_watermarked_image_1024_1.png,0,100.0,0.0,"[0, 2, 2, 5, 6, 4, 3, 2, 0, 0, 4, 5, 1, 2, 6, 3]"
2026-05-19T22:50:51.713727,1024p,Filters,gamma,,Gamma_watermarked_image_1024_1.png,N:\Desktop\WORKING PAPERS\MVDW-NIKOS-PAPER\Version_22\attacked\1024p\watermarked_image_1024_1\Filters\Gamma_watermarked_image_1024_1.png,0,62.5,0.0972,"[0, 2, 2, 5, 6, 4, 'X', 2, 'X', 0, 'X', 5, 'X', 'X', 'X', 3]"
2026-05-19T22:50:53.204900,1024p,Filters,histogram_equalization,,HEQ_watermarked_image_1024_1.png,N:\Desktop\WORKING PAPERS\MVDW-NIKOS-PAPER\Version_22\attacked\1024p\watermarked_image_1024_1\Filters\HEQ_watermarked_image_1024_1.png,0,100.0,0.0052,"[0, 2, 2, 5, 6, 4, 3, 2, 0, 0, 4, 5, 1, 2, 6, 3]"
2026-05-19T22:50:54.713060,1024p,Filters,motion_blur,3,MB_k3_watermarked_image_1024_1.png,N:\Desktop\WORKING PAPERS\MVDW-NIKOS-PAPER\Version_22\attacked\1024p\watermarked_image_1024_1\Filters\MB_k3_watermarked_image_1024_1.png,0,81.25,0.0503,"[0, 2, 2, 5, 'X', 4, 3, 2, 'X', 0, 4, 5, 'X', 2, 6, 3]"
2026-05-19T22:50:56.193806,1024p,Filters,motion_blur,5,MB_k5_watermarked_image_1024_1.png,N:\Desktop\WORKING PAPERS\MVDW-NIKOS-PAPER\Version_22\attacked\1024p\watermarked_image_1024_1\Filters\MB_k5_watermarked_image_1024_1.png,0,100.0,0.0087,"[0, 2, 2, 5, 6, 4, 3, 2, 0, 0, 4, 5, 1, 2, 6, 3]"
2026-05-19T22:50:57.678048,1024p,Filters,motion_blur,7,MB_k7_watermarked_image_1024_1.png,N:\Desktop\WORKING PAPERS\MVDW-NIKOS-PAPER\Version_22\attacked\1024p\watermarked_image_1024_1\Filters\MB_k7_watermarked_image_1024_1.png,0,62.5,0.0781,"[0, 2, 2, 'X', 'X', 4, 3, 2, 'X', 0, 4, 'X', 'X', 2, 6, 'X']"
2026-05-19T22:50:59.170795,1024p,Filters,mean_filter,3,MEAN_k3_watermarked_image_1024_1.png,N:\Desktop\WORKING PAPERS\MVDW-NIKOS-PAPER\Version_22\attacked\1024p\watermarked_image_1024_1\Filters\MEAN_k3_watermarked_image_1024_1.png,0,87.5,0.066,"[0, 2, 2, 5, 6, 4, 3, 2, 'X', 0, 4, 5, 'X', 2, 6, 3]"
2026-05-19T22:51:00.654767,1024p,Filters,mean_filter,5,MEAN_k5_watermarked_image_1024_1.png,N:\Desktop\WORKING PAPERS\MVDW-NIKOS-PAPER\Version_22\attacked\1024p\watermarked_image_1024_1\Filters\MEAN_k5_watermarked_image_1024_1.png,0,43.75,0.1753,"[0, 2, 'X', 5, 'X', 'X', 'X', 2, 'X', 'X', 4, 'X', 'X', 2, 6, 'X']"
2026-05-19T22:51:02.112999,1024p,Filters,median_filter,3,MF_k3_watermarked_image_1024_1.png,N:\Desktop\WORKING PAPERS\MVDW-NIKOS-PAPER\Version_22\attacked\1024p\watermarked_image_1024_1\Filters\MF_k3_watermarked_image_1024_1.png,0,81.25,0.0347,"[0, 2, 2, 5, 6, 'X', 'X', 2, 0, 'X', 4, 5, 1, 2, 6, 3]"
2026-05-19T22:51:03.576089,1024p,Filters,median_filter,5,MF_k5_watermarked_image_1024_1.png,N:\Desktop\WORKING PAPERS\MVDW-NIKOS-PAPER\Version_22\attacked\1024p\watermarked_image_1024_1\Filters\MF_k5_watermarked_image_1024_1.png,0,62.5,0.0903,"['X', 2, 'X', 5, 'X', 'X', 'X', 2, 0, 'X', 4, 5, 1, 2, 6, 3]"
2026-05-19T22:51:05.076356,1024p,Filters,median_filter,7,MF_k7_watermarked_image_1024_1.png,N:\Desktop\WORKING PAPERS\MVDW-NIKOS-PAPER\Version_22\attacked\1024p\watermarked_image_1024_1\Filters\MF_k7_watermarked_image_1024_1.png,0,12.5,0.276,"['X', 'X', 'X', 'X', 'X', 'X', 'X', 'X', 'X', 'X', 4, 'X', 'X', 'X', 6, 'X']"
2026-05-19T22:51:06.544691,1024p,Filters,sharpening,,SHARP_watermarked_image_1024_1.png,N:\Desktop\WORKING PAPERS\MVDW-NIKOS-PAPER\Version_22\attacked\1024p\watermarked_image_1024_1\Filters\SHARP_watermarked_image_1024_1.png,0,100.0,0.0052,"[0, 2, 2, 5, 6, 4, 3, 2, 0, 0, 4, 5, 1, 2, 6, 3]"
2026-05-19T22:51:08.017582,1024p,Filters,salt_pepper,0.05,SaP_p0.05_watermarked_image_1024_1.png,N:\Desktop\WORKING PAPERS\MVDW-NIKOS-PAPER\Version_22\attacked\1024p\watermarked_image_1024_1\Filters\SaP_p0.05_watermarked_image_1024_1.png,0,0.0,0.3212,"['X', 'X', 'X', 'X', 'X', 'X', 'X', 'X', 'X', 'X', 'X', 'X', 'X', 'X', 'X', 'X']"
2026-05-19T22:51:09.486834,1024p,Filters,salt_pepper,0.1,SaP_p0.1_watermarked_image_1024_1.png,N:\Desktop\WORKING PAPERS\MVDW-NIKOS-PAPER\Version_22\attacked\1024p\watermarked_image_1024_1\Filters\SaP_p0.1_watermarked_image_1024_1.png,0,12.5,0.3646,"['X', 'X', 'X', 'X', 6, 4, 'X', 'X', 'X', 'X', 'X', 'X', 'X', 'X', 'X', 'X']"
2026-05-19T22:51:10.973025,1024p,Filters,salt_pepper,0.2,SaP_p0.2_watermarked_image_1024_1.png,N:\Desktop\WORKING PAPERS\MVDW-NIKOS-PAPER\Version_22\attacked\1024p\watermarked_image_1024_1\Filters\SaP_p0.2_watermarked_image_1024_1.png,0,0.0,0.3385,"['X', 'X', 'X', 'X', 'X', 'X', 'X', 'X', 'X', 'X', 'X', 'X', 'X', 'X', 'X', 'X']"
2026-05-19T22:51:12.431090,1024p,Geometric,horizontal_flip,,HFLIP_watermarked_image_1024_1.png,N:\Desktop\WORKING PAPERS\MVDW-NIKOS-PAPER\Version_22\attacked\1024p\watermarked_image_1024_1\Geometric\HFLIP_watermarked_image_1024_1.png,0,12.5,0.3507,"['X', 'X', 'X', 'X', 'X', 'X', 'X', 2, 'X', 'X', 'X', 'X', 'X', 'X', 6, 'X']"
2026-05-19T22:51:13.887200,1024p,Geometric,rotation,-10,ROT_-10_watermarked_image_1024_1.png,N:\Desktop\WORKING PAPERS\MVDW-NIKOS-PAPER\Version_22\attacked\1024p\watermarked_image_1024_1\Geometric\ROT_-10_watermarked_image_1024_1.png,0,0.0,0.3767,"['X', 'X', 'X', 'X', 'X', 'X', 'X', 'X', 'X', 'X', 'X', 'X', 'X', 'X', 'X', 'X']"
2026-05-19T22:51:15.411607,1024p,Geometric,rotation,10,ROT_10_watermarked_image_1024_1.png,N:\Desktop\WORKING PAPERS\MVDW-NIKOS-PAPER\Version_22\attacked\1024p\watermarked_image_1024_1\Geometric\ROT_10_watermarked_image_1024_1.png,0,18.75,0.3872,"['X', 'X', 'X', 5, 'X', 'X', 'X', 'X', 'X', 'X', 'X', 'X', 'X', 'X', 6, 3]"
2026-05-19T22:51:16.882184,1024p,Geometric,rotation,5,ROT_5_watermarked_image_1024_1.png,N:\Desktop\WORKING PAPERS\MVDW-NIKOS-PAPER\Version_22\attacked\1024p\watermarked_image_1024_1\Geometric\ROT_5_watermarked_image_1024_1.png,0,6.25,0.3646,"['X', 'X', 'X', 5, 'X', 'X', 'X', 'X', 'X', 'X', 'X', 'X', 'X', 'X', 'X', 'X']"
2026-05-19T22:51:18.348491,1024p,Geometric,translation,x10_y10,TRANS_x10_y10_watermarked_image_1024_1.png,N:\Desktop\WORKING PAPERS\MVDW-NIKOS-PAPER\Version_22\attacked\1024p\watermarked_image_1024_1\Geometric\TRANS_x10_y10_watermarked_image_1024_1.png,0,18.75,0.2882,"['X', 'X', 'X', 'X', 6, 4, 'X', 'X', 'X', 'X', 4, 'X', 'X', 'X', 'X', 'X']"
2026-05-19T22:51:19.862454,1024p,Geometric,translation,x5_y5,TRANS_x5_y5_watermarked_image_1024_1.png,N:\Desktop\WORKING PAPERS\MVDW-NIKOS-PAPER\Version_22\attacked\1024p\watermarked_image_1024_1\Geometric\TRANS_x5_y5_watermarked_image_1024_1.png,0,6.25,0.3247,"[0, 'X', 'X', 'X', 'X', 'X', 'X', 'X', 'X', 'X', 'X', 'X', 'X', 'X', 'X', 'X']"
2026-05-19T22:51:21.374125,1024p,Resize,resize,110,RESIZE_110_watermarked_image_1024_1.png,N:\Desktop\WORKING PAPERS\MVDW-NIKOS-PAPER\Version_22\attacked\1024p\watermarked_image_1024_1\Resize\RESIZE_110_watermarked_image_1024_1.png,0,100.0,0.0,"[0, 2, 2, 5, 6, 4, 3, 2, 0, 0, 4, 5, 1, 2, 6, 3]"
2026-05-19T22:51:22.822849,1024p,Resize,resize,90,RESIZE_90_watermarked_image_1024_1.png,N:\Desktop\WORKING PAPERS\MVDW-NIKOS-PAPER\Version_22\attacked\1024p\watermarked_image_1024_1\Resize\RESIZE_90_watermarked_image_1024_1.png,0,56.25,0.0434,"[0, 2, 'X', 'X', 'X', 4, 3, 2, 'X', 0, 4, 'X', 'X', 2, 6, 'X']"
2026-05-19T22:51:24.278225,1024p,Crops,crop,BothHorizontal_25,Croped_BothHorizontal_25_watermarked_image_1024_2.png,N:\Desktop\WORKING PAPERS\MVDW-NIKOS-PAPER\Version_22\attacked\1024p\watermarked_image_1024_2\Crops\Croped_BothHorizontal_25_watermarked_image_1024_2.png,0,62.5,0.1163,"['X', 'X', 'X', 'X', 6, 4, 3, 2, 0, 0, 4, 5, 'X', 2, 'X', 3]"
2026-05-19T22:51:25.739158,1024p,Crops,crop,BothHorizontal_50,Croped_BothHorizontal_50_watermarked_image_1024_2.png,N:\Desktop\WORKING PAPERS\MVDW-NIKOS-PAPER\Version_22\attacked\1024p\watermarked_image_1024_2\Crops\Croped_BothHorizontal_50_watermarked_image_1024_2.png,0,50.0,0.1875,"['X', 'X', 'X', 'X', 6, 4, 3, 2, 0, 0, 4, 5, 'X', 'X', 'X', 'X']"
2026-05-19T22:51:27.141744,1024p,Crops,crop,BothHorizontal_75,Croped_BothHorizontal_75_watermarked_image_1024_2.png,N:\Desktop\WORKING PAPERS\MVDW-NIKOS-PAPER\Version_22\attacked\1024p\watermarked_image_1024_2\Crops\Croped_BothHorizontal_75_watermarked_image_1024_2.png,0,37.5,0.2222,"['X', 'X', 'X', 'X', 6, 'X', 'X', 2, 0, 0, 4, 5, 'X', 'X', 'X', 'X']"
2026-05-19T22:51:28.565729,1024p,Crops,crop,BothVertical_25,Croped_BothVertical_25_watermarked_image_1024_2.png,N:\Desktop\WORKING PAPERS\MVDW-NIKOS-PAPER\Version_22\attacked\1024p\watermarked_image_1024_2\Crops\Croped_BothVertical_25_watermarked_image_1024_2.png,0,56.25,0.0729,"['X', 2, 2, 5, 'X', 4, 3, 'X', 'X', 0, 4, 'X', 'X', 2, 6, 'X']"
2026-05-19T22:51:30.015961,1024p,Crops,crop,BothVertical_50,Croped_BothVertical_50_watermarked_image_1024_2.png,N:\Desktop\WORKING PAPERS\MVDW-NIKOS-PAPER\Version_22\attacked\1024p\watermarked_image_1024_2\Crops\Croped_BothVertical_50_watermarked_image_1024_2.png,0,50.0,0.1875,"['X', 2, 2, 'X', 'X', 4, 3, 'X', 'X', 0, 4, 'X', 'X', 2, 6, 'X']"
2026-05-19T22:51:31.440978,1024p,Crops,crop,BothVertical_75,Croped_BothVertical_75_watermarked_image_1024_2.png,N:\Desktop\WORKING PAPERS\MVDW-NIKOS-PAPER\Version_22\attacked\1024p\watermarked_image_1024_2\Crops\Croped_BothVertical_75_watermarked_image_1024_2.png,0,31.25,0.2361,"['X', 2, 2, 'X', 'X', 4, 'X', 'X', 'X', 'X', 'X', 'X', 'X', 2, 6, 'X']"
2026-05-19T22:51:32.903031,1024p,Crops,crop,Bottom_25,Croped_Bottom_25_watermarked_image_1024_2.png,N:\Desktop\WORKING PAPERS\MVDW-NIKOS-PAPER\Version_22\attacked\1024p\watermarked_image_1024_2\Crops\Croped_Bottom_25_watermarked_image_1024_2.png,0,75.0,0.0903,"[0, 2, 2, 5, 6, 4, 3, 2, 0, 0, 4, 5, 'X', 'X', 'X', 'X']"
2026-05-19T22:51:34.347278,1024p,Crops,crop,Bottom_50,Croped_Bottom_50_watermarked_image_1024_2.png,N:\Desktop\WORKING PAPERS\MVDW-NIKOS-PAPER\Version_22\attacked\1024p\watermarked_image_1024_2\Crops\Croped_Bottom_50_watermarked_image_1024_2.png,0,50.0,0.184,"[0, 2, 2, 5, 6, 4, 3, 2, 'X', 'X', 'X', 'X', 'X', 'X', 'X', 'X']"
2026-05-19T22:51:35.793043,1024p,Crops,crop,Bottom_75,Croped_Bottom_75_watermarked_image_1024_2.png,N:\Desktop\WORKING PAPERS\MVDW-NIKOS-PAPER\Version_22\attacked\1024p\watermarked_image_1024_2\Crops\Croped_Bottom_75_watermarked_image_1024_2.png,0,25.0,0.2708,"[0, 2, 2, 5, 'X', 'X', 'X', 'X', 'X', 'X', 'X', 'X', 'X', 'X', 'X', 'X']"
2026-05-19T22:51:37.263665,1024p,Crops,crop,Left_25,Croped_Left_25_watermarked_image_1024_2.png,N:\Desktop\WORKING PAPERS\MVDW-NIKOS-PAPER\Version_22\attacked\1024p\watermarked_image_1024_2\Crops\Croped_Left_25_watermarked_image_1024_2.png,0,75.0,0.0903,"['X', 2, 2, 5, 'X', 4, 3, 2, 'X', 0, 4, 5, 'X', 2, 6, 3]"
2026-05-19T22:51:38.692207,1024p,Crops,crop,Left_50,Croped_Left_50_watermarked_image_1024_2.png,N:\Desktop\WORKING PAPERS\MVDW-NIKOS-PAPER\Version_22\attacked\1024p\watermarked_image_1024_2\Crops\Croped_Left_50_watermarked_image_1024_2.png,0,50.0,0.184,"['X', 'X', 2, 5, 'X', 'X', 3, 2, 'X', 'X', 4, 5, 'X', 'X', 6, 3]"
2026-05-19T22:51:40.129942,1024p,Crops,crop,Left_75,Croped_Left_75_watermarked_image_1024_2.png,N:\Desktop\WORKING PAPERS\MVDW-NIKOS-PAPER\Version_22\attacked\1024p\watermarked_image_1024_2\Crops\Croped_Left_75_watermarked_image_1024_2.png,0,25.0,0.2708,"['X', 'X', 'X', 5, 'X', 'X', 'X', 2, 'X', 'X', 'X', 5, 'X', 'X', 'X', 3]"
2026-05-19T22:51:41.598148,1024p,Crops,crop,Right_25,Croped_Right_25_watermarked_image_1024_2.png,N:\Desktop\WORKING PAPERS\MVDW-NIKOS-PAPER\Version_22\attacked\1024p\watermarked_image_1024_2\Crops\Croped_Right_25_watermarked_image_1024_2.png,0,75.0,0.0972,"[0, 2, 2, 'X', 6, 4, 3, 'X', 0, 0, 4, 'X', 1, 2, 6, 'X']"
2026-05-19T22:51:43.020670,1024p,Crops,crop,Right_50,Croped_Right_50_watermarked_image_1024_2.png,N:\Desktop\WORKING PAPERS\MVDW-NIKOS-PAPER\Version_22\attacked\1024p\watermarked_image_1024_2\Crops\Croped_Right_50_watermarked_image_1024_2.png,0,50.0,0.184,"[0, 2, 'X', 'X', 6, 4, 'X', 'X', 0, 0, 'X', 'X', 1, 2, 'X', 'X']"
2026-05-19T22:51:44.421371,1024p,Crops,crop,Right_75,Croped_Right_75_watermarked_image_1024_2.png,N:\Desktop\WORKING PAPERS\MVDW-NIKOS-PAPER\Version_22\attacked\1024p\watermarked_image_1024_2\Crops\Croped_Right_75_watermarked_image_1024_2.png,0,25.0,0.2778,"[0, 'X', 'X', 'X', 6, 'X', 'X', 'X', 0, 'X', 'X', 'X', 1, 'X', 'X', 'X']"
2026-05-19T22:51:45.950365,1024p,Crops,crop,Top_25,Croped_Top_25_watermarked_image_1024_2.png,N:\Desktop\WORKING PAPERS\MVDW-NIKOS-PAPER\Version_22\attacked\1024p\watermarked_image_1024_2\Crops\Croped_Top_25_watermarked_image_1024_2.png,0,75.0,0.0972,"['X', 'X', 'X', 'X', 6, 4, 3, 2, 0, 0, 4, 5, 1, 2, 6, 3]"
2026-05-19T22:51:47.361627,1024p,Crops,crop,Top_50,Croped_Top_50_watermarked_image_1024_2.png,N:\Desktop\WORKING PAPERS\MVDW-NIKOS-PAPER\Version_22\attacked\1024p\watermarked_image_1024_2\Crops\Croped_Top_50_watermarked_image_1024_2.png,0,50.0,0.184,"['X', 'X', 'X', 'X', 'X', 'X', 'X', 'X', 0, 0, 4, 5, 1, 2, 6, 3]"
2026-05-19T22:51:48.742734,1024p,Crops,crop,Top_75,Croped_Top_75_watermarked_image_1024_2.png,N:\Desktop\WORKING PAPERS\MVDW-NIKOS-PAPER\Version_22\attacked\1024p\watermarked_image_1024_2\Crops\Croped_Top_75_watermarked_image_1024_2.png,0,25.0,0.2778,"['X', 'X', 'X', 'X', 'X', 'X', 'X', 'X', 'X', 'X', 'X', 'X', 1, 2, 6, 3]"
2026-05-19T22:51:50.254284,1024p,Filters,jpeg,50,Compressed_q50_watermarked_image_1024_2.jpg,N:\Desktop\WORKING PAPERS\MVDW-NIKOS-PAPER\Version_22\attacked\1024p\watermarked_image_1024_2\Filters\Compressed_q50_watermarked_image_1024_2.jpg,0,6.25,0.3958,"['X', 'X', 'X', 'X', 6, 'X', 'X', 'X', 'X', 'X', 'X', 'X', 'X', 'X', 'X', 'X']"
2026-05-19T22:51:51.763281,1024p,Filters,jpeg,70,Compressed_q70_watermarked_image_1024_2.jpg,N:\Desktop\WORKING PAPERS\MVDW-NIKOS-PAPER\Version_22\attacked\1024p\watermarked_image_1024_2\Filters\Compressed_q70_watermarked_image_1024_2.jpg,0,81.25,0.0347,"[0, 2, 2, 5, 'X', 4, 3, 'X', 0, 0, 4, 5, 'X', 2, 6, 3]"
2026-05-19T22:51:53.238100,1024p,Filters,jpeg,90,Compressed_q90_watermarked_image_1024_2.jpg,N:\Desktop\WORKING PAPERS\MVDW-NIKOS-PAPER\Version_22\attacked\1024p\watermarked_image_1024_2\Filters\Compressed_q90_watermarked_image_1024_2.jpg,0,100.0,0.0,"[0, 2, 2, 5, 6, 4, 3, 2, 0, 0, 4, 5, 1, 2, 6, 3]"
2026-05-19T22:51:54.773994,1024p,Filters,gaussian_blur,3,GB_k3_watermarked_image_1024_2.png,N:\Desktop\WORKING PAPERS\MVDW-NIKOS-PAPER\Version_22\attacked\1024p\watermarked_image_1024_2\Filters\GB_k3_watermarked_image_1024_2.png,0,12.5,0.3281,"[0, 'X', 'X', 'X', 'X', 'X', 3, 'X', 'X', 'X', 'X', 'X', 'X', 'X', 'X', 'X']"
2026-05-19T22:51:56.315899,1024p,Filters,gaussian_blur,5,GB_k5_watermarked_image_1024_2.png,N:\Desktop\WORKING PAPERS\MVDW-NIKOS-PAPER\Version_22\attacked\1024p\watermarked_image_1024_2\Filters\GB_k5_watermarked_image_1024_2.png,0,0.0,0.3663,"['X', 'X', 'X', 'X', 'X', 'X', 'X', 'X', 'X', 'X', 'X', 'X', 'X', 'X', 'X', 'X']"
2026-05-19T22:51:57.808855,1024p,Filters,gaussian_blur,7,GB_k7_watermarked_image_1024_2.png,N:\Desktop\WORKING PAPERS\MVDW-NIKOS-PAPER\Version_22\attacked\1024p\watermarked_image_1024_2\Filters\GB_k7_watermarked_image_1024_2.png,0,0.0,0.3524,"['X', 'X', 'X', 'X', 'X', 'X', 'X', 'X', 'X', 'X', 'X', 'X', 'X', 'X', 'X', 'X']"
2026-05-19T22:51:59.298294,1024p,Filters,gaussian_noise,0.05,GN_lvl0.05_watermarked_image_1024_2.png,N:\Desktop\WORKING PAPERS\MVDW-NIKOS-PAPER\Version_22\attacked\1024p\watermarked_image_1024_2\Filters\GN_lvl0.05_watermarked_image_1024_2.png,0,100.0,0.0,"[0, 2, 2, 5, 6, 4, 3, 2, 0, 0, 4, 5, 1, 2, 6, 3]"
2026-05-19T22:52:00.819013,1024p,Filters,gaussian_noise,0.1,GN_lvl0.1_watermarked_image_1024_2.png,N:\Desktop\WORKING PAPERS\MVDW-NIKOS-PAPER\Version_22\attacked\1024p\watermarked_image_1024_2\Filters\GN_lvl0.1_watermarked_image_1024_2.png,0,100.0,0.0,"[0, 2, 2, 5, 6, 4, 3, 2, 0, 0, 4, 5, 1, 2, 6, 3]"
2026-05-19T22:52:02.315990,1024p,Filters,gaussian_noise,0.2,GN_lvl0.2_watermarked_image_1024_2.png,N:\Desktop\WORKING PAPERS\MVDW-NIKOS-PAPER\Version_22\attacked\1024p\watermarked_image_1024_2\Filters\GN_lvl0.2_watermarked_image_1024_2.png,0,100.0,0.0,"[0, 2, 2, 5, 6, 4, 3, 2, 0, 0, 4, 5, 1, 2, 6, 3]"
2026-05-19T22:52:03.828071,1024p,Filters,gamma,,Gamma_watermarked_image_1024_2.png,N:\Desktop\WORKING PAPERS\MVDW-NIKOS-PAPER\Version_22\attacked\1024p\watermarked_image_1024_2\Filters\Gamma_watermarked_image_1024_2.png,0,68.75,0.0503,"['X', 2, 2, 5, 'X', 'X', 'X', 2, 'X', 0, 4, 5, 1, 2, 6, 3]"
2026-05-19T22:52:05.388676,1024p,Filters,histogram_equalization,,HEQ_watermarked_image_1024_2.png,N:\Desktop\WORKING PAPERS\MVDW-NIKOS-PAPER\Version_22\attacked\1024p\watermarked_image_1024_2\Filters\HEQ_watermarked_image_1024_2.png,0,100.0,0.0,"[0, 2, 2, 5, 6, 4, 3, 2, 0, 0, 4, 5, 1, 2, 6, 3]"
2026-05-19T22:52:06.953098,1024p,Filters,motion_blur,3,MB_k3_watermarked_image_1024_2.png,N:\Desktop\WORKING PAPERS\MVDW-NIKOS-PAPER\Version_22\attacked\1024p\watermarked_image_1024_2\Filters\MB_k3_watermarked_image_1024_2.png,0,100.0,0.0,"[0, 2, 2, 5, 6, 4, 3, 2, 0, 0, 4, 5, 1, 2, 6, 3]"
2026-05-19T22:52:08.487611,1024p,Filters,motion_blur,5,MB_k5_watermarked_image_1024_2.png,N:\Desktop\WORKING PAPERS\MVDW-NIKOS-PAPER\Version_22\attacked\1024p\watermarked_image_1024_2\Filters\MB_k5_watermarked_image_1024_2.png,0,100.0,0.0,"[0, 2, 2, 5, 6, 4, 3, 2, 0, 0, 4, 5, 1, 2, 6, 3]"
2026-05-19T22:52:10.010494,1024p,Filters,motion_blur,7,MB_k7_watermarked_image_1024_2.png,N:\Desktop\WORKING PAPERS\MVDW-NIKOS-PAPER\Version_22\attacked\1024p\watermarked_image_1024_2\Filters\MB_k7_watermarked_image_1024_2.png,0,87.5,0.0243,"[0, 2, 2, 'X', 6, 'X', 3, 2, 0, 0, 4, 5, 1, 2, 6, 3]"
2026-05-19T22:52:11.553938,1024p,Filters,mean_filter,3,MEAN_k3_watermarked_image_1024_2.png,N:\Desktop\WORKING PAPERS\MVDW-NIKOS-PAPER\Version_22\attacked\1024p\watermarked_image_1024_2\Filters\MEAN_k3_watermarked_image_1024_2.png,0,93.75,0.0017,"[0, 2, 2, 5, 'X', 4, 3, 2, 0, 0, 4, 5, 1, 2, 6, 3]"
2026-05-19T22:52:13.050170,1024p,Filters,mean_filter,5,MEAN_k5_watermarked_image_1024_2.png,N:\Desktop\WORKING PAPERS\MVDW-NIKOS-PAPER\Version_22\attacked\1024p\watermarked_image_1024_2\Filters\MEAN_k5_watermarked_image_1024_2.png,0,37.5,0.1354,"['X', 'X', 2, 'X', 'X', 'X', 3, 'X', 0, 'X', 'X', 'X', 1, 2, 'X', 3]"
2026-05-19T22:52:14.556510,1024p,Filters,median_filter,3,MF_k3_watermarked_image_1024_2.png,N:\Desktop\WORKING PAPERS\MVDW-NIKOS-PAPER\Version_22\attacked\1024p\watermarked_image_1024_2\Filters\MF_k3_watermarked_image_1024_2.png,0,81.25,0.0399,"[0, 2, 2, 'X', 'X', 4, 3, 2, 0, 'X', 4, 5, 1, 2, 6, 3]"
2026-05-19T22:52:16.108492,1024p,Filters,median_filter,5,MF_k5_watermarked_image_1024_2.png,N:\Desktop\WORKING PAPERS\MVDW-NIKOS-PAPER\Version_22\attacked\1024p\watermarked_image_1024_2\Filters\MF_k5_watermarked_image_1024_2.png,0,31.25,0.1406,"[0, 'X', 2, 'X', 'X', 'X', 'X', 'X', 'X', 'X', 'X', 'X', 1, 2, 'X', 3]"
2026-05-19T22:52:17.624691,1024p,Filters,median_filter,7,MF_k7_watermarked_image_1024_2.png,N:\Desktop\WORKING PAPERS\MVDW-NIKOS-PAPER\Version_22\attacked\1024p\watermarked_image_1024_2\Filters\MF_k7_watermarked_image_1024_2.png,0,12.5,0.3507,"['X', 2, 'X', 'X', 'X', 'X', 'X', 'X', 'X', 'X', 'X', 'X', 'X', 'X', 6, 'X']"
2026-05-19T22:52:19.152766,1024p,Filters,sharpening,,SHARP_watermarked_image_1024_2.png,N:\Desktop\WORKING PAPERS\MVDW-NIKOS-PAPER\Version_22\attacked\1024p\watermarked_image_1024_2\Filters\SHARP_watermarked_image_1024_2.png,0,100.0,0.0,"[0, 2, 2, 5, 6, 4, 3, 2, 0, 0, 4, 5, 1, 2, 6, 3]"
2026-05-19T22:52:20.743898,1024p,Filters,salt_pepper,0.05,SaP_p0.05_watermarked_image_1024_2.png,N:\Desktop\WORKING PAPERS\MVDW-NIKOS-PAPER\Version_22\attacked\1024p\watermarked_image_1024_2\Filters\SaP_p0.05_watermarked_image_1024_2.png,0,6.25,0.3108,"['X', 'X', 'X', 'X', 'X', 'X', 'X', 2, 'X', 'X', 'X', 'X', 'X', 'X', 'X', 'X']"
2026-05-19T22:52:22.304975,1024p,Filters,salt_pepper,0.1,SaP_p0.1_watermarked_image_1024_2.png,N:\Desktop\WORKING PAPERS\MVDW-NIKOS-PAPER\Version_22\attacked\1024p\watermarked_image_1024_2\Filters\SaP_p0.1_watermarked_image_1024_2.png,0,0.0,0.3785,"['X', 'X', 'X', 'X', 'X', 'X', 'X', 'X', 'X', 'X', 'X', 'X', 'X', 'X', 'X', 'X']"
2026-05-19T22:52:23.817827,1024p,Filters,salt_pepper,0.2,SaP_p0.2_watermarked_image_1024_2.png,N:\Desktop\WORKING PAPERS\MVDW-NIKOS-PAPER\Version_22\attacked\1024p\watermarked_image_1024_2\Filters\SaP_p0.2_watermarked_image_1024_2.png,0,0.0,0.3785,"['X', 'X', 'X', 'X', 'X', 'X', 'X', 'X', 'X', 'X', 'X', 'X', 'X', 'X', 'X', 'X']"
2026-05-19T22:52:25.398016,1024p,Geometric,horizontal_flip,,HFLIP_watermarked_image_1024_2.png,N:\Desktop\WORKING PAPERS\MVDW-NIKOS-PAPER\Version_22\attacked\1024p\watermarked_image_1024_2\Geometric\HFLIP_watermarked_image_1024_2.png,0,6.25,0.375,"['X', 'X', 'X', 'X', 'X', 'X', 'X', 'X', 'X', 'X', 'X', 5, 'X', 'X', 'X', 'X']"
2026-05-19T22:52:26.965105,1024p,Geometric,rotation,-10,ROT_-10_watermarked_image_1024_2.png,N:\Desktop\WORKING PAPERS\MVDW-NIKOS-PAPER\Version_22\attacked\1024p\watermarked_image_1024_2\Geometric\ROT_-10_watermarked_image_1024_2.png,0,18.75,0.3733,"['X', 'X', 'X', 5, 'X', 'X', 'X', 'X', 'X', 'X', 4, 'X', 'X', 'X', 'X', 3]"
2026-05-19T22:52:28.474966,1024p,Geometric,rotation,10,ROT_10_watermarked_image_1024_2.png,N:\Desktop\WORKING PAPERS\MVDW-NIKOS-PAPER\Version_22\attacked\1024p\watermarked_image_1024_2\Geometric\ROT_10_watermarked_image_1024_2.png,0,0.0,0.4045,"['X', 'X', 'X', 'X', 'X', 'X', 'X', 'X', 'X', 'X', 'X', 'X', 'X', 'X', 'X', 'X']"
2026-05-19T22:52:30.042021,1024p,Geometric,rotation,5,ROT_5_watermarked_image_1024_2.png,N:\Desktop\WORKING PAPERS\MVDW-NIKOS-PAPER\Version_22\attacked\1024p\watermarked_image_1024_2\Geometric\ROT_5_watermarked_image_1024_2.png,0,0.0,0.401,"['X', 'X', 'X', 'X', 'X', 'X', 'X', 'X', 'X', 'X', 'X', 'X', 'X', 'X', 'X', 'X']"
2026-05-19T22:52:31.641018,1024p,Geometric,translation,x10_y10,TRANS_x10_y10_watermarked_image_1024_2.png,N:\Desktop\WORKING PAPERS\MVDW-NIKOS-PAPER\Version_22\attacked\1024p\watermarked_image_1024_2\Geometric\TRANS_x10_y10_watermarked_image_1024_2.png,0,0.0,0.2778,"['X', 'X', 'X', 'X', 'X', 'X', 'X', 'X', 'X', 'X', 'X', 'X', 'X', 'X', 'X', 'X']"
2026-05-19T22:52:33.201654,1024p,Geometric,translation,x5_y5,TRANS_x5_y5_watermarked_image_1024_2.png,N:\Desktop\WORKING PAPERS\MVDW-NIKOS-PAPER\Version_22\attacked\1024p\watermarked_image_1024_2\Geometric\TRANS_x5_y5_watermarked_image_1024_2.png,0,18.75,0.309,"[0, 'X', 'X', 'X', 'X', 'X', 'X', 'X', 0, 0, 'X', 'X', 'X', 'X', 'X', 'X']"
2026-05-19T22:52:34.751739,1024p,Resize,resize,110,RESIZE_110_watermarked_image_1024_2.png,N:\Desktop\WORKING PAPERS\MVDW-NIKOS-PAPER\Version_22\attacked\1024p\watermarked_image_1024_2\Resize\RESIZE_110_watermarked_image_1024_2.png,0,100.0,0.0,"[0, 2, 2, 5, 6, 4, 3, 2, 0, 0, 4, 5, 1, 2, 6, 3]"
2026-05-19T22:52:36.292968,1024p,Resize,resize,90,RESIZE_90_watermarked_image_1024_2.png,N:\Desktop\WORKING PAPERS\MVDW-NIKOS-PAPER\Version_22\attacked\1024p\watermarked_image_1024_2\Resize\RESIZE_90_watermarked_image_1024_2.png,0,62.5,0.0347,"[0, 'X', 'X', 'X', 6, 4, 3, 2, 0, 0, 4, 'X', 1, 'X', 6, 'X']"
2026-05-19T22:52:37.783886,1024p,Crops,crop,BothHorizontal_25,Croped_BothHorizontal_25_watermarked_image_1024_3.png,N:\Desktop\WORKING PAPERS\MVDW-NIKOS-PAPER\Version_22\attacked\1024p\watermarked_image_1024_3\Crops\Croped_BothHorizontal_25_watermarked_image_1024_3.png,0,68.75,0.1215,"['X', 'X', 'X', 'X', 6, 4, 3, 2, 0, 0, 4, 5, 1, 2, 6, 'X']"
2026-05-19T22:52:39.256651,1024p,Crops,crop,BothHorizontal_50,Croped_BothHorizontal_50_watermarked_image_1024_3.png,N:\Desktop\WORKING PAPERS\MVDW-NIKOS-PAPER\Version_22\attacked\1024p\watermarked_image_1024_3\Crops\Croped_BothHorizontal_50_watermarked_image_1024_3.png,0,50.0,0.1875,"['X', 'X', 'X', 'X', 6, 4, 3, 2, 0, 0, 4, 5, 'X', 'X', 'X', 'X']"
2026-05-19T22:52:40.689496,1024p,Crops,crop,BothHorizontal_75,Croped_BothHorizontal_75_watermarked_image_1024_3.png,N:\Desktop\WORKING PAPERS\MVDW-NIKOS-PAPER\Version_22\attacked\1024p\watermarked_image_1024_3\Crops\Croped_BothHorizontal_75_watermarked_image_1024_3.png,0,18.75,0.2899,"['X', 'X', 'X', 'X', 'X', 4, 'X', 2, 'X', 'X', 'X', 5, 'X', 'X', 'X', 'X']"
2026-05-19T22:52:42.166787,1024p,Crops,crop,BothVertical_25,Croped_BothVertical_25_watermarked_image_1024_3.png,N:\Desktop\WORKING PAPERS\MVDW-NIKOS-PAPER\Version_22\attacked\1024p\watermarked_image_1024_3\Crops\Croped_BothVertical_25_watermarked_image_1024_3.png,0,56.25,0.1406,"['X', 2, 2, 'X', 'X', 4, 3, 2, 'X', 0, 4, 'X', 'X', 2, 6, 'X']"
2026-05-19T22:52:43.609428,1024p,Crops,crop,BothVertical_50,Croped_BothVertical_50_watermarked_image_1024_3.png,N:\Desktop\WORKING PAPERS\MVDW-NIKOS-PAPER\Version_22\attacked\1024p\watermarked_image_1024_3\Crops\Croped_BothVertical_50_watermarked_image_1024_3.png,0,50.0,0.1875,"['X', 2, 2, 'X', 'X', 4, 3, 'X', 'X', 0, 4, 'X', 'X', 2, 6, 'X']"
2026-05-19T22:52:45.019651,1024p,Crops,crop,BothVertical_75,Croped_BothVertical_75_watermarked_image_1024_3.png,N:\Desktop\WORKING PAPERS\MVDW-NIKOS-PAPER\Version_22\attacked\1024p\watermarked_image_1024_3\Crops\Croped_BothVertical_75_watermarked_image_1024_3.png,0,50.0,0.1875,"['X', 2, 2, 'X', 'X', 4, 3, 'X', 'X', 0, 4, 'X', 'X', 2, 6, 'X']"
2026-05-19T22:52:46.478751,1024p,Crops,crop,Bottom_25,Croped_Bottom_25_watermarked_image_1024_3.png,N:\Desktop\WORKING PAPERS\MVDW-NIKOS-PAPER\Version_22\attacked\1024p\watermarked_image_1024_3\Crops\Croped_Bottom_25_watermarked_image_1024_3.png,0,75.0,0.0903,"[0, 2, 2, 5, 6, 4, 3, 2, 0, 0, 4, 5, 'X', 'X', 'X', 'X']"
2026-05-19T22:52:47.919180,1024p,Crops,crop,Bottom_50,Croped_Bottom_50_watermarked_image_1024_3.png,N:\Desktop\WORKING PAPERS\MVDW-NIKOS-PAPER\Version_22\attacked\1024p\watermarked_image_1024_3\Crops\Croped_Bottom_50_watermarked_image_1024_3.png,0,50.0,0.184,"[0, 2, 2, 5, 6, 4, 3, 2, 'X', 'X', 'X', 'X', 'X', 'X', 'X', 'X']"
2026-05-19T22:52:49.309470,1024p,Crops,crop,Bottom_75,Croped_Bottom_75_watermarked_image_1024_3.png,N:\Desktop\WORKING PAPERS\MVDW-NIKOS-PAPER\Version_22\attacked\1024p\watermarked_image_1024_3\Crops\Croped_Bottom_75_watermarked_image_1024_3.png,0,25.0,0.2708,"[0, 2, 2, 5, 'X', 'X', 'X', 'X', 'X', 'X', 'X', 'X', 'X', 'X', 'X', 'X']"
2026-05-19T22:52:50.772034,1024p,Crops,crop,Left_25,Croped_Left_25_watermarked_image_1024_3.png,N:\Desktop\WORKING PAPERS\MVDW-NIKOS-PAPER\Version_22\attacked\1024p\watermarked_image_1024_3\Crops\Croped_Left_25_watermarked_image_1024_3.png,0,75.0,0.0903,"['X', 2, 2, 5, 'X', 4, 3, 2, 'X', 0, 4, 5, 'X', 2, 6, 3]"
2026-05-19T22:52:52.182938,1024p,Crops,crop,Left_50,Croped_Left_50_watermarked_image_1024_3.png,N:\Desktop\WORKING PAPERS\MVDW-NIKOS-PAPER\Version_22\attacked\1024p\watermarked_image_1024_3\Crops\Croped_Left_50_watermarked_image_1024_3.png,0,50.0,0.184,"['X', 'X', 2, 5, 'X', 'X', 3, 2, 'X', 'X', 4, 5, 'X', 'X', 6, 3]"
2026-05-19T22:52:53.625725,1024p,Crops,crop,Left_75,Croped_Left_75_watermarked_image_1024_3.png,N:\Desktop\WORKING PAPERS\MVDW-NIKOS-PAPER\Version_22\attacked\1024p\watermarked_image_1024_3\Crops\Croped_Left_75_watermarked_image_1024_3.png,0,25.0,0.2708,"['X', 'X', 'X', 5, 'X', 'X', 'X', 2, 'X', 'X', 'X', 5, 'X', 'X', 'X', 3]"
2026-05-19T22:52:55.160489,1024p,Crops,crop,Right_25,Croped_Right_25_watermarked_image_1024_3.png,N:\Desktop\WORKING PAPERS\MVDW-NIKOS-PAPER\Version_22\attacked\1024p\watermarked_image_1024_3\Crops\Croped_Right_25_watermarked_image_1024_3.png,0,75.0,0.0972,"[0, 2, 2, 'X', 6, 4, 3, 'X', 0, 0, 4, 'X', 1, 2, 6, 'X']"
2026-05-19T22:52:56.624839,1024p,Crops,crop,Right_50,Croped_Right_50_watermarked_image_1024_3.png,N:\Desktop\WORKING PAPERS\MVDW-NIKOS-PAPER\Version_22\attacked\1024p\watermarked_image_1024_3\Crops\Croped_Right_50_watermarked_image_1024_3.png,0,50.0,0.184,"[0, 2, 'X', 'X', 6, 4, 'X', 'X', 0, 0, 'X', 'X', 1, 2, 'X', 'X']"
2026-05-19T22:52:58.083736,1024p,Crops,crop,Right_75,Croped_Right_75_watermarked_image_1024_3.png,N:\Desktop\WORKING PAPERS\MVDW-NIKOS-PAPER\Version_22\attacked\1024p\watermarked_image_1024_3\Crops\Croped_Right_75_watermarked_image_1024_3.png,0,25.0,0.2778,"[0, 'X', 'X', 'X', 6, 'X', 'X', 'X', 0, 'X', 'X', 'X', 1, 'X', 'X', 'X']"
2026-05-19T22:52:59.573700,1024p,Crops,crop,Top_25,Croped_Top_25_watermarked_image_1024_3.png,N:\Desktop\WORKING PAPERS\MVDW-NIKOS-PAPER\Version_22\attacked\1024p\watermarked_image_1024_3\Crops\Croped_Top_25_watermarked_image_1024_3.png,0,75.0,0.0972,"['X', 'X', 'X', 'X', 6, 4, 3, 2, 0, 0, 4, 5, 1, 2, 6, 3]"
2026-05-19T22:53:01.047432,1024p,Crops,crop,Top_50,Croped_Top_50_watermarked_image_1024_3.png,N:\Desktop\WORKING PAPERS\MVDW-NIKOS-PAPER\Version_22\attacked\1024p\watermarked_image_1024_3\Crops\Croped_Top_50_watermarked_image_1024_3.png,0,50.0,0.184,"['X', 'X', 'X', 'X', 'X', 'X', 'X', 'X', 0, 0, 4, 5, 1, 2, 6, 3]"
2026-05-19T22:53:02.474038,1024p,Crops,crop,Top_75,Croped_Top_75_watermarked_image_1024_3.png,N:\Desktop\WORKING PAPERS\MVDW-NIKOS-PAPER\Version_22\attacked\1024p\watermarked_image_1024_3\Crops\Croped_Top_75_watermarked_image_1024_3.png,0,25.0,0.2778,"['X', 'X', 'X', 'X', 'X', 'X', 'X', 'X', 'X', 'X', 'X', 'X', 1, 2, 6, 3]"
2026-05-19T22:53:03.970727,1024p,Filters,jpeg,50,Compressed_q50_watermarked_image_1024_3.jpg,N:\Desktop\WORKING PAPERS\MVDW-NIKOS-PAPER\Version_22\attacked\1024p\watermarked_image_1024_3\Filters\Compressed_q50_watermarked_image_1024_3.jpg,0,0.0,0.3281,"['X', 'X', 'X', 'X', 'X', 'X', 'X', 'X', 'X', 'X', 'X', 'X', 'X', 'X', 'X', 'X']"
2026-05-19T22:53:05.500843,1024p,Filters,jpeg,70,Compressed_q70_watermarked_image_1024_3.jpg,N:\Desktop\WORKING PAPERS\MVDW-NIKOS-PAPER\Version_22\attacked\1024p\watermarked_image_1024_3\Filters\Compressed_q70_watermarked_image_1024_3.jpg,0,25.0,0.2326,"['X', 2, 'X', 'X', 6, 'X', 'X', 'X', 'X', 'X', 'X', 'X', 'X', 2, 6, 'X']"
2026-05-19T22:53:07.028493,1024p,Filters,jpeg,90,Compressed_q90_watermarked_image_1024_3.jpg,N:\Desktop\WORKING PAPERS\MVDW-NIKOS-PAPER\Version_22\attacked\1024p\watermarked_image_1024_3\Filters\Compressed_q90_watermarked_image_1024_3.jpg,0,81.25,0.0174,"[0, 2, 2, 5, 6, 4, 'X', 'X', 0, 0, 4, 'X', 1, 2, 6, 3]"
2026-05-19T22:53:08.544011,1024p,Filters,gaussian_blur,3,GB_k3_watermarked_image_1024_3.png,N:\Desktop\WORKING PAPERS\MVDW-NIKOS-PAPER\Version_22\attacked\1024p\watermarked_image_1024_3\Filters\GB_k3_watermarked_image_1024_3.png,0,31.25,0.2882,"['X', 2, 2, 'X', 'X', 'X', 3, 'X', 'X', 'X', 'X', 5, 'X', 'X', 6, 'X']"
2026-05-19T22:53:10.037919,1024p,Filters,gaussian_blur,5,GB_k5_watermarked_image_1024_3.png,N:\Desktop\WORKING PAPERS\MVDW-NIKOS-PAPER\Version_22\attacked\1024p\watermarked_image_1024_3\Filters\GB_k5_watermarked_image_1024_3.png,0,25.0,0.3125,"['X', 'X', 'X', 'X', 6, 4, 'X', 'X', 'X', 'X', 'X', 5, 1, 'X', 'X', 'X']"
2026-05-19T22:53:11.578630,1024p,Filters,gaussian_blur,7,GB_k7_watermarked_image_1024_3.png,N:\Desktop\WORKING PAPERS\MVDW-NIKOS-PAPER\Version_22\attacked\1024p\watermarked_image_1024_3\Filters\GB_k7_watermarked_image_1024_3.png,0,18.75,0.309,"['X', 2, 'X', 'X', 'X', 'X', 'X', 'X', 'X', 'X', 'X', 5, 'X', 'X', 'X', 3]"
2026-05-19T22:53:13.102115,1024p,Filters,gaussian_noise,0.05,GN_lvl0.05_watermarked_image_1024_3.png,N:\Desktop\WORKING PAPERS\MVDW-NIKOS-PAPER\Version_22\attacked\1024p\watermarked_image_1024_3\Filters\GN_lvl0.05_watermarked_image_1024_3.png,0,100.0,0.0,"[0, 2, 2, 5, 6, 4, 3, 2, 0, 0, 4, 5, 1, 2, 6, 3]"
2026-05-19T22:53:14.634966,1024p,Filters,gaussian_noise,0.1,GN_lvl0.1_watermarked_image_1024_3.png,N:\Desktop\WORKING PAPERS\MVDW-NIKOS-PAPER\Version_22\attacked\1024p\watermarked_image_1024_3\Filters\GN_lvl0.1_watermarked_image_1024_3.png,0,100.0,0.0,"[0, 2, 2, 5, 6, 4, 3, 2, 0, 0, 4, 5, 1, 2, 6, 3]"
2026-05-19T22:53:16.150740,1024p,Filters,gaussian_noise,0.2,GN_lvl0.2_watermarked_image_1024_3.png,N:\Desktop\WORKING PAPERS\MVDW-NIKOS-PAPER\Version_22\attacked\1024p\watermarked_image_1024_3\Filters\GN_lvl0.2_watermarked_image_1024_3.png,0,100.0,0.0,"[0, 2, 2, 5, 6, 4, 3, 2, 0, 0, 4, 5, 1, 2, 6, 3]"
2026-05-19T22:53:17.671729,1024p,Filters,gamma,,Gamma_watermarked_image_1024_3.png,N:\Desktop\WORKING PAPERS\MVDW-NIKOS-PAPER\Version_22\attacked\1024p\watermarked_image_1024_3\Filters\Gamma_watermarked_image_1024_3.png,0,100.0,0.0,"[0, 2, 2, 5, 6, 4, 3, 2, 0, 0, 4, 5, 1, 2, 6, 3]"
2026-05-19T22:53:19.209033,1024p,Filters,histogram_equalization,,HEQ_watermarked_image_1024_3.png,N:\Desktop\WORKING PAPERS\MVDW-NIKOS-PAPER\Version_22\attacked\1024p\watermarked_image_1024_3\Filters\HEQ_watermarked_image_1024_3.png,0,100.0,0.0,"[0, 2, 2, 5, 6, 4, 3, 2, 0, 0, 4, 5, 1, 2, 6, 3]"
2026-05-19T22:53:20.743683,1024p,Filters,motion_blur,3,MB_k3_watermarked_image_1024_3.png,N:\Desktop\WORKING PAPERS\MVDW-NIKOS-PAPER\Version_22\attacked\1024p\watermarked_image_1024_3\Filters\MB_k3_watermarked_image_1024_3.png,0,100.0,0.0,"[0, 2, 2, 5, 6, 4, 3, 2, 0, 0, 4, 5, 1, 2, 6, 3]"
2026-05-19T22:53:22.254774,1024p,Filters,motion_blur,5,MB_k5_watermarked_image_1024_3.png,N:\Desktop\WORKING PAPERS\MVDW-NIKOS-PAPER\Version_22\attacked\1024p\watermarked_image_1024_3\Filters\MB_k5_watermarked_image_1024_3.png,0,100.0,0.0,"[0, 2, 2, 5, 6, 4, 3, 2, 0, 0, 4, 5, 1, 2, 6, 3]"
2026-05-19T22:53:23.764072,1024p,Filters,motion_blur,7,MB_k7_watermarked_image_1024_3.png,N:\Desktop\WORKING PAPERS\MVDW-NIKOS-PAPER\Version_22\attacked\1024p\watermarked_image_1024_3\Filters\MB_k7_watermarked_image_1024_3.png,0,93.75,0.0069,"[0, 2, 2, 5, 'X', 4, 3, 2, 0, 0, 4, 5, 1, 2, 6, 3]"
2026-05-19T22:53:25.266270,1024p,Filters,mean_filter,3,MEAN_k3_watermarked_image_1024_3.png,N:\Desktop\WORKING PAPERS\MVDW-NIKOS-PAPER\Version_22\attacked\1024p\watermarked_image_1024_3\Filters\MEAN_k3_watermarked_image_1024_3.png,0,100.0,0.0,"[0, 2, 2, 5, 6, 4, 3, 2, 0, 0, 4, 5, 1, 2, 6, 3]"
2026-05-19T22:53:26.760924,1024p,Filters,mean_filter,5,MEAN_k5_watermarked_image_1024_3.png,N:\Desktop\WORKING PAPERS\MVDW-NIKOS-PAPER\Version_22\attacked\1024p\watermarked_image_1024_3\Filters\MEAN_k5_watermarked_image_1024_3.png,0,75.0,0.0382,"[0, 2, 2, 'X', 6, 4, 3, 2, 0, 0, 'X', 5, 'X', 2, 6, 'X']"
2026-05-19T22:53:28.277926,1024p,Filters,median_filter,3,MF_k3_watermarked_image_1024_3.png,N:\Desktop\WORKING PAPERS\MVDW-NIKOS-PAPER\Version_22\attacked\1024p\watermarked_image_1024_3\Filters\MF_k3_watermarked_image_1024_3.png,0,100.0,0.0,"[0, 2, 2, 5, 6, 4, 3, 2, 0, 0, 4, 5, 1, 2, 6, 3]"
2026-05-19T22:53:29.779097,1024p,Filters,median_filter,5,MF_k5_watermarked_image_1024_3.png,N:\Desktop\WORKING PAPERS\MVDW-NIKOS-PAPER\Version_22\attacked\1024p\watermarked_image_1024_3\Filters\MF_k5_watermarked_image_1024_3.png,0,100.0,0.0,"[0, 2, 2, 5, 6, 4, 3, 2, 0, 0, 4, 5, 1, 2, 6, 3]"
2026-05-19T22:53:31.272009,1024p,Filters,median_filter,7,MF_k7_watermarked_image_1024_3.png,N:\Desktop\WORKING PAPERS\MVDW-NIKOS-PAPER\Version_22\attacked\1024p\watermarked_image_1024_3\Filters\MF_k7_watermarked_image_1024_3.png,0,81.25,0.0712,"[0, 2, 'X', 5, 6, 4, 3, 2, 'X', 0, 4, 5, 1, 'X', 6, 3]"
2026-05-19T22:53:32.778666,1024p,Filters,sharpening,,SHARP_watermarked_image_1024_3.png,N:\Desktop\WORKING PAPERS\MVDW-NIKOS-PAPER\Version_22\attacked\1024p\watermarked_image_1024_3\Filters\SHARP_watermarked_image_1024_3.png,0,100.0,0.0,"[0, 2, 2, 5, 6, 4, 3, 2, 0, 0, 4, 5, 1, 2, 6, 3]"
2026-05-19T22:53:34.308421,1024p,Filters,salt_pepper,0.05,SaP_p0.05_watermarked_image_1024_3.png,N:\Desktop\WORKING PAPERS\MVDW-NIKOS-PAPER\Version_22\attacked\1024p\watermarked_image_1024_3\Filters\SaP_p0.05_watermarked_image_1024_3.png,0,31.25,0.25,"['X', 2, 2, 'X', 'X', 'X', 3, 'X', 0, 'X', 'X', 'X', 'X', 2, 'X', 'X']"
2026-05-19T22:53:35.811555,1024p,Filters,salt_pepper,0.1,SaP_p0.1_watermarked_image_1024_3.png,N:\Desktop\WORKING PAPERS\MVDW-NIKOS-PAPER\Version_22\attacked\1024p\watermarked_image_1024_3\Filters\SaP_p0.1_watermarked_image_1024_3.png,0,0.0,0.3524,"['X', 'X', 'X', 'X', 'X', 'X', 'X', 'X', 'X', 'X', 'X', 'X', 'X', 'X', 'X', 'X']"
2026-05-19T22:53:37.341120,1024p,Filters,salt_pepper,0.2,SaP_p0.2_watermarked_image_1024_3.png,N:\Desktop\WORKING PAPERS\MVDW-NIKOS-PAPER\Version_22\attacked\1024p\watermarked_image_1024_3\Filters\SaP_p0.2_watermarked_image_1024_3.png,0,12.5,0.3333,"[0, 'X', 'X', 'X', 'X', 'X', 'X', 'X', 'X', 'X', 'X', 'X', 'X', 'X', 6, 'X']"
2026-05-19T22:53:38.859511,1024p,Geometric,horizontal_flip,,HFLIP_watermarked_image_1024_3.png,N:\Desktop\WORKING PAPERS\MVDW-NIKOS-PAPER\Version_22\attacked\1024p\watermarked_image_1024_3\Geometric\HFLIP_watermarked_image_1024_3.png,0,12.5,0.3368,"['X', 'X', 'X', 'X', 6, 'X', 'X', 'X', 'X', 'X', 'X', 5, 'X', 'X', 'X', 'X']"
2026-05-19T22:53:40.373790,1024p,Geometric,rotation,-10,ROT_-10_watermarked_image_1024_3.png,N:\Desktop\WORKING PAPERS\MVDW-NIKOS-PAPER\Version_22\attacked\1024p\watermarked_image_1024_3\Geometric\ROT_-10_watermarked_image_1024_3.png,0,0.0,0.2986,"['X', 'X', 'X', 'X', 'X', 'X', 'X', 'X', 'X', 'X', 'X', 'X', 'X', 'X', 'X', 'X']"
2026-05-19T22:53:41.895270,1024p,Geometric,rotation,10,ROT_10_watermarked_image_1024_3.png,N:\Desktop\WORKING PAPERS\MVDW-NIKOS-PAPER\Version_22\attacked\1024p\watermarked_image_1024_3\Geometric\ROT_10_watermarked_image_1024_3.png,0,18.75,0.3247,"['X', 'X', 'X', 'X', 6, 4, 'X', 'X', 'X', 'X', 'X', 'X', 'X', 2, 'X', 'X']"
2026-05-19T22:53:43.383093,1024p,Geometric,rotation,5,ROT_5_watermarked_image_1024_3.png,N:\Desktop\WORKING PAPERS\MVDW-NIKOS-PAPER\Version_22\attacked\1024p\watermarked_image_1024_3\Geometric\ROT_5_watermarked_image_1024_3.png,0,12.5,0.3438,"['X', 'X', 'X', 'X', 6, 4, 'X', 'X', 'X', 'X', 'X', 'X', 'X', 'X', 'X', 'X']"
2026-05-19T22:53:44.912878,1024p,Geometric,translation,x10_y10,TRANS_x10_y10_watermarked_image_1024_3.png,N:\Desktop\WORKING PAPERS\MVDW-NIKOS-PAPER\Version_22\attacked\1024p\watermarked_image_1024_3\Geometric\TRANS_x10_y10_watermarked_image_1024_3.png,0,18.75,0.2812,"['X', 'X', 'X', 'X', 6, 4, 'X', 'X', 'X', 'X', 4, 'X', 'X', 'X', 'X', 'X']"
2026-05-19T22:53:46.423693,1024p,Geometric,translation,x5_y5,TRANS_x5_y5_watermarked_image_1024_3.png,N:\Desktop\WORKING PAPERS\MVDW-NIKOS-PAPER\Version_22\attacked\1024p\watermarked_image_1024_3\Geometric\TRANS_x5_y5_watermarked_image_1024_3.png,0,18.75,0.2535,"['X', 'X', 'X', 'X', 'X', 4, 'X', 'X', 0, 'X', 'X', 'X', 1, 'X', 'X', 'X']"
2026-05-19T22:53:47.921657,1024p,Resize,resize,110,RESIZE_110_watermarked_image_1024_3.png,N:\Desktop\WORKING PAPERS\MVDW-NIKOS-PAPER\Version_22\attacked\1024p\watermarked_image_1024_3\Resize\RESIZE_110_watermarked_image_1024_3.png,0,100.0,0.0,"[0, 2, 2, 5, 6, 4, 3, 2, 0, 0, 4, 5, 1, 2, 6, 3]"
2026-05-19T22:53:49.420273,1024p,Resize,resize,90,RESIZE_90_watermarked_image_1024_3.png,N:\Desktop\WORKING PAPERS\MVDW-NIKOS-PAPER\Version_22\attacked\1024p\watermarked_image_1024_3\Resize\RESIZE_90_watermarked_image_1024_3.png,0,87.5,0.0052,"[0, 2, 2, 5, 6, 'X', 3, 'X', 0, 0, 4, 5, 1, 2, 6, 3]"
2026-05-19T22:53:50.852263,1024p,Crops,crop,BothHorizontal_25,Croped_BothHorizontal_25_watermarked_image_1024_4.png,N:\Desktop\WORKING PAPERS\MVDW-NIKOS-PAPER\Version_22\attacked\1024p\watermarked_image_1024_4\Crops\Croped_BothHorizontal_25_watermarked_image_1024_4.png,0,50.0,0.1788,"['X', 'X', 'X', 'X', 6, 4, 3, 2, 0, 0, 4, 5, 'X', 'X', 'X', 'X']"
2026-05-19T22:53:52.282844,1024p,Crops,crop,BothHorizontal_50,Croped_BothHorizontal_50_watermarked_image_1024_4.png,N:\Desktop\WORKING PAPERS\MVDW-NIKOS-PAPER\Version_22\attacked\1024p\watermarked_image_1024_4\Crops\Croped_BothHorizontal_50_watermarked_image_1024_4.png,0,50.0,0.1875,"['X', 'X', 'X', 'X', 6, 4, 3, 2, 0, 0, 4, 5, 'X', 'X', 'X', 'X']"
2026-05-19T22:53:53.685825,1024p,Crops,crop,BothHorizontal_75,Croped_BothHorizontal_75_watermarked_image_1024_4.png,N:\Desktop\WORKING PAPERS\MVDW-NIKOS-PAPER\Version_22\attacked\1024p\watermarked_image_1024_4\Crops\Croped_BothHorizontal_75_watermarked_image_1024_4.png,0,31.25,0.2535,"['X', 'X', 'X', 'X', 'X', 4, 3, 'X', 0, 'X', 4, 5, 'X', 'X', 'X', 'X']"
2026-05-19T22:53:55.121819,1024p,Crops,crop,BothVertical_25,Croped_BothVertical_25_watermarked_image_1024_4.png,N:\Desktop\WORKING PAPERS\MVDW-NIKOS-PAPER\Version_22\attacked\1024p\watermarked_image_1024_4\Crops\Croped_BothVertical_25_watermarked_image_1024_4.png,0,62.5,0.1458,"[0, 2, 2, 'X', 6, 4, 3, 'X', 'X', 0, 4, 'X', 'X', 2, 6, 'X']"
2026-05-19T22:53:56.537996,1024p,Crops,crop,BothVertical_50,Croped_BothVertical_50_watermarked_image_1024_4.png,N:\Desktop\WORKING PAPERS\MVDW-NIKOS-PAPER\Version_22\attacked\1024p\watermarked_image_1024_4\Crops\Croped_BothVertical_50_watermarked_image_1024_4.png,0,50.0,0.1875,"['X', 2, 2, 'X', 'X', 4, 3, 'X', 'X', 0, 4, 'X', 'X', 2, 6, 'X']"
2026-05-19T22:53:57.949395,1024p,Crops,crop,BothVertical_75,Croped_BothVertical_75_watermarked_image_1024_4.png,N:\Desktop\WORKING PAPERS\MVDW-NIKOS-PAPER\Version_22\attacked\1024p\watermarked_image_1024_4\Crops\Croped_BothVertical_75_watermarked_image_1024_4.png,0,37.5,0.2066,"['X', 2, 'X', 'X', 'X', 4, 3, 'X', 'X', 'X', 4, 'X', 'X', 2, 6, 'X']"
2026-05-19T22:53:59.389028,1024p,Crops,crop,Bottom_25,Croped_Bottom_25_watermarked_image_1024_4.png,N:\Desktop\WORKING PAPERS\MVDW-NIKOS-PAPER\Version_22\attacked\1024p\watermarked_image_1024_4\Crops\Croped_Bottom_25_watermarked_image_1024_4.png,0,75.0,0.0903,"[0, 2, 2, 5, 6, 4, 3, 2, 0, 0, 4, 5, 'X', 'X', 'X', 'X']"
2026-05-19T22:54:00.807833,1024p,Crops,crop,Bottom_50,Croped_Bottom_50_watermarked_image_1024_4.png,N:\Desktop\WORKING PAPERS\MVDW-NIKOS-PAPER\Version_22\attacked\1024p\watermarked_image_1024_4\Crops\Croped_Bottom_50_watermarked_image_1024_4.png,0,50.0,0.184,"[0, 2, 2, 5, 6, 4, 3, 2, 'X', 'X', 'X', 'X', 'X', 'X', 'X', 'X']"
2026-05-19T22:54:02.197899,1024p,Crops,crop,Bottom_75,Croped_Bottom_75_watermarked_image_1024_4.png,N:\Desktop\WORKING PAPERS\MVDW-NIKOS-PAPER\Version_22\attacked\1024p\watermarked_image_1024_4\Crops\Croped_Bottom_75_watermarked_image_1024_4.png,0,25.0,0.2708,"[0, 2, 2, 5, 'X', 'X', 'X', 'X', 'X', 'X', 'X', 'X', 'X', 'X', 'X', 'X']"
2026-05-19T22:54:03.629142,1024p,Crops,crop,Left_25,Croped_Left_25_watermarked_image_1024_4.png,N:\Desktop\WORKING PAPERS\MVDW-NIKOS-PAPER\Version_22\attacked\1024p\watermarked_image_1024_4\Crops\Croped_Left_25_watermarked_image_1024_4.png,0,75.0,0.0903,"['X', 2, 2, 5, 'X', 4, 3, 2, 'X', 0, 4, 5, 'X', 2, 6, 3]"
2026-05-19T22:54:05.055991,1024p,Crops,crop,Left_50,Croped_Left_50_watermarked_image_1024_4.png,N:\Desktop\WORKING PAPERS\MVDW-NIKOS-PAPER\Version_22\attacked\1024p\watermarked_image_1024_4\Crops\Croped_Left_50_watermarked_image_1024_4.png,0,50.0,0.184,"['X', 'X', 2, 5, 'X', 'X', 3, 2, 'X', 'X', 4, 5, 'X', 'X', 6, 3]"
2026-05-19T22:54:06.457724,1024p,Crops,crop,Left_75,Croped_Left_75_watermarked_image_1024_4.png,N:\Desktop\WORKING PAPERS\MVDW-NIKOS-PAPER\Version_22\attacked\1024p\watermarked_image_1024_4\Crops\Croped_Left_75_watermarked_image_1024_4.png,0,25.0,0.2708,"['X', 'X', 'X', 5, 'X', 'X', 'X', 2, 'X', 'X', 'X', 5, 'X', 'X', 'X', 3]"
2026-05-19T22:54:07.881902,1024p,Crops,crop,Right_25,Croped_Right_25_watermarked_image_1024_4.png,N:\Desktop\WORKING PAPERS\MVDW-NIKOS-PAPER\Version_22\attacked\1024p\watermarked_image_1024_4\Crops\Croped_Right_25_watermarked_image_1024_4.png,0,75.0,0.0972,"[0, 2, 2, 'X', 6, 4, 3, 'X', 0, 0, 4, 'X', 1, 2, 6, 'X']"
2026-05-19T22:54:09.301115,1024p,Crops,crop,Right_50,Croped_Right_50_watermarked_image_1024_4.png,N:\Desktop\WORKING PAPERS\MVDW-NIKOS-PAPER\Version_22\attacked\1024p\watermarked_image_1024_4\Crops\Croped_Right_50_watermarked_image_1024_4.png,0,50.0,0.184,"[0, 2, 'X', 'X', 6, 4, 'X', 'X', 0, 0, 'X', 'X', 1, 2, 'X', 'X']"
2026-05-19T22:54:10.701311,1024p,Crops,crop,Right_75,Croped_Right_75_watermarked_image_1024_4.png,N:\Desktop\WORKING PAPERS\MVDW-NIKOS-PAPER\Version_22\attacked\1024p\watermarked_image_1024_4\Crops\Croped_Right_75_watermarked_image_1024_4.png,0,25.0,0.2778,"[0, 'X', 'X', 'X', 6, 'X', 'X', 'X', 0, 'X', 'X', 'X', 1, 'X', 'X', 'X']"
2026-05-19T22:54:12.180727,1024p,Crops,crop,Top_25,Croped_Top_25_watermarked_image_1024_4.png,N:\Desktop\WORKING PAPERS\MVDW-NIKOS-PAPER\Version_22\attacked\1024p\watermarked_image_1024_4\Crops\Croped_Top_25_watermarked_image_1024_4.png,0,75.0,0.0972,"['X', 'X', 'X', 'X', 6, 4, 3, 2, 0, 0, 4, 5, 1, 2, 6, 3]"
2026-05-19T22:54:13.614615,1024p,Crops,crop,Top_50,Croped_Top_50_watermarked_image_1024_4.png,N:\Desktop\WORKING PAPERS\MVDW-NIKOS-PAPER\Version_22\attacked\1024p\watermarked_image_1024_4\Crops\Croped_Top_50_watermarked_image_1024_4.png,0,50.0,0.184,"['X', 'X', 'X', 'X', 'X', 'X', 'X', 'X', 0, 0, 4, 5, 1, 2, 6, 3]"
2026-05-19T22:54:15.035211,1024p,Crops,crop,Top_75,Croped_Top_75_watermarked_image_1024_4.png,N:\Desktop\WORKING PAPERS\MVDW-NIKOS-PAPER\Version_22\attacked\1024p\watermarked_image_1024_4\Crops\Croped_Top_75_watermarked_image_1024_4.png,0,25.0,0.2778,"['X', 'X', 'X', 'X', 'X', 'X', 'X', 'X', 'X', 'X', 'X', 'X', 1, 2, 6, 3]"
2026-05-19T22:54:16.477057,1024p,Filters,jpeg,50,Compressed_q50_watermarked_image_1024_4.jpg,N:\Desktop\WORKING PAPERS\MVDW-NIKOS-PAPER\Version_22\attacked\1024p\watermarked_image_1024_4\Filters\Compressed_q50_watermarked_image_1024_4.jpg,0,0.0,0.3802,"['X', 'X', 'X', 'X', 'X', 'X', 'X', 'X', 'X', 'X', 'X', 'X', 'X', 'X', 'X', 'X']"
2026-05-19T22:54:17.940366,1024p,Filters,jpeg,70,Compressed_q70_watermarked_image_1024_4.jpg,N:\Desktop\WORKING PAPERS\MVDW-NIKOS-PAPER\Version_22\attacked\1024p\watermarked_image_1024_4\Filters\Compressed_q70_watermarked_image_1024_4.jpg,0,31.25,0.2413,"['X', 'X', 'X', 'X', 6, 'X', 3, 'X', 0, 'X', 4, 'X', 'X', 'X', 6, 'X']"
2026-05-19T22:54:19.426998,1024p,Filters,jpeg,90,Compressed_q90_watermarked_image_1024_4.jpg,N:\Desktop\WORKING PAPERS\MVDW-NIKOS-PAPER\Version_22\attacked\1024p\watermarked_image_1024_4\Filters\Compressed_q90_watermarked_image_1024_4.jpg,0,93.75,0.0139,"[0, 2, 'X', 5, 6, 4, 3, 2, 0, 0, 4, 5, 1, 2, 6, 3]"
2026-05-19T22:54:20.882924,1024p,Filters,gaussian_blur,3,GB_k3_watermarked_image_1024_4.png,N:\Desktop\WORKING PAPERS\MVDW-NIKOS-PAPER\Version_22\attacked\1024p\watermarked_image_1024_4\Filters\GB_k3_watermarked_image_1024_4.png,0,18.75,0.283,"['X', 2, 'X', 5, 'X', 'X', 'X', 'X', 'X', 'X', 'X', 5, 'X', 'X', 'X', 'X']"
2026-05-19T22:54:22.361795,1024p,Filters,gaussian_blur,5,GB_k5_watermarked_image_1024_4.png,N:\Desktop\WORKING PAPERS\MVDW-NIKOS-PAPER\Version_22\attacked\1024p\watermarked_image_1024_4\Filters\GB_k5_watermarked_image_1024_4.png,0,0.0,0.3455,"['X', 'X', 'X', 'X', 'X', 'X', 'X', 'X', 'X', 'X', 'X', 'X', 'X', 'X', 'X', 'X']"
2026-05-19T22:54:23.829607,1024p,Filters,gaussian_blur,7,GB_k7_watermarked_image_1024_4.png,N:\Desktop\WORKING PAPERS\MVDW-NIKOS-PAPER\Version_22\attacked\1024p\watermarked_image_1024_4\Filters\GB_k7_watermarked_image_1024_4.png,0,6.25,0.3611,"['X', 'X', 'X', 'X', 'X', 'X', 'X', 'X', 'X', 'X', 4, 'X', 'X', 'X', 'X', 'X']"
2026-05-19T22:54:25.297752,1024p,Filters,gaussian_noise,0.05,GN_lvl0.05_watermarked_image_1024_4.png,N:\Desktop\WORKING PAPERS\MVDW-NIKOS-PAPER\Version_22\attacked\1024p\watermarked_image_1024_4\Filters\GN_lvl0.05_watermarked_image_1024_4.png,0,100.0,0.0,"[0, 2, 2, 5, 6, 4, 3, 2, 0, 0, 4, 5, 1, 2, 6, 3]"
2026-05-19T22:54:26.765966,1024p,Filters,gaussian_noise,0.1,GN_lvl0.1_watermarked_image_1024_4.png,N:\Desktop\WORKING PAPERS\MVDW-NIKOS-PAPER\Version_22\attacked\1024p\watermarked_image_1024_4\Filters\GN_lvl0.1_watermarked_image_1024_4.png,0,100.0,0.0,"[0, 2, 2, 5, 6, 4, 3, 2, 0, 0, 4, 5, 1, 2, 6, 3]"
2026-05-19T22:54:28.239721,1024p,Filters,gaussian_noise,0.2,GN_lvl0.2_watermarked_image_1024_4.png,N:\Desktop\WORKING PAPERS\MVDW-NIKOS-PAPER\Version_22\attacked\1024p\watermarked_image_1024_4\Filters\GN_lvl0.2_watermarked_image_1024_4.png,0,100.0,0.0,"[0, 2, 2, 5, 6, 4, 3, 2, 0, 0, 4, 5, 1, 2, 6, 3]"
2026-05-19T22:54:29.694677,1024p,Filters,gamma,,Gamma_watermarked_image_1024_4.png,N:\Desktop\WORKING PAPERS\MVDW-NIKOS-PAPER\Version_22\attacked\1024p\watermarked_image_1024_4\Filters\Gamma_watermarked_image_1024_4.png,0,100.0,0.0,"[0, 2, 2, 5, 6, 4, 3, 2, 0, 0, 4, 5, 1, 2, 6, 3]"
2026-05-19T22:54:31.171055,1024p,Filters,histogram_equalization,,HEQ_watermarked_image_1024_4.png,N:\Desktop\WORKING PAPERS\MVDW-NIKOS-PAPER\Version_22\attacked\1024p\watermarked_image_1024_4\Filters\HEQ_watermarked_image_1024_4.png,0,100.0,0.0,"[0, 2, 2, 5, 6, 4, 3, 2, 0, 0, 4, 5, 1, 2, 6, 3]"
2026-05-19T22:54:32.636440,1024p,Filters,motion_blur,3,MB_k3_watermarked_image_1024_4.png,N:\Desktop\WORKING PAPERS\MVDW-NIKOS-PAPER\Version_22\attacked\1024p\watermarked_image_1024_4\Filters\MB_k3_watermarked_image_1024_4.png,0,93.75,0.0017,"[0, 2, 2, 5, 'X', 4, 3, 2, 0, 0, 4, 5, 1, 2, 6, 3]"
2026-05-19T22:54:34.098522,1024p,Filters,motion_blur,5,MB_k5_watermarked_image_1024_4.png,N:\Desktop\WORKING PAPERS\MVDW-NIKOS-PAPER\Version_22\attacked\1024p\watermarked_image_1024_4\Filters\MB_k5_watermarked_image_1024_4.png,0,100.0,0.0,"[0, 2, 2, 5, 6, 4, 3, 2, 0, 0, 4, 5, 1, 2, 6, 3]"
2026-05-19T22:54:35.595841,1024p,Filters,motion_blur,7,MB_k7_watermarked_image_1024_4.png,N:\Desktop\WORKING PAPERS\MVDW-NIKOS-PAPER\Version_22\attacked\1024p\watermarked_image_1024_4\Filters\MB_k7_watermarked_image_1024_4.png,0,81.25,0.0347,"[0, 2, 'X', 5, 'X', 4, 3, 2, 0, 'X', 4, 5, 1, 2, 6, 3]"
2026-05-19T22:54:37.047011,1024p,Filters,mean_filter,3,MEAN_k3_watermarked_image_1024_4.png,N:\Desktop\WORKING PAPERS\MVDW-NIKOS-PAPER\Version_22\attacked\1024p\watermarked_image_1024_4\Filters\MEAN_k3_watermarked_image_1024_4.png,0,56.25,0.0694,"['X', 2, 'X', 5, 'X', 4, 3, 2, 0, 'X', 4, 5, 'X', 2, 'X', 'X']"
2026-05-19T22:54:38.552955,1024p,Filters,mean_filter,5,MEAN_k5_watermarked_image_1024_4.png,N:\Desktop\WORKING PAPERS\MVDW-NIKOS-PAPER\Version_22\attacked\1024p\watermarked_image_1024_4\Filters\MEAN_k5_watermarked_image_1024_4.png,0,43.75,0.1059,"[0, 2, 'X', 5, 'X', 'X', 3, 2, 0, 'X', 'X', 'X', 'X', 2, 'X', 'X']"
2026-05-19T22:54:40.013738,1024p,Filters,median_filter,3,MF_k3_watermarked_image_1024_4.png,N:\Desktop\WORKING PAPERS\MVDW-NIKOS-PAPER\Version_22\attacked\1024p\watermarked_image_1024_4\Filters\MF_k3_watermarked_image_1024_4.png,0,87.5,0.026,"[0, 2, 2, 5, 6, 4, 3, 2, 0, 'X', 4, 5, 1, 2, 'X', 3]"
2026-05-19T22:54:41.517103,1024p,Filters,median_filter,5,MF_k5_watermarked_image_1024_4.png,N:\Desktop\WORKING PAPERS\MVDW-NIKOS-PAPER\Version_22\attacked\1024p\watermarked_image_1024_4\Filters\MF_k5_watermarked_image_1024_4.png,0,81.25,0.0399,"[0, 2, 2, 5, 'X', 4, 3, 2, 0, 'X', 4, 5, 1, 2, 'X', 3]"
2026-05-19T22:54:43.010009,1024p,Filters,median_filter,7,MF_k7_watermarked_image_1024_4.png,N:\Desktop\WORKING PAPERS\MVDW-NIKOS-PAPER\Version_22\attacked\1024p\watermarked_image_1024_4\Filters\MF_k7_watermarked_image_1024_4.png,0,62.5,0.1215,"[0, 2, 'X', 'X', 'X', 4, 3, 2, 0, 'X', 'X', 'X', 1, 2, 6, 3]"
2026-05-19T22:54:44.523030,1024p,Filters,sharpening,,SHARP_watermarked_image_1024_4.png,N:\Desktop\WORKING PAPERS\MVDW-NIKOS-PAPER\Version_22\attacked\1024p\watermarked_image_1024_4\Filters\SHARP_watermarked_image_1024_4.png,0,100.0,0.0,"[0, 2, 2, 5, 6, 4, 3, 2, 0, 0, 4, 5, 1, 2, 6, 3]"
2026-05-19T22:54:46.030234,1024p,Filters,salt_pepper,0.05,SaP_p0.05_watermarked_image_1024_4.png,N:\Desktop\WORKING PAPERS\MVDW-NIKOS-PAPER\Version_22\attacked\1024p\watermarked_image_1024_4\Filters\SaP_p0.05_watermarked_image_1024_4.png,0,6.25,0.3628,"['X', 'X', 2, 'X', 'X', 'X', 'X', 'X', 'X', 'X', 'X', 'X', 'X', 'X', 'X', 'X']"
2026-05-19T22:54:47.526365,1024p,Filters,salt_pepper,0.1,SaP_p0.1_watermarked_image_1024_4.png,N:\Desktop\WORKING PAPERS\MVDW-NIKOS-PAPER\Version_22\attacked\1024p\watermarked_image_1024_4\Filters\SaP_p0.1_watermarked_image_1024_4.png,0,12.5,0.3715,"['X', 'X', 'X', 'X', 'X', 'X', 'X', 'X', 'X', 'X', 'X', 5, 'X', 'X', 6, 'X']"
2026-05-19T22:54:49.070760,1024p,Filters,salt_pepper,0.2,SaP_p0.2_watermarked_image_1024_4.png,N:\Desktop\WORKING PAPERS\MVDW-NIKOS-PAPER\Version_22\attacked\1024p\watermarked_image_1024_4\Filters\SaP_p0.2_watermarked_image_1024_4.png,0,12.5,0.3611,"['X', 'X', 'X', 'X', 'X', 'X', 3, 'X', 'X', 'X', 'X', 'X', 'X', 'X', 6, 'X']"
2026-05-19T22:54:50.586532,1024p,Geometric,horizontal_flip,,HFLIP_watermarked_image_1024_4.png,N:\Desktop\WORKING PAPERS\MVDW-NIKOS-PAPER\Version_22\attacked\1024p\watermarked_image_1024_4\Geometric\HFLIP_watermarked_image_1024_4.png,0,6.25,0.401,"['X', 'X', 'X', 'X', 'X', 'X', 'X', 'X', 'X', 'X', 'X', 'X', 'X', 2, 'X', 'X']"
2026-05-19T22:54:52.089042,1024p,Geometric,rotation,-10,ROT_-10_watermarked_image_1024_4.png,N:\Desktop\WORKING PAPERS\MVDW-NIKOS-PAPER\Version_22\attacked\1024p\watermarked_image_1024_4\Geometric\ROT_-10_watermarked_image_1024_4.png,0,0.0,0.3611,"['X', 'X', 'X', 'X', 'X', 'X', 'X', 'X', 'X', 'X', 'X', 'X', 'X', 'X', 'X', 'X']"
2026-05-19T22:54:53.559331,1024p,Geometric,rotation,10,ROT_10_watermarked_image_1024_4.png,N:\Desktop\WORKING PAPERS\MVDW-NIKOS-PAPER\Version_22\attacked\1024p\watermarked_image_1024_4\Geometric\ROT_10_watermarked_image_1024_4.png,0,0.0,0.3559,"['X', 'X', 'X', 'X', 'X', 'X', 'X', 'X', 'X', 'X', 'X', 'X', 'X', 'X', 'X', 'X']"
2026-05-19T22:54:55.035854,1024p,Geometric,rotation,5,ROT_5_watermarked_image_1024_4.png,N:\Desktop\WORKING PAPERS\MVDW-NIKOS-PAPER\Version_22\attacked\1024p\watermarked_image_1024_4\Geometric\ROT_5_watermarked_image_1024_4.png,0,6.25,0.342,"['X', 'X', 'X', 'X', 'X', 4, 'X', 'X', 'X', 'X', 'X', 'X', 'X', 'X', 'X', 'X']"
2026-05-19T22:54:56.530405,1024p,Geometric,translation,x10_y10,TRANS_x10_y10_watermarked_image_1024_4.png,N:\Desktop\WORKING PAPERS\MVDW-NIKOS-PAPER\Version_22\attacked\1024p\watermarked_image_1024_4\Geometric\TRANS_x10_y10_watermarked_image_1024_4.png,0,12.5,0.2812,"['X', 'X', 'X', 'X', 6, 'X', 'X', 'X', 'X', 'X', 4, 'X', 'X', 'X', 'X', 'X']"
2026-05-19T22:54:57.974878,1024p,Geometric,translation,x5_y5,TRANS_x5_y5_watermarked_image_1024_4.png,N:\Desktop\WORKING PAPERS\MVDW-NIKOS-PAPER\Version_22\attacked\1024p\watermarked_image_1024_4\Geometric\TRANS_x5_y5_watermarked_image_1024_4.png,0,6.25,0.2986,"[0, 'X', 'X', 'X', 'X', 'X', 'X', 'X', 'X', 'X', 'X', 'X', 'X', 'X', 'X', 'X']"
2026-05-19T22:54:59.433485,1024p,Resize,resize,110,RESIZE_110_watermarked_image_1024_4.png,N:\Desktop\WORKING PAPERS\MVDW-NIKOS-PAPER\Version_22\attacked\1024p\watermarked_image_1024_4\Resize\RESIZE_110_watermarked_image_1024_4.png,0,100.0,0.0,"[0, 2, 2, 5, 6, 4, 3, 2, 0, 0, 4, 5, 1, 2, 6, 3]"
2026-05-19T22:55:00.911133,1024p,Resize,resize,90,RESIZE_90_watermarked_image_1024_4.png,N:\Desktop\WORKING PAPERS\MVDW-NIKOS-PAPER\Version_22\attacked\1024p\watermarked_image_1024_4\Resize\RESIZE_90_watermarked_image_1024_4.png,0,75.0,0.033,"['X', 2, 2, 5, 'X', 'X', 3, 2, 0, 0, 'X', 5, 1, 2, 6, 3]"
2026-05-19T22:55:02.355000,1024p,Crops,crop,BothHorizontal_25,Croped_BothHorizontal_25_watermarked_image_1024_5.png,N:\Desktop\WORKING PAPERS\MVDW-NIKOS-PAPER\Version_22\attacked\1024p\watermarked_image_1024_5\Crops\Croped_BothHorizontal_25_watermarked_image_1024_5.png,0,62.5,0.1389,"['X', 'X', 'X', 'X', 6, 4, 3, 2, 0, 0, 4, 5, 1, 2, 'X', 'X']"
2026-05-19T22:55:03.798004,1024p,Crops,crop,BothHorizontal_50,Croped_BothHorizontal_50_watermarked_image_1024_5.png,N:\Desktop\WORKING PAPERS\MVDW-NIKOS-PAPER\Version_22\attacked\1024p\watermarked_image_1024_5\Crops\Croped_BothHorizontal_50_watermarked_image_1024_5.png,0,50.0,0.1875,"['X', 'X', 'X', 'X', 6, 4, 3, 2, 0, 0, 4, 5, 'X', 'X', 'X', 'X']"
2026-05-19T22:55:05.207162,1024p,Crops,crop,BothHorizontal_75,Croped_BothHorizontal_75_watermarked_image_1024_5.png,N:\Desktop\WORKING PAPERS\MVDW-NIKOS-PAPER\Version_22\attacked\1024p\watermarked_image_1024_5\Crops\Croped_BothHorizontal_75_watermarked_image_1024_5.png,0,25.0,0.2743,"['X', 'X', 'X', 'X', 'X', 'X', 3, 'X', 'X', 0, 4, 5, 'X', 'X', 'X', 'X']"
2026-05-19T22:55:06.633151,1024p,Crops,crop,BothVertical_25,Croped_BothVertical_25_watermarked_image_1024_5.png,N:\Desktop\WORKING PAPERS\MVDW-NIKOS-PAPER\Version_22\attacked\1024p\watermarked_image_1024_5\Crops\Croped_BothVertical_25_watermarked_image_1024_5.png,0,56.25,0.1632,"['X', 2, 2, 'X', 'X', 4, 3, 'X', 'X', 0, 4, 5, 'X', 2, 6, 'X']"
2026-05-19T22:55:08.076279,1024p,Crops,crop,BothVertical_50,Croped_BothVertical_50_watermarked_image_1024_5.png,N:\Desktop\WORKING PAPERS\MVDW-NIKOS-PAPER\Version_22\attacked\1024p\watermarked_image_1024_5\Crops\Croped_BothVertical_50_watermarked_image_1024_5.png,0,50.0,0.1875,"['X', 2, 2, 'X', 'X', 4, 3, 'X', 'X', 0, 4, 'X', 'X', 2, 6, 'X']"
2026-05-19T22:55:09.495961,1024p,Crops,crop,BothVertical_75,Croped_BothVertical_75_watermarked_image_1024_5.png,N:\Desktop\WORKING PAPERS\MVDW-NIKOS-PAPER\Version_22\attacked\1024p\watermarked_image_1024_5\Crops\Croped_BothVertical_75_watermarked_image_1024_5.png,0,25.0,0.283,"['X', 2, 'X', 'X', 'X', 4, 'X', 'X', 'X', 0, 'X', 'X', 'X', 'X', 6, 'X']"
2026-05-19T22:55:10.941979,1024p,Crops,crop,Bottom_25,Croped_Bottom_25_watermarked_image_1024_5.png,N:\Desktop\WORKING PAPERS\MVDW-NIKOS-PAPER\Version_22\attacked\1024p\watermarked_image_1024_5\Crops\Croped_Bottom_25_watermarked_image_1024_5.png,0,75.0,0.0903,"[0, 2, 2, 5, 6, 4, 3, 2, 0, 0, 4, 5, 'X', 'X', 'X', 'X']"
2026-05-19T22:55:12.342611,1024p,Crops,crop,Bottom_50,Croped_Bottom_50_watermarked_image_1024_5.png,N:\Desktop\WORKING PAPERS\MVDW-NIKOS-PAPER\Version_22\attacked\1024p\watermarked_image_1024_5\Crops\Croped_Bottom_50_watermarked_image_1024_5.png,0,50.0,0.184,"[0, 2, 2, 5, 6, 4, 3, 2, 'X', 'X', 'X', 'X', 'X', 'X', 'X', 'X']"
2026-05-19T22:55:13.751942,1024p,Crops,crop,Bottom_75,Croped_Bottom_75_watermarked_image_1024_5.png,N:\Desktop\WORKING PAPERS\MVDW-NIKOS-PAPER\Version_22\attacked\1024p\watermarked_image_1024_5\Crops\Croped_Bottom_75_watermarked_image_1024_5.png,0,25.0,0.2708,"[0, 2, 2, 5, 'X', 'X', 'X', 'X', 'X', 'X', 'X', 'X', 'X', 'X', 'X', 'X']"
2026-05-19T22:55:15.204257,1024p,Crops,crop,Left_25,Croped_Left_25_watermarked_image_1024_5.png,N:\Desktop\WORKING PAPERS\MVDW-NIKOS-PAPER\Version_22\attacked\1024p\watermarked_image_1024_5\Crops\Croped_Left_25_watermarked_image_1024_5.png,0,75.0,0.0903,"['X', 2, 2, 5, 'X', 4, 3, 2, 'X', 0, 4, 5, 'X', 2, 6, 3]"
2026-05-19T22:55:16.658152,1024p,Crops,crop,Left_50,Croped_Left_50_watermarked_image_1024_5.png,N:\Desktop\WORKING PAPERS\MVDW-NIKOS-PAPER\Version_22\attacked\1024p\watermarked_image_1024_5\Crops\Croped_Left_50_watermarked_image_1024_5.png,0,50.0,0.184,"['X', 'X', 2, 5, 'X', 'X', 3, 2, 'X', 'X', 4, 5, 'X', 'X', 6, 3]"
2026-05-19T22:55:18.078706,1024p,Crops,crop,Left_75,Croped_Left_75_watermarked_image_1024_5.png,N:\Desktop\WORKING PAPERS\MVDW-NIKOS-PAPER\Version_22\attacked\1024p\watermarked_image_1024_5\Crops\Croped_Left_75_watermarked_image_1024_5.png,0,25.0,0.2708,"['X', 'X', 'X', 5, 'X', 'X', 'X', 2, 'X', 'X', 'X', 5, 'X', 'X', 'X', 3]"
2026-05-19T22:55:19.549195,1024p,Crops,crop,Right_25,Croped_Right_25_watermarked_image_1024_5.png,N:\Desktop\WORKING PAPERS\MVDW-NIKOS-PAPER\Version_22\attacked\1024p\watermarked_image_1024_5\Crops\Croped_Right_25_watermarked_image_1024_5.png,0,75.0,0.0972,"[0, 2, 2, 'X', 6, 4, 3, 'X', 0, 0, 4, 'X', 1, 2, 6, 'X']"
2026-05-19T22:55:20.998747,1024p,Crops,crop,Right_50,Croped_Right_50_watermarked_image_1024_5.png,N:\Desktop\WORKING PAPERS\MVDW-NIKOS-PAPER\Version_22\attacked\1024p\watermarked_image_1024_5\Crops\Croped_Right_50_watermarked_image_1024_5.png,0,50.0,0.184,"[0, 2, 'X', 'X', 6, 4, 'X', 'X', 0, 0, 'X', 'X', 1, 2, 'X', 'X']"
2026-05-19T22:55:22.394779,1024p,Crops,crop,Right_75,Croped_Right_75_watermarked_image_1024_5.png,N:\Desktop\WORKING PAPERS\MVDW-NIKOS-PAPER\Version_22\attacked\1024p\watermarked_image_1024_5\Crops\Croped_Right_75_watermarked_image_1024_5.png,0,25.0,0.2778,"[0, 'X', 'X', 'X', 6, 'X', 'X', 'X', 0, 'X', 'X', 'X', 1, 'X', 'X', 'X']"
2026-05-19T22:55:23.849906,1024p,Crops,crop,Top_25,Croped_Top_25_watermarked_image_1024_5.png,N:\Desktop\WORKING PAPERS\MVDW-NIKOS-PAPER\Version_22\attacked\1024p\watermarked_image_1024_5\Crops\Croped_Top_25_watermarked_image_1024_5.png,0,75.0,0.0972,"['X', 'X', 'X', 'X', 6, 4, 3, 2, 0, 0, 4, 5, 1, 2, 6, 3]"
2026-05-19T22:55:25.272780,1024p,Crops,crop,Top_50,Croped_Top_50_watermarked_image_1024_5.png,N:\Desktop\WORKING PAPERS\MVDW-NIKOS-PAPER\Version_22\attacked\1024p\watermarked_image_1024_5\Crops\Croped_Top_50_watermarked_image_1024_5.png,0,50.0,0.184,"['X', 'X', 'X', 'X', 'X', 'X', 'X', 'X', 0, 0, 4, 5, 1, 2, 6, 3]"
2026-05-19T22:55:26.687713,1024p,Crops,crop,Top_75,Croped_Top_75_watermarked_image_1024_5.png,N:\Desktop\WORKING PAPERS\MVDW-NIKOS-PAPER\Version_22\attacked\1024p\watermarked_image_1024_5\Crops\Croped_Top_75_watermarked_image_1024_5.png,0,25.0,0.2778,"['X', 'X', 'X', 'X', 'X', 'X', 'X', 'X', 'X', 'X', 'X', 'X', 1, 2, 6, 3]"
2026-05-19T22:55:28.191394,1024p,Filters,jpeg,50,Compressed_q50_watermarked_image_1024_5.jpg,N:\Desktop\WORKING PAPERS\MVDW-NIKOS-PAPER\Version_22\attacked\1024p\watermarked_image_1024_5\Filters\Compressed_q50_watermarked_image_1024_5.jpg,0,18.75,0.3368,"['X', 'X', 'X', 'X', 6, 'X', 3, 'X', 'X', 'X', 'X', 'X', 'X', 2, 'X', 'X']"
2026-05-19T22:55:29.656773,1024p,Filters,jpeg,70,Compressed_q70_watermarked_image_1024_5.jpg,N:\Desktop\WORKING PAPERS\MVDW-NIKOS-PAPER\Version_22\attacked\1024p\watermarked_image_1024_5\Filters\Compressed_q70_watermarked_image_1024_5.jpg,0,50.0,0.1667,"['X', 'X', 2, 'X', 'X', 4, 3, 'X', 0, 0, 4, 'X', 'X', 2, 'X', 3]"
2026-05-19T22:55:31.111273,1024p,Filters,jpeg,90,Compressed_q90_watermarked_image_1024_5.jpg,N:\Desktop\WORKING PAPERS\MVDW-NIKOS-PAPER\Version_22\attacked\1024p\watermarked_image_1024_5\Filters\Compressed_q90_watermarked_image_1024_5.jpg,0,62.5,0.0781,"['X', 2, 2, 'X', 6, 4, 3, 2, 0, 0, 4, 5, 'X', 'X', 'X', 'X']"
2026-05-19T22:55:32.598817,1024p,Filters,gaussian_blur,3,GB_k3_watermarked_image_1024_5.png,N:\Desktop\WORKING PAPERS\MVDW-NIKOS-PAPER\Version_22\attacked\1024p\watermarked_image_1024_5\Filters\GB_k3_watermarked_image_1024_5.png,0,18.75,0.283,"['X', 'X', 'X', 'X', 'X', 'X', 3, 'X', 'X', 'X', 4, 5, 'X', 'X', 'X', 'X']"
2026-05-19T22:55:34.034382,1024p,Filters,gaussian_blur,5,GB_k5_watermarked_image_1024_5.png,N:\Desktop\WORKING PAPERS\MVDW-NIKOS-PAPER\Version_22\attacked\1024p\watermarked_image_1024_5\Filters\GB_k5_watermarked_image_1024_5.png,0,6.25,0.3142,"['X', 'X', 'X', 'X', 'X', 'X', 'X', 'X', 'X', 'X', 4, 'X', 'X', 'X', 'X', 'X']"
2026-05-19T22:55:35.509134,1024p,Filters,gaussian_blur,7,GB_k7_watermarked_image_1024_5.png,N:\Desktop\WORKING PAPERS\MVDW-NIKOS-PAPER\Version_22\attacked\1024p\watermarked_image_1024_5\Filters\GB_k7_watermarked_image_1024_5.png,0,6.25,0.3038,"['X', 'X', 'X', 'X', 'X', 'X', 'X', 'X', 'X', 'X', 'X', 'X', 'X', 'X', 6, 'X']"
2026-05-19T22:55:37.003927,1024p,Filters,gaussian_noise,0.05,GN_lvl0.05_watermarked_image_1024_5.png,N:\Desktop\WORKING PAPERS\MVDW-NIKOS-PAPER\Version_22\attacked\1024p\watermarked_image_1024_5\Filters\GN_lvl0.05_watermarked_image_1024_5.png,0,100.0,0.0,"[0, 2, 2, 5, 6, 4, 3, 2, 0, 0, 4, 5, 1, 2, 6, 3]"
2026-05-19T22:55:38.467619,1024p,Filters,gaussian_noise,0.1,GN_lvl0.1_watermarked_image_1024_5.png,N:\Desktop\WORKING PAPERS\MVDW-NIKOS-PAPER\Version_22\attacked\1024p\watermarked_image_1024_5\Filters\GN_lvl0.1_watermarked_image_1024_5.png,0,100.0,0.0,"[0, 2, 2, 5, 6, 4, 3, 2, 0, 0, 4, 5, 1, 2, 6, 3]"
2026-05-19T22:55:39.946658,1024p,Filters,gaussian_noise,0.2,GN_lvl0.2_watermarked_image_1024_5.png,N:\Desktop\WORKING PAPERS\MVDW-NIKOS-PAPER\Version_22\attacked\1024p\watermarked_image_1024_5\Filters\GN_lvl0.2_watermarked_image_1024_5.png,0,100.0,0.0,"[0, 2, 2, 5, 6, 4, 3, 2, 0, 0, 4, 5, 1, 2, 6, 3]"
2026-05-19T22:55:41.414601,1024p,Filters,gamma,,Gamma_watermarked_image_1024_5.png,N:\Desktop\WORKING PAPERS\MVDW-NIKOS-PAPER\Version_22\attacked\1024p\watermarked_image_1024_5\Filters\Gamma_watermarked_image_1024_5.png,0,100.0,0.0,"[0, 2, 2, 5, 6, 4, 3, 2, 0, 0, 4, 5, 1, 2, 6, 3]"
2026-05-19T22:55:42.857746,1024p,Filters,histogram_equalization,,HEQ_watermarked_image_1024_5.png,N:\Desktop\WORKING PAPERS\MVDW-NIKOS-PAPER\Version_22\attacked\1024p\watermarked_image_1024_5\Filters\HEQ_watermarked_image_1024_5.png,0,100.0,0.0,"[0, 2, 2, 5, 6, 4, 3, 2, 0, 0, 4, 5, 1, 2, 6, 3]"
2026-05-19T22:55:44.329752,1024p,Filters,motion_blur,3,MB_k3_watermarked_image_1024_5.png,N:\Desktop\WORKING PAPERS\MVDW-NIKOS-PAPER\Version_22\attacked\1024p\watermarked_image_1024_5\Filters\MB_k3_watermarked_image_1024_5.png,0,75.0,0.0868,"['X', 2, 2, 'X', 6, 4, 3, 2, 0, 0, 4, 5, 'X', 2, 6, 'X']"
2026-05-19T22:55:45.830161,1024p,Filters,motion_blur,5,MB_k5_watermarked_image_1024_5.png,N:\Desktop\WORKING PAPERS\MVDW-NIKOS-PAPER\Version_22\attacked\1024p\watermarked_image_1024_5\Filters\MB_k5_watermarked_image_1024_5.png,0,93.75,0.0069,"[0, 2, 2, 5, 'X', 4, 3, 2, 0, 0, 4, 5, 1, 2, 6, 3]"
2026-05-19T22:55:47.333492,1024p,Filters,motion_blur,7,MB_k7_watermarked_image_1024_5.png,N:\Desktop\WORKING PAPERS\MVDW-NIKOS-PAPER\Version_22\attacked\1024p\watermarked_image_1024_5\Filters\MB_k7_watermarked_image_1024_5.png,0,50.0,0.1198,"['X', 2, 'X', 'X', 'X', 4, 3, 'X', 'X', 0, 4, 5, 'X', 2, 6, 'X']"
2026-05-19T22:55:48.829871,1024p,Filters,mean_filter,3,MEAN_k3_watermarked_image_1024_5.png,N:\Desktop\WORKING PAPERS\MVDW-NIKOS-PAPER\Version_22\attacked\1024p\watermarked_image_1024_5\Filters\MEAN_k3_watermarked_image_1024_5.png,0,62.5,0.0972,"['X', 2, 2, 'X', 'X', 4, 3, 'X', 0, 0, 4, 5, 'X', 2, 6, 'X']"
2026-05-19T22:55:50.333157,1024p,Filters,mean_filter,5,MEAN_k5_watermarked_image_1024_5.png,N:\Desktop\WORKING PAPERS\MVDW-NIKOS-PAPER\Version_22\attacked\1024p\watermarked_image_1024_5\Filters\MEAN_k5_watermarked_image_1024_5.png,0,31.25,0.1771,"['X', 2, 'X', 'X', 'X', 'X', 'X', 2, 'X', 0, 4, 'X', 'X', 'X', 6, 'X']"
2026-05-19T22:55:51.813841,1024p,Filters,median_filter,3,MF_k3_watermarked_image_1024_5.png,N:\Desktop\WORKING PAPERS\MVDW-NIKOS-PAPER\Version_22\attacked\1024p\watermarked_image_1024_5\Filters\MF_k3_watermarked_image_1024_5.png,0,75.0,0.0365,"[0, 2, 2, 5, 'X', 4, 3, 'X', 'X', 0, 4, 5, 1, 'X', 6, 3]"
2026-05-19T22:55:53.284000,1024p,Filters,median_filter,5,MF_k5_watermarked_image_1024_5.png,N:\Desktop\WORKING PAPERS\MVDW-NIKOS-PAPER\Version_22\attacked\1024p\watermarked_image_1024_5\Filters\MF_k5_watermarked_image_1024_5.png,0,43.75,0.1076,"[0, 2, 'X', 5, 6, 'X', 3, 'X', 'X', 'X', 'X', 'X', 1, 'X', 'X', 3]"
2026-05-19T22:55:54.771478,1024p,Filters,median_filter,7,MF_k7_watermarked_image_1024_5.png,N:\Desktop\WORKING PAPERS\MVDW-NIKOS-PAPER\Version_22\attacked\1024p\watermarked_image_1024_5\Filters\MF_k7_watermarked_image_1024_5.png,0,37.5,0.1962,"['X', 2, 'X', 5, 'X', 'X', 3, 'X', 'X', 'X', 4, 'X', 1, 'X', 'X', 3]"
2026-05-19T22:55:56.253034,1024p,Filters,sharpening,,SHARP_watermarked_image_1024_5.png,N:\Desktop\WORKING PAPERS\MVDW-NIKOS-PAPER\Version_22\attacked\1024p\watermarked_image_1024_5\Filters\SHARP_watermarked_image_1024_5.png,0,100.0,0.0,"[0, 2, 2, 5, 6, 4, 3, 2, 0, 0, 4, 5, 1, 2, 6, 3]"
2026-05-19T22:55:57.715489,1024p,Filters,salt_pepper,0.05,SaP_p0.05_watermarked_image_1024_5.png,N:\Desktop\WORKING PAPERS\MVDW-NIKOS-PAPER\Version_22\attacked\1024p\watermarked_image_1024_5\Filters\SaP_p0.05_watermarked_image_1024_5.png,0,18.75,0.2899,"['X', 'X', 2, 'X', 'X', 'X', 3, 'X', 'X', 'X', 'X', 'X', 'X', 'X', 6, 'X']"
2026-05-19T22:55:59.210001,1024p,Filters,salt_pepper,0.1,SaP_p0.1_watermarked_image_1024_5.png,N:\Desktop\WORKING PAPERS\MVDW-NIKOS-PAPER\Version_22\attacked\1024p\watermarked_image_1024_5\Filters\SaP_p0.1_watermarked_image_1024_5.png,0,12.5,0.3472,"['X', 'X', 'X', 'X', 6, 'X', 3, 'X', 'X', 'X', 'X', 'X', 'X', 'X', 'X', 'X']"
2026-05-19T22:56:00.746483,1024p,Filters,salt_pepper,0.2,SaP_p0.2_watermarked_image_1024_5.png,N:\Desktop\WORKING PAPERS\MVDW-NIKOS-PAPER\Version_22\attacked\1024p\watermarked_image_1024_5\Filters\SaP_p0.2_watermarked_image_1024_5.png,0,18.75,0.3368,"['X', 2, 2, 'X', 'X', 4, 'X', 'X', 'X', 'X', 'X', 'X', 'X', 'X', 'X', 'X']"
2026-05-19T22:56:02.221536,1024p,Geometric,horizontal_flip,,HFLIP_watermarked_image_1024_5.png,N:\Desktop\WORKING PAPERS\MVDW-NIKOS-PAPER\Version_22\attacked\1024p\watermarked_image_1024_5\Geometric\HFLIP_watermarked_image_1024_5.png,0,31.25,0.3524,"['X', 'X', 2, 'X', 'X', 'X', 'X', 2, 'X', 0, 4, 'X', 'X', 'X', 6, 'X']"
2026-05-19T22:56:03.685957,1024p,Geometric,rotation,-10,ROT_-10_watermarked_image_1024_5.png,N:\Desktop\WORKING PAPERS\MVDW-NIKOS-PAPER\Version_22\attacked\1024p\watermarked_image_1024_5\Geometric\ROT_-10_watermarked_image_1024_5.png,0,6.25,0.3229,"['X', 'X', 'X', 5, 'X', 'X', 'X', 'X', 'X', 'X', 'X', 'X', 'X', 'X', 'X', 'X']"
2026-05-19T22:56:05.167490,1024p,Geometric,rotation,10,ROT_10_watermarked_image_1024_5.png,N:\Desktop\WORKING PAPERS\MVDW-NIKOS-PAPER\Version_22\attacked\1024p\watermarked_image_1024_5\Geometric\ROT_10_watermarked_image_1024_5.png,0,12.5,0.3333,"['X', 2, 'X', 'X', 'X', 'X', 'X', 'X', 'X', 'X', 4, 'X', 'X', 'X', 'X', 'X']"
2026-05-19T22:56:06.678082,1024p,Geometric,rotation,5,ROT_5_watermarked_image_1024_5.png,N:\Desktop\WORKING PAPERS\MVDW-NIKOS-PAPER\Version_22\attacked\1024p\watermarked_image_1024_5\Geometric\ROT_5_watermarked_image_1024_5.png,0,18.75,0.3646,"['X', 'X', 'X', 'X', 'X', 'X', 'X', 'X', 'X', 'X', 'X', 5, 'X', 2, 6, 'X']"
2026-05-19T22:56:08.132794,1024p,Geometric,translation,x10_y10,TRANS_x10_y10_watermarked_image_1024_5.png,N:\Desktop\WORKING PAPERS\MVDW-NIKOS-PAPER\Version_22\attacked\1024p\watermarked_image_1024_5\Geometric\TRANS_x10_y10_watermarked_image_1024_5.png,0,25.0,0.2812,"['X', 'X', 'X', 'X', 6, 4, 'X', 'X', 'X', 'X', 4, 'X', 'X', 'X', 6, 'X']"
2026-05-19T22:56:09.620176,1024p,Geometric,translation,x5_y5,TRANS_x5_y5_watermarked_image_1024_5.png,N:\Desktop\WORKING PAPERS\MVDW-NIKOS-PAPER\Version_22\attacked\1024p\watermarked_image_1024_5\Geometric\TRANS_x5_y5_watermarked_image_1024_5.png,0,12.5,0.2465,"['X', 'X', 'X', 'X', 6, 'X', 'X', 'X', 0, 'X', 'X', 'X', 'X', 'X', 'X', 'X']"
2026-05-19T22:56:11.103716,1024p,Resize,resize,110,RESIZE_110_watermarked_image_1024_5.png,N:\Desktop\WORKING PAPERS\MVDW-NIKOS-PAPER\Version_22\attacked\1024p\watermarked_image_1024_5\Resize\RESIZE_110_watermarked_image_1024_5.png,0,100.0,0.0,"[0, 2, 2, 5, 6, 4, 3, 2, 0, 0, 4, 5, 1, 2, 6, 3]"
2026-05-19T22:56:12.611657,1024p,Resize,resize,90,RESIZE_90_watermarked_image_1024_5.png,N:\Desktop\WORKING PAPERS\MVDW-NIKOS-PAPER\Version_22\attacked\1024p\watermarked_image_1024_5\Resize\RESIZE_90_watermarked_image_1024_5.png,0,56.25,0.0365,"[0, 2, 'X', 5, 'X', 'X', 'X', 'X', 0, 0, 'X', 5, 1, 'X', 6, 3]"
2026-05-19T22:56:14.126058,1080p,Crops,crop,BothHorizontal_25,Croped_BothHorizontal_25_watermarked_image_1080_1.png,N:\Desktop\WORKING PAPERS\MVDW-NIKOS-PAPER\Version_22\attacked\1080p\watermarked_image_1080_1\Crops\Croped_BothHorizontal_25_watermarked_image_1080_1.png,0,75.0,0.0868,"['X', 'X', 2, 'X', 6, 4, 3, 2, 0, 0, 4, 5, 1, 'X', 6, 3]"
2026-05-19T22:56:15.617419,1080p,Crops,crop,BothHorizontal_50,Croped_BothHorizontal_50_watermarked_image_1080_1.png,N:\Desktop\WORKING PAPERS\MVDW-NIKOS-PAPER\Version_22\attacked\1080p\watermarked_image_1080_1\Crops\Croped_BothHorizontal_50_watermarked_image_1080_1.png,0,50.0,0.1875,"['X', 'X', 'X', 'X', 6, 4, 3, 2, 0, 0, 4, 5, 'X', 'X', 'X', 'X']"
2026-05-19T22:56:17.077808,1080p,Crops,crop,BothHorizontal_75,Croped_BothHorizontal_75_watermarked_image_1080_1.png,N:\Desktop\WORKING PAPERS\MVDW-NIKOS-PAPER\Version_22\attacked\1080p\watermarked_image_1080_1\Crops\Croped_BothHorizontal_75_watermarked_image_1080_1.png,0,25.0,0.2847,"['X', 'X', 'X', 'X', 6, 4, 3, 'X', 'X', 'X', 4, 'X', 'X', 'X', 'X', 'X']"
2026-05-19T22:56:18.542008,1080p,Crops,crop,BothVertical_25,Croped_BothVertical_25_watermarked_image_1080_1.png,N:\Desktop\WORKING PAPERS\MVDW-NIKOS-PAPER\Version_22\attacked\1080p\watermarked_image_1080_1\Crops\Croped_BothVertical_25_watermarked_image_1080_1.png,0,75.0,0.0903,"[0, 2, 2, 5, 'X', 4, 3, 2, 'X', 0, 4, 5, 'X', 2, 6, 'X']"
2026-05-19T22:56:20.001958,1080p,Crops,crop,BothVertical_50,Croped_BothVertical_50_watermarked_image_1080_1.png,N:\Desktop\WORKING PAPERS\MVDW-NIKOS-PAPER\Version_22\attacked\1080p\watermarked_image_1080_1\Crops\Croped_BothVertical_50_watermarked_image_1080_1.png,0,50.0,0.1875,"['X', 2, 2, 'X', 'X', 4, 3, 'X', 'X', 0, 4, 'X', 'X', 2, 6, 'X']"
2026-05-19T22:56:21.475959,1080p,Crops,crop,BothVertical_75,Croped_BothVertical_75_watermarked_image_1080_1.png,N:\Desktop\WORKING PAPERS\MVDW-NIKOS-PAPER\Version_22\attacked\1080p\watermarked_image_1080_1\Crops\Croped_BothVertical_75_watermarked_image_1080_1.png,0,31.25,0.2569,"['X', 'X', 2, 'X', 'X', 4, 3, 'X', 'X', 0, 'X', 'X', 'X', 'X', 6, 'X']"
2026-05-19T22:56:22.973963,1080p,Crops,crop,Bottom_25,Croped_Bottom_25_watermarked_image_1080_1.png,N:\Desktop\WORKING PAPERS\MVDW-NIKOS-PAPER\Version_22\attacked\1080p\watermarked_image_1080_1\Crops\Croped_Bottom_25_watermarked_image_1080_1.png,0,75.0,0.0903,"[0, 2, 2, 5, 6, 4, 3, 2, 0, 0, 4, 5, 'X', 'X', 'X', 'X']"
2026-05-19T22:56:24.417967,1080p,Crops,crop,Bottom_50,Croped_Bottom_50_watermarked_image_1080_1.png,N:\Desktop\WORKING PAPERS\MVDW-NIKOS-PAPER\Version_22\attacked\1080p\watermarked_image_1080_1\Crops\Croped_Bottom_50_watermarked_image_1080_1.png,0,50.0,0.184,"[0, 2, 2, 5, 6, 4, 3, 2, 'X', 'X', 'X', 'X', 'X', 'X', 'X', 'X']"
2026-05-19T22:56:25.899304,1080p,Crops,crop,Bottom_75,Croped_Bottom_75_watermarked_image_1080_1.png,N:\Desktop\WORKING PAPERS\MVDW-NIKOS-PAPER\Version_22\attacked\1080p\watermarked_image_1080_1\Crops\Croped_Bottom_75_watermarked_image_1080_1.png,0,25.0,0.2708,"[0, 2, 2, 5, 'X', 'X', 'X', 'X', 'X', 'X', 'X', 'X', 'X', 'X', 'X', 'X']"
2026-05-19T22:56:27.463069,1080p,Crops,crop,Left_25,Croped_Left_25_watermarked_image_1080_1.png,N:\Desktop\WORKING PAPERS\MVDW-NIKOS-PAPER\Version_22\attacked\1080p\watermarked_image_1080_1\Crops\Croped_Left_25_watermarked_image_1080_1.png,0,75.0,0.0903,"['X', 2, 2, 5, 'X', 4, 3, 2, 'X', 0, 4, 5, 'X', 2, 6, 3]"
2026-05-19T22:56:28.955048,1080p,Crops,crop,Left_50,Croped_Left_50_watermarked_image_1080_1.png,N:\Desktop\WORKING PAPERS\MVDW-NIKOS-PAPER\Version_22\attacked\1080p\watermarked_image_1080_1\Crops\Croped_Left_50_watermarked_image_1080_1.png,0,50.0,0.184,"['X', 'X', 2, 5, 'X', 'X', 3, 2, 'X', 'X', 4, 5, 'X', 'X', 6, 3]"
2026-05-19T22:56:30.434905,1080p,Crops,crop,Left_75,Croped_Left_75_watermarked_image_1080_1.png,N:\Desktop\WORKING PAPERS\MVDW-NIKOS-PAPER\Version_22\attacked\1080p\watermarked_image_1080_1\Crops\Croped_Left_75_watermarked_image_1080_1.png,0,25.0,0.2708,"['X', 'X', 'X', 5, 'X', 'X', 'X', 2, 'X', 'X', 'X', 5, 'X', 'X', 'X', 3]"
2026-05-19T22:56:31.948043,1080p,Crops,crop,Right_25,Croped_Right_25_watermarked_image_1080_1.png,N:\Desktop\WORKING PAPERS\MVDW-NIKOS-PAPER\Version_22\attacked\1080p\watermarked_image_1080_1\Crops\Croped_Right_25_watermarked_image_1080_1.png,0,75.0,0.0972,"[0, 2, 2, 'X', 6, 4, 3, 'X', 0, 0, 4, 'X', 1, 2, 6, 'X']"
2026-05-19T22:56:33.467717,1080p,Crops,crop,Right_50,Croped_Right_50_watermarked_image_1080_1.png,N:\Desktop\WORKING PAPERS\MVDW-NIKOS-PAPER\Version_22\attacked\1080p\watermarked_image_1080_1\Crops\Croped_Right_50_watermarked_image_1080_1.png,0,50.0,0.184,"[0, 2, 'X', 'X', 6, 4, 'X', 'X', 0, 0, 'X', 'X', 1, 2, 'X', 'X']"
2026-05-19T22:56:34.901538,1080p,Crops,crop,Right_75,Croped_Right_75_watermarked_image_1080_1.png,N:\Desktop\WORKING PAPERS\MVDW-NIKOS-PAPER\Version_22\attacked\1080p\watermarked_image_1080_1\Crops\Croped_Right_75_watermarked_image_1080_1.png,0,25.0,0.2778,"[0, 'X', 'X', 'X', 6, 'X', 'X', 'X', 0, 'X', 'X', 'X', 1, 'X', 'X', 'X']"
2026-05-19T22:56:36.451522,1080p,Crops,crop,Top_25,Croped_Top_25_watermarked_image_1080_1.png,N:\Desktop\WORKING PAPERS\MVDW-NIKOS-PAPER\Version_22\attacked\1080p\watermarked_image_1080_1\Crops\Croped_Top_25_watermarked_image_1080_1.png,0,75.0,0.0972,"['X', 'X', 'X', 'X', 6, 4, 3, 2, 0, 0, 4, 5, 1, 2, 6, 3]"
2026-05-19T22:56:37.938460,1080p,Crops,crop,Top_50,Croped_Top_50_watermarked_image_1080_1.png,N:\Desktop\WORKING PAPERS\MVDW-NIKOS-PAPER\Version_22\attacked\1080p\watermarked_image_1080_1\Crops\Croped_Top_50_watermarked_image_1080_1.png,0,50.0,0.184,"['X', 'X', 'X', 'X', 'X', 'X', 'X', 'X', 0, 0, 4, 5, 1, 2, 6, 3]"
2026-05-19T22:56:39.403796,1080p,Crops,crop,Top_75,Croped_Top_75_watermarked_image_1080_1.png,N:\Desktop\WORKING PAPERS\MVDW-NIKOS-PAPER\Version_22\attacked\1080p\watermarked_image_1080_1\Crops\Croped_Top_75_watermarked_image_1080_1.png,0,25.0,0.2778,"['X', 'X', 'X', 'X', 'X', 'X', 'X', 'X', 'X', 'X', 'X', 'X', 1, 2, 6, 3]"
2026-05-19T22:56:40.901761,1080p,Filters,jpeg,50,Compressed_q50_watermarked_image_1080_1.jpg,N:\Desktop\WORKING PAPERS\MVDW-NIKOS-PAPER\Version_22\attacked\1080p\watermarked_image_1080_1\Filters\Compressed_q50_watermarked_image_1080_1.jpg,0,12.5,0.3594,"['X', 'X', 'X', 5, 'X', 'X', 'X', 'X', 'X', 'X', 'X', 5, 'X', 'X', 'X', 'X']"
2026-05-19T22:56:42.425036,1080p,Filters,jpeg,70,Compressed_q70_watermarked_image_1080_1.jpg,N:\Desktop\WORKING PAPERS\MVDW-NIKOS-PAPER\Version_22\attacked\1080p\watermarked_image_1080_1\Filters\Compressed_q70_watermarked_image_1080_1.jpg,0,25.0,0.2101,"['X', 2, 'X', 'X', 6, 'X', 3, 'X', 0, 'X', 'X', 'X', 'X', 'X', 'X', 'X']"
2026-05-19T22:56:43.960012,1080p,Filters,jpeg,90,Compressed_q90_watermarked_image_1080_1.jpg,N:\Desktop\WORKING PAPERS\MVDW-NIKOS-PAPER\Version_22\attacked\1080p\watermarked_image_1080_1\Filters\Compressed_q90_watermarked_image_1080_1.jpg,0,93.75,0.0035,"[0, 2, 2, 5, 6, 4, 3, 2, 0, 0, 4, 5, 1, 2, 6, 'X']"
2026-05-19T22:56:45.446062,1080p,Filters,gaussian_blur,3,GB_k3_watermarked_image_1080_1.png,N:\Desktop\WORKING PAPERS\MVDW-NIKOS-PAPER\Version_22\attacked\1080p\watermarked_image_1080_1\Filters\GB_k3_watermarked_image_1080_1.png,0,12.5,0.3507,"['X', 'X', 'X', 'X', 'X', 'X', 'X', 2, 'X', 'X', 'X', 5, 'X', 'X', 'X', 'X']"
2026-05-19T22:56:46.998970,1080p,Filters,gaussian_blur,5,GB_k5_watermarked_image_1080_1.png,N:\Desktop\WORKING PAPERS\MVDW-NIKOS-PAPER\Version_22\attacked\1080p\watermarked_image_1080_1\Filters\GB_k5_watermarked_image_1080_1.png,0,6.25,0.3316,"['X', 'X', 'X', 'X', 'X', 'X', 'X', 'X', 'X', 'X', 'X', 'X', 'X', 2, 'X', 'X']"
2026-05-19T22:56:48.567128,1080p,Filters,gaussian_blur,7,GB_k7_watermarked_image_1080_1.png,N:\Desktop\WORKING PAPERS\MVDW-NIKOS-PAPER\Version_22\attacked\1080p\watermarked_image_1080_1\Filters\GB_k7_watermarked_image_1080_1.png,0,6.25,0.3767,"[0, 'X', 'X', 'X', 'X', 'X', 'X', 'X', 'X', 'X', 'X', 'X', 'X', 'X', 'X', 'X']"
2026-05-19T22:56:50.145258,1080p,Filters,gaussian_noise,0.05,GN_lvl0.05_watermarked_image_1080_1.png,N:\Desktop\WORKING PAPERS\MVDW-NIKOS-PAPER\Version_22\attacked\1080p\watermarked_image_1080_1\Filters\GN_lvl0.05_watermarked_image_1080_1.png,0,100.0,0.0,"[0, 2, 2, 5, 6, 4, 3, 2, 0, 0, 4, 5, 1, 2, 6, 3]"
2026-05-19T22:56:51.670147,1080p,Filters,gaussian_noise,0.1,GN_lvl0.1_watermarked_image_1080_1.png,N:\Desktop\WORKING PAPERS\MVDW-NIKOS-PAPER\Version_22\attacked\1080p\watermarked_image_1080_1\Filters\GN_lvl0.1_watermarked_image_1080_1.png,0,100.0,0.0,"[0, 2, 2, 5, 6, 4, 3, 2, 0, 0, 4, 5, 1, 2, 6, 3]"
2026-05-19T22:56:53.201250,1080p,Filters,gaussian_noise,0.2,GN_lvl0.2_watermarked_image_1080_1.png,N:\Desktop\WORKING PAPERS\MVDW-NIKOS-PAPER\Version_22\attacked\1080p\watermarked_image_1080_1\Filters\GN_lvl0.2_watermarked_image_1080_1.png,0,100.0,0.0,"[0, 2, 2, 5, 6, 4, 3, 2, 0, 0, 4, 5, 1, 2, 6, 3]"
2026-05-19T22:56:54.672000,1080p,Filters,gamma,,Gamma_watermarked_image_1080_1.png,N:\Desktop\WORKING PAPERS\MVDW-NIKOS-PAPER\Version_22\attacked\1080p\watermarked_image_1080_1\Filters\Gamma_watermarked_image_1080_1.png,0,43.75,0.1875,"[0, 2, 'X', 5, 'X', 'X', 'X', 'X', 0, 'X', 'X', 5, 1, 'X', 6, 'X']"
2026-05-19T22:56:56.267755,1080p,Filters,histogram_equalization,,HEQ_watermarked_image_1080_1.png,N:\Desktop\WORKING PAPERS\MVDW-NIKOS-PAPER\Version_22\attacked\1080p\watermarked_image_1080_1\Filters\HEQ_watermarked_image_1080_1.png,0,93.75,0.0052,"[0, 2, 2, 5, 6, 4, 3, 2, 0, 0, 4, 5, 1, 2, 6, 'X']"
2026-05-19T22:56:57.811756,1080p,Filters,motion_blur,3,MB_k3_watermarked_image_1080_1.png,N:\Desktop\WORKING PAPERS\MVDW-NIKOS-PAPER\Version_22\attacked\1080p\watermarked_image_1080_1\Filters\MB_k3_watermarked_image_1080_1.png,0,100.0,0.0,"[0, 2, 2, 5, 6, 4, 3, 2, 0, 0, 4, 5, 1, 2, 6, 3]"
2026-05-19T22:56:59.371438,1080p,Filters,motion_blur,5,MB_k5_watermarked_image_1080_1.png,N:\Desktop\WORKING PAPERS\MVDW-NIKOS-PAPER\Version_22\attacked\1080p\watermarked_image_1080_1\Filters\MB_k5_watermarked_image_1080_1.png,0,100.0,0.0017,"[0, 2, 2, 5, 6, 4, 3, 2, 0, 0, 4, 5, 1, 2, 6, 3]"
2026-05-19T22:57:00.917715,1080p,Filters,motion_blur,7,MB_k7_watermarked_image_1080_1.png,N:\Desktop\WORKING PAPERS\MVDW-NIKOS-PAPER\Version_22\attacked\1080p\watermarked_image_1080_1\Filters\MB_k7_watermarked_image_1080_1.png,0,93.75,0.0035,"[0, 2, 2, 5, 6, 4, 3, 2, 0, 0, 4, 5, 1, 2, 6, 'X']"
2026-05-19T22:57:02.456300,1080p,Filters,mean_filter,3,MEAN_k3_watermarked_image_1080_1.png,N:\Desktop\WORKING PAPERS\MVDW-NIKOS-PAPER\Version_22\attacked\1080p\watermarked_image_1080_1\Filters\MEAN_k3_watermarked_image_1080_1.png,0,93.75,0.0069,"[0, 2, 2, 5, 6, 4, 3, 2, 0, 0, 4, 5, 1, 2, 6, 'X']"
2026-05-19T22:57:04.003245,1080p,Filters,mean_filter,5,MEAN_k5_watermarked_image_1080_1.png,N:\Desktop\WORKING PAPERS\MVDW-NIKOS-PAPER\Version_22\attacked\1080p\watermarked_image_1080_1\Filters\MEAN_k5_watermarked_image_1080_1.png,0,62.5,0.0608,"[0, 'X', 'X', 5, 6, 'X', 3, 'X', 'X', 0, 4, 5, 'X', 2, 6, 3]"
2026-05-19T22:57:05.551783,1080p,Filters,median_filter,3,MF_k3_watermarked_image_1080_1.png,N:\Desktop\WORKING PAPERS\MVDW-NIKOS-PAPER\Version_22\attacked\1080p\watermarked_image_1080_1\Filters\MF_k3_watermarked_image_1080_1.png,0,100.0,0.0,"[0, 2, 2, 5, 6, 4, 3, 2, 0, 0, 4, 5, 1, 2, 6, 3]"
2026-05-19T22:57:07.104761,1080p,Filters,median_filter,5,MF_k5_watermarked_image_1080_1.png,N:\Desktop\WORKING PAPERS\MVDW-NIKOS-PAPER\Version_22\attacked\1080p\watermarked_image_1080_1\Filters\MF_k5_watermarked_image_1080_1.png,0,81.25,0.026,"[0, 'X', 2, 5, 6, 4, 3, 2, 'X', 0, 4, 5, 1, 2, 6, 'X']"
2026-05-19T22:57:08.643949,1080p,Filters,median_filter,7,MF_k7_watermarked_image_1080_1.png,N:\Desktop\WORKING PAPERS\MVDW-NIKOS-PAPER\Version_22\attacked\1080p\watermarked_image_1080_1\Filters\MF_k7_watermarked_image_1080_1.png,0,43.75,0.1302,"[0, 'X', 'X', 5, 6, 'X', 'X', 2, 'X', 0, 4, 'X', 'X', 2, 'X', 'X']"
2026-05-19T22:57:10.226136,1080p,Filters,sharpening,,SHARP_watermarked_image_1080_1.png,N:\Desktop\WORKING PAPERS\MVDW-NIKOS-PAPER\Version_22\attacked\1080p\watermarked_image_1080_1\Filters\SHARP_watermarked_image_1080_1.png,0,93.75,0.0035,"[0, 2, 2, 5, 6, 4, 3, 2, 0, 0, 4, 5, 1, 2, 6, 'X']"
2026-05-19T22:57:11.767106,1080p,Filters,salt_pepper,0.05,SaP_p0.05_watermarked_image_1080_1.png,N:\Desktop\WORKING PAPERS\MVDW-NIKOS-PAPER\Version_22\attacked\1080p\watermarked_image_1080_1\Filters\SaP_p0.05_watermarked_image_1080_1.png,0,18.75,0.3212,"['X', 'X', 2, 'X', 6, 'X', 'X', 2, 'X', 'X', 'X', 'X', 'X', 'X', 'X', 'X']"
2026-05-19T22:57:13.330208,1080p,Filters,salt_pepper,0.1,SaP_p0.1_watermarked_image_1080_1.png,N:\Desktop\WORKING PAPERS\MVDW-NIKOS-PAPER\Version_22\attacked\1080p\watermarked_image_1080_1\Filters\SaP_p0.1_watermarked_image_1080_1.png,0,0.0,0.3628,"['X', 'X', 'X', 'X', 'X', 'X', 'X', 'X', 'X', 'X', 'X', 'X', 'X', 'X', 'X', 'X']"
2026-05-19T22:57:14.897763,1080p,Filters,salt_pepper,0.2,SaP_p0.2_watermarked_image_1080_1.png,N:\Desktop\WORKING PAPERS\MVDW-NIKOS-PAPER\Version_22\attacked\1080p\watermarked_image_1080_1\Filters\SaP_p0.2_watermarked_image_1080_1.png,0,6.25,0.3455,"['X', 'X', 'X', 'X', 'X', 'X', 'X', 'X', 'X', 'X', 4, 'X', 'X', 'X', 'X', 'X']"
2026-05-19T22:57:16.463858,1080p,Geometric,horizontal_flip,,HFLIP_watermarked_image_1080_1.png,N:\Desktop\WORKING PAPERS\MVDW-NIKOS-PAPER\Version_22\attacked\1080p\watermarked_image_1080_1\Geometric\HFLIP_watermarked_image_1080_1.png,0,6.25,0.3715,"['X', 'X', 'X', 'X', 'X', 'X', 'X', 'X', 'X', 'X', 'X', 'X', 'X', 'X', 6, 'X']"
2026-05-19T22:57:17.991122,1080p,Geometric,rotation,-10,ROT_-10_watermarked_image_1080_1.png,N:\Desktop\WORKING PAPERS\MVDW-NIKOS-PAPER\Version_22\attacked\1080p\watermarked_image_1080_1\Geometric\ROT_-10_watermarked_image_1080_1.png,0,18.75,0.375,"['X', 'X', 'X', 'X', 6, 'X', 'X', 'X', 'X', 'X', 'X', 5, 1, 'X', 'X', 'X']"
2026-05-19T22:57:19.510074,1080p,Geometric,rotation,10,ROT_10_watermarked_image_1080_1.png,N:\Desktop\WORKING PAPERS\MVDW-NIKOS-PAPER\Version_22\attacked\1080p\watermarked_image_1080_1\Geometric\ROT_10_watermarked_image_1080_1.png,0,6.25,0.3524,"['X', 'X', 'X', 'X', 'X', 'X', 'X', 'X', 'X', 'X', 'X', 'X', 'X', 2, 'X', 'X']"
2026-05-19T22:57:21.055947,1080p,Geometric,rotation,5,ROT_5_watermarked_image_1080_1.png,N:\Desktop\WORKING PAPERS\MVDW-NIKOS-PAPER\Version_22\attacked\1080p\watermarked_image_1080_1\Geometric\ROT_5_watermarked_image_1080_1.png,0,12.5,0.3819,"['X', 'X', 'X', 5, 6, 'X', 'X', 'X', 'X', 'X', 'X', 'X', 'X', 'X', 'X', 'X']"
2026-05-19T22:57:22.562933,1080p,Geometric,translation,x10_y10,TRANS_x10_y10_watermarked_image_1080_1.png,N:\Desktop\WORKING PAPERS\MVDW-NIKOS-PAPER\Version_22\attacked\1080p\watermarked_image_1080_1\Geometric\TRANS_x10_y10_watermarked_image_1080_1.png,0,12.5,0.2899,"['X', 'X', 'X', 'X', 'X', 4, 'X', 'X', 'X', 'X', 4, 'X', 'X', 'X', 'X', 'X']"
2026-05-19T22:57:24.115800,1080p,Geometric,translation,x5_y5,TRANS_x5_y5_watermarked_image_1080_1.png,N:\Desktop\WORKING PAPERS\MVDW-NIKOS-PAPER\Version_22\attacked\1080p\watermarked_image_1080_1\Geometric\TRANS_x5_y5_watermarked_image_1080_1.png,0,6.25,0.2865,"[0, 'X', 'X', 'X', 'X', 'X', 'X', 'X', 'X', 'X', 'X', 'X', 'X', 'X', 'X', 'X']"
2026-05-19T22:57:25.646430,1080p,Resize,resize,110,RESIZE_110_watermarked_image_1080_1.png,N:\Desktop\WORKING PAPERS\MVDW-NIKOS-PAPER\Version_22\attacked\1080p\watermarked_image_1080_1\Resize\RESIZE_110_watermarked_image_1080_1.png,0,93.75,0.0017,"[0, 2, 2, 5, 6, 4, 3, 2, 0, 0, 4, 5, 1, 2, 6, 'X']"
2026-05-19T22:57:27.177723,1080p,Resize,resize,90,RESIZE_90_watermarked_image_1080_1.png,N:\Desktop\WORKING PAPERS\MVDW-NIKOS-PAPER\Version_22\attacked\1080p\watermarked_image_1080_1\Resize\RESIZE_90_watermarked_image_1080_1.png,0,62.5,0.0365,"[0, 2, 2, 5, 'X', 'X', 'X', 2, 0, 'X', 'X', 5, 1, 2, 6, 'X']"
2026-05-19T22:57:28.680814,1080p,Crops,crop,BothHorizontal_25,Croped_BothHorizontal_25_watermarked_image_1080_2.png,N:\Desktop\WORKING PAPERS\MVDW-NIKOS-PAPER\Version_22\attacked\1080p\watermarked_image_1080_2\Crops\Croped_BothHorizontal_25_watermarked_image_1080_2.png,0,68.75,0.1163,"['X', 'X', 2, 'X', 6, 4, 3, 2, 0, 0, 4, 5, 1, 'X', 6, 'X']"
2026-05-19T22:57:30.156440,1080p,Crops,crop,BothHorizontal_50,Croped_BothHorizontal_50_watermarked_image_1080_2.png,N:\Desktop\WORKING PAPERS\MVDW-NIKOS-PAPER\Version_22\attacked\1080p\watermarked_image_1080_2\Crops\Croped_BothHorizontal_50_watermarked_image_1080_2.png,0,50.0,0.1875,"['X', 'X', 'X', 'X', 6, 4, 3, 2, 0, 0, 4, 5, 'X', 'X', 'X', 'X']"
2026-05-19T22:57:31.585985,1080p,Crops,crop,BothHorizontal_75,Croped_BothHorizontal_75_watermarked_image_1080_2.png,N:\Desktop\WORKING PAPERS\MVDW-NIKOS-PAPER\Version_22\attacked\1080p\watermarked_image_1080_2\Crops\Croped_BothHorizontal_75_watermarked_image_1080_2.png,0,12.5,0.3194,"['X', 'X', 'X', 'X', 6, 'X', 'X', 'X', 'X', 0, 'X', 'X', 'X', 'X', 'X', 'X']"
2026-05-19T22:57:33.081018,1080p,Crops,crop,BothVertical_25,Croped_BothVertical_25_watermarked_image_1080_2.png,N:\Desktop\WORKING PAPERS\MVDW-NIKOS-PAPER\Version_22\attacked\1080p\watermarked_image_1080_2\Crops\Croped_BothVertical_25_watermarked_image_1080_2.png,0,56.25,0.1632,"[0, 2, 2, 'X', 'X', 4, 3, 'X', 'X', 0, 4, 'X', 'X', 2, 6, 'X']"
2026-05-19T22:57:34.548160,1080p,Crops,crop,BothVertical_50,Croped_BothVertical_50_watermarked_image_1080_2.png,N:\Desktop\WORKING PAPERS\MVDW-NIKOS-PAPER\Version_22\attacked\1080p\watermarked_image_1080_2\Crops\Croped_BothVertical_50_watermarked_image_1080_2.png,0,50.0,0.1875,"['X', 2, 2, 'X', 'X', 4, 3, 'X', 'X', 0, 4, 'X', 'X', 2, 6, 'X']"
2026-05-19T22:57:36.003675,1080p,Crops,crop,BothVertical_75,Croped_BothVertical_75_watermarked_image_1080_2.png,N:\Desktop\WORKING PAPERS\MVDW-NIKOS-PAPER\Version_22\attacked\1080p\watermarked_image_1080_2\Crops\Croped_BothVertical_75_watermarked_image_1080_2.png,0,25.0,0.2743,"['X', 'X', 2, 'X', 'X', 4, 'X', 'X', 'X', 0, 'X', 'X', 'X', 2, 'X', 'X']"
2026-05-19T22:57:37.492959,1080p,Crops,crop,Bottom_25,Croped_Bottom_25_watermarked_image_1080_2.png,N:\Desktop\WORKING PAPERS\MVDW-NIKOS-PAPER\Version_22\attacked\1080p\watermarked_image_1080_2\Crops\Croped_Bottom_25_watermarked_image_1080_2.png,0,75.0,0.0903,"[0, 2, 2, 5, 6, 4, 3, 2, 0, 0, 4, 5, 'X', 'X', 'X', 'X']"
2026-05-19T22:57:38.984509,1080p,Crops,crop,Bottom_50,Croped_Bottom_50_watermarked_image_1080_2.png,N:\Desktop\WORKING PAPERS\MVDW-NIKOS-PAPER\Version_22\attacked\1080p\watermarked_image_1080_2\Crops\Croped_Bottom_50_watermarked_image_1080_2.png,0,50.0,0.184,"[0, 2, 2, 5, 6, 4, 3, 2, 'X', 'X', 'X', 'X', 'X', 'X', 'X', 'X']"
2026-05-19T22:57:40.435689,1080p,Crops,crop,Bottom_75,Croped_Bottom_75_watermarked_image_1080_2.png,N:\Desktop\WORKING PAPERS\MVDW-NIKOS-PAPER\Version_22\attacked\1080p\watermarked_image_1080_2\Crops\Croped_Bottom_75_watermarked_image_1080_2.png,0,25.0,0.2708,"[0, 2, 2, 5, 'X', 'X', 'X', 'X', 'X', 'X', 'X', 'X', 'X', 'X', 'X', 'X']"
2026-05-19T22:57:41.960340,1080p,Crops,crop,Left_25,Croped_Left_25_watermarked_image_1080_2.png,N:\Desktop\WORKING PAPERS\MVDW-NIKOS-PAPER\Version_22\attacked\1080p\watermarked_image_1080_2\Crops\Croped_Left_25_watermarked_image_1080_2.png,0,75.0,0.0903,"['X', 2, 2, 5, 'X', 4, 3, 2, 'X', 0, 4, 5, 'X', 2, 6, 3]"
2026-05-19T22:57:43.429942,1080p,Crops,crop,Left_50,Croped_Left_50_watermarked_image_1080_2.png,N:\Desktop\WORKING PAPERS\MVDW-NIKOS-PAPER\Version_22\attacked\1080p\watermarked_image_1080_2\Crops\Croped_Left_50_watermarked_image_1080_2.png,0,50.0,0.184,"['X', 'X', 2, 5, 'X', 'X', 3, 2, 'X', 'X', 4, 5, 'X', 'X', 6, 3]"
2026-05-19T22:57:44.866251,1080p,Crops,crop,Left_75,Croped_Left_75_watermarked_image_1080_2.png,N:\Desktop\WORKING PAPERS\MVDW-NIKOS-PAPER\Version_22\attacked\1080p\watermarked_image_1080_2\Crops\Croped_Left_75_watermarked_image_1080_2.png,0,25.0,0.2708,"['X', 'X', 'X', 5, 'X', 'X', 'X', 2, 'X', 'X', 'X', 5, 'X', 'X', 'X', 3]"
2026-05-19T22:57:46.360348,1080p,Crops,crop,Right_25,Croped_Right_25_watermarked_image_1080_2.png,N:\Desktop\WORKING PAPERS\MVDW-NIKOS-PAPER\Version_22\attacked\1080p\watermarked_image_1080_2\Crops\Croped_Right_25_watermarked_image_1080_2.png,0,75.0,0.0972,"[0, 2, 2, 'X', 6, 4, 3, 'X', 0, 0, 4, 'X', 1, 2, 6, 'X']"
2026-05-19T22:57:47.839101,1080p,Crops,crop,Right_50,Croped_Right_50_watermarked_image_1080_2.png,N:\Desktop\WORKING PAPERS\MVDW-NIKOS-PAPER\Version_22\attacked\1080p\watermarked_image_1080_2\Crops\Croped_Right_50_watermarked_image_1080_2.png,0,50.0,0.184,"[0, 2, 'X', 'X', 6, 4, 'X', 'X', 0, 0, 'X', 'X', 1, 2, 'X', 'X']"
2026-05-19T22:57:49.257588,1080p,Crops,crop,Right_75,Croped_Right_75_watermarked_image_1080_2.png,N:\Desktop\WORKING PAPERS\MVDW-NIKOS-PAPER\Version_22\attacked\1080p\watermarked_image_1080_2\Crops\Croped_Right_75_watermarked_image_1080_2.png,0,25.0,0.2778,"[0, 'X', 'X', 'X', 6, 'X', 'X', 'X', 0, 'X', 'X', 'X', 1, 'X', 'X', 'X']"
2026-05-19T22:57:50.770172,1080p,Crops,crop,Top_25,Croped_Top_25_watermarked_image_1080_2.png,N:\Desktop\WORKING PAPERS\MVDW-NIKOS-PAPER\Version_22\attacked\1080p\watermarked_image_1080_2\Crops\Croped_Top_25_watermarked_image_1080_2.png,0,75.0,0.0972,"['X', 'X', 'X', 'X', 6, 4, 3, 2, 0, 0, 4, 5, 1, 2, 6, 3]"
2026-05-19T22:57:52.247693,1080p,Crops,crop,Top_50,Croped_Top_50_watermarked_image_1080_2.png,N:\Desktop\WORKING PAPERS\MVDW-NIKOS-PAPER\Version_22\attacked\1080p\watermarked_image_1080_2\Crops\Croped_Top_50_watermarked_image_1080_2.png,0,50.0,0.184,"['X', 'X', 'X', 'X', 'X', 'X', 'X', 'X', 0, 0, 4, 5, 1, 2, 6, 3]"
2026-05-19T22:57:53.688816,1080p,Crops,crop,Top_75,Croped_Top_75_watermarked_image_1080_2.png,N:\Desktop\WORKING PAPERS\MVDW-NIKOS-PAPER\Version_22\attacked\1080p\watermarked_image_1080_2\Crops\Croped_Top_75_watermarked_image_1080_2.png,0,25.0,0.2778,"['X', 'X', 'X', 'X', 'X', 'X', 'X', 'X', 'X', 'X', 'X', 'X', 1, 2, 6, 3]"
2026-05-19T22:57:55.225762,1080p,Filters,jpeg,50,Compressed_q50_watermarked_image_1080_2.jpg,N:\Desktop\WORKING PAPERS\MVDW-NIKOS-PAPER\Version_22\attacked\1080p\watermarked_image_1080_2\Filters\Compressed_q50_watermarked_image_1080_2.jpg,0,12.5,0.3802,"['X', 'X', 'X', 5, 'X', 'X', 'X', 'X', 'X', 'X', 'X', 5, 'X', 'X', 'X', 'X']"
2026-05-19T22:57:56.753253,1080p,Filters,jpeg,70,Compressed_q70_watermarked_image_1080_2.jpg,N:\Desktop\WORKING PAPERS\MVDW-NIKOS-PAPER\Version_22\attacked\1080p\watermarked_image_1080_2\Filters\Compressed_q70_watermarked_image_1080_2.jpg,0,37.5,0.2378,"['X', 2, 2, 'X', 6, 'X', 'X', 'X', 0, 'X', 'X', 5, 1, 'X', 'X', 'X']"
2026-05-19T22:57:58.298947,1080p,Filters,jpeg,90,Compressed_q90_watermarked_image_1080_2.jpg,N:\Desktop\WORKING PAPERS\MVDW-NIKOS-PAPER\Version_22\attacked\1080p\watermarked_image_1080_2\Filters\Compressed_q90_watermarked_image_1080_2.jpg,0,93.75,0.0174,"[0, 2, 2, 5, 6, 4, 3, 2, 0, 0, 4, 5, 1, 2, 6, 'X']"
2026-05-19T22:57:59.856980,1080p,Filters,gaussian_blur,3,GB_k3_watermarked_image_1080_2.png,N:\Desktop\WORKING PAPERS\MVDW-NIKOS-PAPER\Version_22\attacked\1080p\watermarked_image_1080_2\Filters\GB_k3_watermarked_image_1080_2.png,0,6.25,0.316,"['X', 'X', 'X', 5, 'X', 'X', 'X', 'X', 'X', 'X', 'X', 'X', 'X', 'X', 'X', 'X']"
2026-05-19T22:58:01.419694,1080p,Filters,gaussian_blur,5,GB_k5_watermarked_image_1080_2.png,N:\Desktop\WORKING PAPERS\MVDW-NIKOS-PAPER\Version_22\attacked\1080p\watermarked_image_1080_2\Filters\GB_k5_watermarked_image_1080_2.png,0,6.25,0.3524,"['X', 'X', 'X', 'X', 'X', 'X', 'X', 'X', 'X', 'X', 'X', 'X', 'X', 'X', 6, 'X']"
2026-05-19T22:58:02.978983,1080p,Filters,gaussian_blur,7,GB_k7_watermarked_image_1080_2.png,N:\Desktop\WORKING PAPERS\MVDW-NIKOS-PAPER\Version_22\attacked\1080p\watermarked_image_1080_2\Filters\GB_k7_watermarked_image_1080_2.png,0,0.0,0.3663,"['X', 'X', 'X', 'X', 'X', 'X', 'X', 'X', 'X', 'X', 'X', 'X', 'X', 'X', 'X', 'X']"
2026-05-19T22:58:04.504330,1080p,Filters,gaussian_noise,0.05,GN_lvl0.05_watermarked_image_1080_2.png,N:\Desktop\WORKING PAPERS\MVDW-NIKOS-PAPER\Version_22\attacked\1080p\watermarked_image_1080_2\Filters\GN_lvl0.05_watermarked_image_1080_2.png,0,100.0,0.0,"[0, 2, 2, 5, 6, 4, 3, 2, 0, 0, 4, 5, 1, 2, 6, 3]"
2026-05-19T22:58:06.020458,1080p,Filters,gaussian_noise,0.1,GN_lvl0.1_watermarked_image_1080_2.png,N:\Desktop\WORKING PAPERS\MVDW-NIKOS-PAPER\Version_22\attacked\1080p\watermarked_image_1080_2\Filters\GN_lvl0.1_watermarked_image_1080_2.png,0,100.0,0.0,"[0, 2, 2, 5, 6, 4, 3, 2, 0, 0, 4, 5, 1, 2, 6, 3]"
2026-05-19T22:58:07.560022,1080p,Filters,gaussian_noise,0.2,GN_lvl0.2_watermarked_image_1080_2.png,N:\Desktop\WORKING PAPERS\MVDW-NIKOS-PAPER\Version_22\attacked\1080p\watermarked_image_1080_2\Filters\GN_lvl0.2_watermarked_image_1080_2.png,0,100.0,0.0,"[0, 2, 2, 5, 6, 4, 3, 2, 0, 0, 4, 5, 1, 2, 6, 3]"
2026-05-19T22:58:09.080980,1080p,Filters,gamma,,Gamma_watermarked_image_1080_2.png,N:\Desktop\WORKING PAPERS\MVDW-NIKOS-PAPER\Version_22\attacked\1080p\watermarked_image_1080_2\Filters\Gamma_watermarked_image_1080_2.png,0,100.0,0.0,"[0, 2, 2, 5, 6, 4, 3, 2, 0, 0, 4, 5, 1, 2, 6, 3]"
2026-05-19T22:58:10.588092,1080p,Filters,histogram_equalization,,HEQ_watermarked_image_1080_2.png,N:\Desktop\WORKING PAPERS\MVDW-NIKOS-PAPER\Version_22\attacked\1080p\watermarked_image_1080_2\Filters\HEQ_watermarked_image_1080_2.png,0,100.0,0.0,"[0, 2, 2, 5, 6, 4, 3, 2, 0, 0, 4, 5, 1, 2, 6, 3]"
2026-05-19T22:58:12.140327,1080p,Filters,motion_blur,3,MB_k3_watermarked_image_1080_2.png,N:\Desktop\WORKING PAPERS\MVDW-NIKOS-PAPER\Version_22\attacked\1080p\watermarked_image_1080_2\Filters\MB_k3_watermarked_image_1080_2.png,0,93.75,0.0069,"[0, 2, 2, 5, 6, 4, 3, 2, 0, 0, 4, 5, 1, 2, 6, 'X']"
2026-05-19T22:58:13.691129,1080p,Filters,motion_blur,5,MB_k5_watermarked_image_1080_2.png,N:\Desktop\WORKING PAPERS\MVDW-NIKOS-PAPER\Version_22\attacked\1080p\watermarked_image_1080_2\Filters\MB_k5_watermarked_image_1080_2.png,0,100.0,0.0,"[0, 2, 2, 5, 6, 4, 3, 2, 0, 0, 4, 5, 1, 2, 6, 3]"
2026-05-19T22:58:15.222037,1080p,Filters,motion_blur,7,MB_k7_watermarked_image_1080_2.png,N:\Desktop\WORKING PAPERS\MVDW-NIKOS-PAPER\Version_22\attacked\1080p\watermarked_image_1080_2\Filters\MB_k7_watermarked_image_1080_2.png,0,93.75,0.0017,"[0, 2, 2, 5, 6, 4, 3, 2, 0, 0, 4, 5, 1, 2, 6, 'X']"
2026-05-19T22:58:16.756971,1080p,Filters,mean_filter,3,MEAN_k3_watermarked_image_1080_2.png,N:\Desktop\WORKING PAPERS\MVDW-NIKOS-PAPER\Version_22\attacked\1080p\watermarked_image_1080_2\Filters\MEAN_k3_watermarked_image_1080_2.png,0,87.5,0.0382,"['X', 2, 2, 5, 6, 4, 3, 2, 0, 0, 4, 5, 1, 2, 6, 'X']"
2026-05-19T22:58:18.310490,1080p,Filters,mean_filter,5,MEAN_k5_watermarked_image_1080_2.png,N:\Desktop\WORKING PAPERS\MVDW-NIKOS-PAPER\Version_22\attacked\1080p\watermarked_image_1080_2\Filters\MEAN_k5_watermarked_image_1080_2.png,0,68.75,0.0938,"['X', 2, 2, 5, 6, 4, 3, 'X', 0, 'X', 4, 5, 'X', 2, 6, 'X']"
2026-05-19T22:58:19.867476,1080p,Filters,median_filter,3,MF_k3_watermarked_image_1080_2.png,N:\Desktop\WORKING PAPERS\MVDW-NIKOS-PAPER\Version_22\attacked\1080p\watermarked_image_1080_2\Filters\MF_k3_watermarked_image_1080_2.png,0,100.0,0.0,"[0, 2, 2, 5, 6, 4, 3, 2, 0, 0, 4, 5, 1, 2, 6, 3]"
2026-05-19T22:58:21.357326,1080p,Filters,median_filter,5,MF_k5_watermarked_image_1080_2.png,N:\Desktop\WORKING PAPERS\MVDW-NIKOS-PAPER\Version_22\attacked\1080p\watermarked_image_1080_2\Filters\MF_k5_watermarked_image_1080_2.png,0,81.25,0.0243,"[0, 2, 2, 'X', 6, 4, 3, 2, 0, 0, 4, 5, 'X', 2, 6, 'X']"
2026-05-19T22:58:22.906102,1080p,Filters,median_filter,7,MF_k7_watermarked_image_1080_2.png,N:\Desktop\WORKING PAPERS\MVDW-NIKOS-PAPER\Version_22\attacked\1080p\watermarked_image_1080_2\Filters\MF_k7_watermarked_image_1080_2.png,0,56.25,0.1406,"[0, 2, 'X', 5, 6, 'X', 'X', 2, 'X', 'X', 4, 5, 'X', 2, 'X', 3]"
2026-05-19T22:58:24.426327,1080p,Filters,sharpening,,SHARP_watermarked_image_1080_2.png,N:\Desktop\WORKING PAPERS\MVDW-NIKOS-PAPER\Version_22\attacked\1080p\watermarked_image_1080_2\Filters\SHARP_watermarked_image_1080_2.png,0,100.0,0.0,"[0, 2, 2, 5, 6, 4, 3, 2, 0, 0, 4, 5, 1, 2, 6, 3]"
2026-05-19T22:58:25.955987,1080p,Filters,salt_pepper,0.05,SaP_p0.05_watermarked_image_1080_2.png,N:\Desktop\WORKING PAPERS\MVDW-NIKOS-PAPER\Version_22\attacked\1080p\watermarked_image_1080_2\Filters\SaP_p0.05_watermarked_image_1080_2.png,0,0.0,0.3351,"['X', 'X', 'X', 'X', 'X', 'X', 'X', 'X', 'X', 'X', 'X', 'X', 'X', 'X', 'X', 'X']"
2026-05-19T22:58:27.513004,1080p,Filters,salt_pepper,0.1,SaP_p0.1_watermarked_image_1080_2.png,N:\Desktop\WORKING PAPERS\MVDW-NIKOS-PAPER\Version_22\attacked\1080p\watermarked_image_1080_2\Filters\SaP_p0.1_watermarked_image_1080_2.png,0,6.25,0.3646,"['X', 2, 'X', 'X', 'X', 'X', 'X', 'X', 'X', 'X', 'X', 'X', 'X', 'X', 'X', 'X']"
2026-05-19T22:58:29.064692,1080p,Filters,salt_pepper,0.2,SaP_p0.2_watermarked_image_1080_2.png,N:\Desktop\WORKING PAPERS\MVDW-NIKOS-PAPER\Version_22\attacked\1080p\watermarked_image_1080_2\Filters\SaP_p0.2_watermarked_image_1080_2.png,0,18.75,0.4149,"['X', 'X', 'X', 'X', 'X', 'X', 'X', 2, 'X', 'X', 'X', 'X', 1, 'X', 'X', 3]"
2026-05-19T22:58:30.635719,1080p,Geometric,horizontal_flip,,HFLIP_watermarked_image_1080_2.png,N:\Desktop\WORKING PAPERS\MVDW-NIKOS-PAPER\Version_22\attacked\1080p\watermarked_image_1080_2\Geometric\HFLIP_watermarked_image_1080_2.png,0,6.25,0.3906,"['X', 'X', 'X', 'X', 'X', 'X', 'X', 'X', 'X', 0, 'X', 'X', 'X', 'X', 'X', 'X']"
2026-05-19T22:58:32.166317,1080p,Geometric,rotation,-10,ROT_-10_watermarked_image_1080_2.png,N:\Desktop\WORKING PAPERS\MVDW-NIKOS-PAPER\Version_22\attacked\1080p\watermarked_image_1080_2\Geometric\ROT_-10_watermarked_image_1080_2.png,0,0.0,0.3837,"['X', 'X', 'X', 'X', 'X', 'X', 'X', 'X', 'X', 'X', 'X', 'X', 'X', 'X', 'X', 'X']"
2026-05-19T22:58:33.703428,1080p,Geometric,rotation,10,ROT_10_watermarked_image_1080_2.png,N:\Desktop\WORKING PAPERS\MVDW-NIKOS-PAPER\Version_22\attacked\1080p\watermarked_image_1080_2\Geometric\ROT_10_watermarked_image_1080_2.png,0,6.25,0.3889,"['X', 'X', 'X', 'X', 6, 'X', 'X', 'X', 'X', 'X', 'X', 'X', 'X', 'X', 'X', 'X']"
2026-05-19T22:58:35.285737,1080p,Geometric,rotation,5,ROT_5_watermarked_image_1080_2.png,N:\Desktop\WORKING PAPERS\MVDW-NIKOS-PAPER\Version_22\attacked\1080p\watermarked_image_1080_2\Geometric\ROT_5_watermarked_image_1080_2.png,0,0.0,0.3802,"['X', 'X', 'X', 'X', 'X', 'X', 'X', 'X', 'X', 'X', 'X', 'X', 'X', 'X', 'X', 'X']"
2026-05-19T22:58:36.814942,1080p,Geometric,translation,x10_y10,TRANS_x10_y10_watermarked_image_1080_2.png,N:\Desktop\WORKING PAPERS\MVDW-NIKOS-PAPER\Version_22\attacked\1080p\watermarked_image_1080_2\Geometric\TRANS_x10_y10_watermarked_image_1080_2.png,0,12.5,0.2812,"['X', 'X', 'X', 'X', 6, 4, 'X', 'X', 'X', 'X', 'X', 'X', 'X', 'X', 'X', 'X']"
2026-05-19T22:58:38.315878,1080p,Geometric,translation,x5_y5,TRANS_x5_y5_watermarked_image_1080_2.png,N:\Desktop\WORKING PAPERS\MVDW-NIKOS-PAPER\Version_22\attacked\1080p\watermarked_image_1080_2\Geometric\TRANS_x5_y5_watermarked_image_1080_2.png,0,12.5,0.2865,"['X', 'X', 'X', 'X', 'X', 'X', 'X', 'X', 'X', 0, 'X', 'X', 'X', 'X', 'X', 3]"
2026-05-19T22:58:39.885327,1080p,Resize,resize,110,RESIZE_110_watermarked_image_1080_2.png,N:\Desktop\WORKING PAPERS\MVDW-NIKOS-PAPER\Version_22\attacked\1080p\watermarked_image_1080_2\Resize\RESIZE_110_watermarked_image_1080_2.png,0,100.0,0.0,"[0, 2, 2, 5, 6, 4, 3, 2, 0, 0, 4, 5, 1, 2, 6, 3]"
2026-05-19T22:58:41.414043,1080p,Resize,resize,90,RESIZE_90_watermarked_image_1080_2.png,N:\Desktop\WORKING PAPERS\MVDW-NIKOS-PAPER\Version_22\attacked\1080p\watermarked_image_1080_2\Resize\RESIZE_90_watermarked_image_1080_2.png,0,62.5,0.0399,"['X', 2, 2, 'X', 6, 4, 'X', 2, 0, 0, 4, 'X', 'X', 2, 6, 'X']"
2026-05-19T22:58:42.914401,1080p,Crops,crop,BothHorizontal_25,Croped_BothHorizontal_25_watermarked_image_1080_3.png,N:\Desktop\WORKING PAPERS\MVDW-NIKOS-PAPER\Version_22\attacked\1080p\watermarked_image_1080_3\Crops\Croped_BothHorizontal_25_watermarked_image_1080_3.png,0,75.0,0.1007,"[0, 'X', 2, 5, 6, 4, 3, 2, 0, 0, 4, 5, 'X', 2, 'X', 'X']"
2026-05-19T22:58:44.374742,1080p,Crops,crop,BothHorizontal_50,Croped_BothHorizontal_50_watermarked_image_1080_3.png,N:\Desktop\WORKING PAPERS\MVDW-NIKOS-PAPER\Version_22\attacked\1080p\watermarked_image_1080_3\Crops\Croped_BothHorizontal_50_watermarked_image_1080_3.png,0,50.0,0.2031,"['X', 'X', 'X', 'X', 6, 4, 3, 2, 0, 0, 4, 5, 'X', 'X', 'X', 'X']"
2026-05-19T22:58:45.841151,1080p,Crops,crop,BothHorizontal_75,Croped_BothHorizontal_75_watermarked_image_1080_3.png,N:\Desktop\WORKING PAPERS\MVDW-NIKOS-PAPER\Version_22\attacked\1080p\watermarked_image_1080_3\Crops\Croped_BothHorizontal_75_watermarked_image_1080_3.png,0,25.0,0.2674,"['X', 'X', 'X', 'X', 'X', 'X', 3, 'X', 0, 0, 4, 'X', 'X', 'X', 'X', 'X']"
2026-05-19T22:58:47.351134,1080p,Crops,crop,BothVertical_25,Croped_BothVertical_25_watermarked_image_1080_3.png,N:\Desktop\WORKING PAPERS\MVDW-NIKOS-PAPER\Version_22\attacked\1080p\watermarked_image_1080_3\Crops\Croped_BothVertical_25_watermarked_image_1080_3.png,0,81.25,0.066,"[0, 2, 2, 5, 'X', 4, 3, 'X', 0, 0, 4, 'X', 1, 2, 6, 3]"
2026-05-19T22:58:48.816458,1080p,Crops,crop,BothVertical_50,Croped_BothVertical_50_watermarked_image_1080_3.png,N:\Desktop\WORKING PAPERS\MVDW-NIKOS-PAPER\Version_22\attacked\1080p\watermarked_image_1080_3\Crops\Croped_BothVertical_50_watermarked_image_1080_3.png,0,50.0,0.1875,"['X', 2, 2, 'X', 'X', 4, 3, 'X', 'X', 0, 4, 'X', 'X', 2, 6, 'X']"
2026-05-19T22:58:50.233928,1080p,Crops,crop,BothVertical_75,Croped_BothVertical_75_watermarked_image_1080_3.png,N:\Desktop\WORKING PAPERS\MVDW-NIKOS-PAPER\Version_22\attacked\1080p\watermarked_image_1080_3\Crops\Croped_BothVertical_75_watermarked_image_1080_3.png,0,18.75,0.2917,"['X', 'X', 'X', 'X', 'X', 'X', 'X', 'X', 'X', 0, 4, 'X', 'X', 2, 'X', 'X']"
2026-05-19T22:58:51.731236,1080p,Crops,crop,Bottom_25,Croped_Bottom_25_watermarked_image_1080_3.png,N:\Desktop\WORKING PAPERS\MVDW-NIKOS-PAPER\Version_22\attacked\1080p\watermarked_image_1080_3\Crops\Croped_Bottom_25_watermarked_image_1080_3.png,0,75.0,0.1059,"[0, 2, 2, 5, 6, 4, 3, 2, 0, 0, 4, 5, 'X', 'X', 'X', 'X']"
2026-05-19T22:58:53.204762,1080p,Crops,crop,Bottom_50,Croped_Bottom_50_watermarked_image_1080_3.png,N:\Desktop\WORKING PAPERS\MVDW-NIKOS-PAPER\Version_22\attacked\1080p\watermarked_image_1080_3\Crops\Croped_Bottom_50_watermarked_image_1080_3.png,0,50.0,0.1997,"[0, 2, 2, 5, 6, 4, 3, 2, 'X', 'X', 'X', 'X', 'X', 'X', 'X', 'X']"
2026-05-19T22:58:54.600813,1080p,Crops,crop,Bottom_75,Croped_Bottom_75_watermarked_image_1080_3.png,N:\Desktop\WORKING PAPERS\MVDW-NIKOS-PAPER\Version_22\attacked\1080p\watermarked_image_1080_3\Crops\Croped_Bottom_75_watermarked_image_1080_3.png,0,25.0,0.2708,"[0, 2, 2, 5, 'X', 'X', 'X', 'X', 'X', 'X', 'X', 'X', 'X', 'X', 'X', 'X']"
2026-05-19T22:58:56.069084,1080p,Crops,crop,Left_25,Croped_Left_25_watermarked_image_1080_3.png,N:\Desktop\WORKING PAPERS\MVDW-NIKOS-PAPER\Version_22\attacked\1080p\watermarked_image_1080_3\Crops\Croped_Left_25_watermarked_image_1080_3.png,0,75.0,0.092,"['X', 2, 2, 5, 'X', 4, 3, 2, 'X', 0, 4, 5, 'X', 2, 6, 3]"
2026-05-19T22:58:57.536495,1080p,Crops,crop,Left_50,Croped_Left_50_watermarked_image_1080_3.png,N:\Desktop\WORKING PAPERS\MVDW-NIKOS-PAPER\Version_22\attacked\1080p\watermarked_image_1080_3\Crops\Croped_Left_50_watermarked_image_1080_3.png,0,50.0,0.1858,"['X', 'X', 2, 5, 'X', 'X', 3, 2, 'X', 'X', 4, 5, 'X', 'X', 6, 3]"
2026-05-19T22:58:58.993252,1080p,Crops,crop,Left_75,Croped_Left_75_watermarked_image_1080_3.png,N:\Desktop\WORKING PAPERS\MVDW-NIKOS-PAPER\Version_22\attacked\1080p\watermarked_image_1080_3\Crops\Croped_Left_75_watermarked_image_1080_3.png,0,25.0,0.2726,"['X', 'X', 'X', 5, 'X', 'X', 'X', 2, 'X', 'X', 'X', 5, 'X', 'X', 'X', 3]"
2026-05-19T22:59:00.492837,1080p,Crops,crop,Right_25,Croped_Right_25_watermarked_image_1080_3.png,N:\Desktop\WORKING PAPERS\MVDW-NIKOS-PAPER\Version_22\attacked\1080p\watermarked_image_1080_3\Crops\Croped_Right_25_watermarked_image_1080_3.png,0,75.0,0.1111,"[0, 2, 2, 'X', 6, 4, 3, 'X', 0, 0, 4, 'X', 1, 2, 6, 'X']"
2026-05-19T22:59:01.924955,1080p,Crops,crop,Right_50,Croped_Right_50_watermarked_image_1080_3.png,N:\Desktop\WORKING PAPERS\MVDW-NIKOS-PAPER\Version_22\attacked\1080p\watermarked_image_1080_3\Crops\Croped_Right_50_watermarked_image_1080_3.png,0,50.0,0.1979,"[0, 2, 'X', 'X', 6, 4, 'X', 'X', 0, 0, 'X', 'X', 1, 2, 'X', 'X']"
2026-05-19T22:59:03.350100,1080p,Crops,crop,Right_75,Croped_Right_75_watermarked_image_1080_3.png,N:\Desktop\WORKING PAPERS\MVDW-NIKOS-PAPER\Version_22\attacked\1080p\watermarked_image_1080_3\Crops\Croped_Right_75_watermarked_image_1080_3.png,0,25.0,0.2917,"[0, 'X', 'X', 'X', 6, 'X', 'X', 'X', 0, 'X', 'X', 'X', 1, 'X', 'X', 'X']"
2026-05-19T22:59:04.845439,1080p,Crops,crop,Top_25,Croped_Top_25_watermarked_image_1080_3.png,N:\Desktop\WORKING PAPERS\MVDW-NIKOS-PAPER\Version_22\attacked\1080p\watermarked_image_1080_3\Crops\Croped_Top_25_watermarked_image_1080_3.png,0,75.0,0.1128,"['X', 'X', 'X', 'X', 6, 4, 3, 2, 0, 0, 4, 5, 1, 2, 6, 3]"
2026-05-19T22:59:06.340125,1080p,Crops,crop,Top_50,Croped_Top_50_watermarked_image_1080_3.png,N:\Desktop\WORKING PAPERS\MVDW-NIKOS-PAPER\Version_22\attacked\1080p\watermarked_image_1080_3\Crops\Croped_Top_50_watermarked_image_1080_3.png,0,50.0,0.184,"['X', 'X', 'X', 'X', 'X', 'X', 'X', 'X', 0, 0, 4, 5, 1, 2, 6, 3]"
2026-05-19T22:59:07.746810,1080p,Crops,crop,Top_75,Croped_Top_75_watermarked_image_1080_3.png,N:\Desktop\WORKING PAPERS\MVDW-NIKOS-PAPER\Version_22\attacked\1080p\watermarked_image_1080_3\Crops\Croped_Top_75_watermarked_image_1080_3.png,0,25.0,0.2778,"['X', 'X', 'X', 'X', 'X', 'X', 'X', 'X', 'X', 'X', 'X', 'X', 1, 2, 6, 3]"
2026-05-19T22:59:09.224372,1080p,Filters,jpeg,50,Compressed_q50_watermarked_image_1080_3.jpg,N:\Desktop\WORKING PAPERS\MVDW-NIKOS-PAPER\Version_22\attacked\1080p\watermarked_image_1080_3\Filters\Compressed_q50_watermarked_image_1080_3.jpg,0,12.5,0.349,"['X', 2, 'X', 'X', 'X', 'X', 'X', 'X', 'X', 'X', 'X', 'X', 'X', 'X', 6, 'X']"
2026-05-19T22:59:10.718226,1080p,Filters,jpeg,70,Compressed_q70_watermarked_image_1080_3.jpg,N:\Desktop\WORKING PAPERS\MVDW-NIKOS-PAPER\Version_22\attacked\1080p\watermarked_image_1080_3\Filters\Compressed_q70_watermarked_image_1080_3.jpg,0,31.25,0.283,"['X', 2, 'X', 'X', 'X', 4, 'X', 2, 'X', 'X', 4, 'X', 'X', 'X', 'X', 3]"
2026-05-19T22:59:12.216497,1080p,Filters,jpeg,90,Compressed_q90_watermarked_image_1080_3.jpg,N:\Desktop\WORKING PAPERS\MVDW-NIKOS-PAPER\Version_22\attacked\1080p\watermarked_image_1080_3\Filters\Compressed_q90_watermarked_image_1080_3.jpg,0,68.75,0.0556,"[0, 2, 2, 'X', 'X', 4, 3, 'X', 0, 'X', 4, 5, 1, 'X', 6, 3]"
2026-05-19T22:59:13.724008,1080p,Filters,gaussian_blur,3,GB_k3_watermarked_image_1080_3.png,N:\Desktop\WORKING PAPERS\MVDW-NIKOS-PAPER\Version_22\attacked\1080p\watermarked_image_1080_3\Filters\GB_k3_watermarked_image_1080_3.png,0,25.0,0.3056,"['X', 'X', 'X', 'X', 6, 4, 3, 2, 'X', 'X', 'X', 'X', 'X', 'X', 'X', 'X']"
2026-05-19T22:59:15.259424,1080p,Filters,gaussian_blur,5,GB_k5_watermarked_image_1080_3.png,N:\Desktop\WORKING PAPERS\MVDW-NIKOS-PAPER\Version_22\attacked\1080p\watermarked_image_1080_3\Filters\GB_k5_watermarked_image_1080_3.png,0,12.5,0.3056,"['X', 'X', 'X', 'X', 'X', 'X', 'X', 2, 'X', 'X', 'X', 'X', 'X', 2, 'X', 'X']"
2026-05-19T22:59:16.765755,1080p,Filters,gaussian_blur,7,GB_k7_watermarked_image_1080_3.png,N:\Desktop\WORKING PAPERS\MVDW-NIKOS-PAPER\Version_22\attacked\1080p\watermarked_image_1080_3\Filters\GB_k7_watermarked_image_1080_3.png,0,18.75,0.3385,"['X', 'X', 'X', 'X', 'X', 'X', 3, 2, 'X', 'X', 'X', 'X', 'X', 'X', 'X', 3]"
2026-05-19T22:59:18.257504,1080p,Filters,gaussian_noise,0.05,GN_lvl0.05_watermarked_image_1080_3.png,N:\Desktop\WORKING PAPERS\MVDW-NIKOS-PAPER\Version_22\attacked\1080p\watermarked_image_1080_3\Filters\GN_lvl0.05_watermarked_image_1080_3.png,0,100.0,0.0156,"[0, 2, 2, 5, 6, 4, 3, 2, 0, 0, 4, 5, 1, 2, 6, 3]"
2026-05-19T22:59:19.724461,1080p,Filters,gaussian_noise,0.1,GN_lvl0.1_watermarked_image_1080_3.png,N:\Desktop\WORKING PAPERS\MVDW-NIKOS-PAPER\Version_22\attacked\1080p\watermarked_image_1080_3\Filters\GN_lvl0.1_watermarked_image_1080_3.png,0,100.0,0.0156,"[0, 2, 2, 5, 6, 4, 3, 2, 0, 0, 4, 5, 1, 2, 6, 3]"
2026-05-19T22:59:21.195347,1080p,Filters,gaussian_noise,0.2,GN_lvl0.2_watermarked_image_1080_3.png,N:\Desktop\WORKING PAPERS\MVDW-NIKOS-PAPER\Version_22\attacked\1080p\watermarked_image_1080_3\Filters\GN_lvl0.2_watermarked_image_1080_3.png,0,100.0,0.0156,"[0, 2, 2, 5, 6, 4, 3, 2, 0, 0, 4, 5, 1, 2, 6, 3]"
2026-05-19T22:59:22.676496,1080p,Filters,gamma,,Gamma_watermarked_image_1080_3.png,N:\Desktop\WORKING PAPERS\MVDW-NIKOS-PAPER\Version_22\attacked\1080p\watermarked_image_1080_3\Filters\Gamma_watermarked_image_1080_3.png,0,81.25,0.0347,"[0, 2, 2, 5, 6, 4, 3, 'X', 0, 0, 4, 5, 'X', 'X', 6, 3]"
2026-05-19T22:59:24.184563,1080p,Filters,histogram_equalization,,HEQ_watermarked_image_1080_3.png,N:\Desktop\WORKING PAPERS\MVDW-NIKOS-PAPER\Version_22\attacked\1080p\watermarked_image_1080_3\Filters\HEQ_watermarked_image_1080_3.png,0,100.0,0.0191,"[0, 2, 2, 5, 6, 4, 3, 2, 0, 0, 4, 5, 1, 2, 6, 3]"
2026-05-19T22:59:25.680249,1080p,Filters,motion_blur,3,MB_k3_watermarked_image_1080_3.png,N:\Desktop\WORKING PAPERS\MVDW-NIKOS-PAPER\Version_22\attacked\1080p\watermarked_image_1080_3\Filters\MB_k3_watermarked_image_1080_3.png,0,93.75,0.0139,"[0, 2, 2, 5, 'X', 4, 3, 2, 0, 0, 4, 5, 1, 2, 6, 3]"
2026-05-19T22:59:27.152274,1080p,Filters,motion_blur,5,MB_k5_watermarked_image_1080_3.png,N:\Desktop\WORKING PAPERS\MVDW-NIKOS-PAPER\Version_22\attacked\1080p\watermarked_image_1080_3\Filters\MB_k5_watermarked_image_1080_3.png,0,87.5,0.0243,"[0, 2, 2, 5, 'X', 4, 3, 2, 0, 'X', 4, 5, 1, 2, 6, 3]"
2026-05-19T22:59:28.620215,1080p,Filters,motion_blur,7,MB_k7_watermarked_image_1080_3.png,N:\Desktop\WORKING PAPERS\MVDW-NIKOS-PAPER\Version_22\attacked\1080p\watermarked_image_1080_3\Filters\MB_k7_watermarked_image_1080_3.png,0,50.0,0.1076,"['X', 'X', 2, 'X', 'X', 4, 3, 'X', 0, 'X', 'X', 'X', 1, 2, 6, 3]"
2026-05-19T22:59:30.081517,1080p,Filters,mean_filter,3,MEAN_k3_watermarked_image_1080_3.png,N:\Desktop\WORKING PAPERS\MVDW-NIKOS-PAPER\Version_22\attacked\1080p\watermarked_image_1080_3\Filters\MEAN_k3_watermarked_image_1080_3.png,0,68.75,0.0833,"[0, 'X', 2, 5, 'X', 4, 3, 2, 0, 'X', 'X', 5, 1, 'X', 6, 3]"
2026-05-19T22:59:31.618014,1080p,Filters,mean_filter,5,MEAN_k5_watermarked_image_1080_3.png,N:\Desktop\WORKING PAPERS\MVDW-NIKOS-PAPER\Version_22\attacked\1080p\watermarked_image_1080_3\Filters\MEAN_k5_watermarked_image_1080_3.png,0,31.25,0.1927,"['X', 'X', 2, 'X', 'X', 4, 'X', 2, 'X', 'X', 'X', 'X', 'X', 'X', 6, 3]"
2026-05-19T22:59:33.153007,1080p,Filters,median_filter,3,MF_k3_watermarked_image_1080_3.png,N:\Desktop\WORKING PAPERS\MVDW-NIKOS-PAPER\Version_22\attacked\1080p\watermarked_image_1080_3\Filters\MF_k3_watermarked_image_1080_3.png,0,56.25,0.0747,"[0, 'X', 2, 5, 'X', 4, 3, 'X', 0, 'X', 'X', 'X', 1, 'X', 6, 3]"
2026-05-19T22:59:34.653126,1080p,Filters,median_filter,5,MF_k5_watermarked_image_1080_3.png,N:\Desktop\WORKING PAPERS\MVDW-NIKOS-PAPER\Version_22\attacked\1080p\watermarked_image_1080_3\Filters\MF_k5_watermarked_image_1080_3.png,0,37.5,0.1406,"['X', 'X', 2, 'X', 'X', 4, 3, 'X', 0, 'X', 'X', 'X', 1, 'X', 'X', 3]"
2026-05-19T22:59:36.148988,1080p,Filters,median_filter,7,MF_k7_watermarked_image_1080_3.png,N:\Desktop\WORKING PAPERS\MVDW-NIKOS-PAPER\Version_22\attacked\1080p\watermarked_image_1080_3\Filters\MF_k7_watermarked_image_1080_3.png,0,18.75,0.2587,"['X', 'X', 'X', 5, 'X', 4, 'X', 'X', 'X', 'X', 'X', 5, 'X', 'X', 'X', 'X']"
2026-05-19T22:59:37.711408,1080p,Filters,sharpening,,SHARP_watermarked_image_1080_3.png,N:\Desktop\WORKING PAPERS\MVDW-NIKOS-PAPER\Version_22\attacked\1080p\watermarked_image_1080_3\Filters\SHARP_watermarked_image_1080_3.png,0,87.5,0.0122,"[0, 2, 2, 5, 'X', 4, 3, 'X', 0, 0, 4, 5, 1, 2, 6, 3]"
2026-05-19T22:59:39.241546,1080p,Filters,salt_pepper,0.05,SaP_p0.05_watermarked_image_1080_3.png,N:\Desktop\WORKING PAPERS\MVDW-NIKOS-PAPER\Version_22\attacked\1080p\watermarked_image_1080_3\Filters\SaP_p0.05_watermarked_image_1080_3.png,0,12.5,0.3108,"['X', 'X', 'X', 'X', 'X', 'X', 3, 'X', 'X', 'X', 'X', 5, 'X', 'X', 'X', 'X']"
2026-05-19T22:59:40.772745,1080p,Filters,salt_pepper,0.1,SaP_p0.1_watermarked_image_1080_3.png,N:\Desktop\WORKING PAPERS\MVDW-NIKOS-PAPER\Version_22\attacked\1080p\watermarked_image_1080_3\Filters\SaP_p0.1_watermarked_image_1080_3.png,0,12.5,0.3663,"['X', 'X', 'X', 'X', 6, 'X', 'X', 'X', 'X', 'X', 4, 'X', 'X', 'X', 'X', 'X']"
2026-05-19T22:59:42.294286,1080p,Filters,salt_pepper,0.2,SaP_p0.2_watermarked_image_1080_3.png,N:\Desktop\WORKING PAPERS\MVDW-NIKOS-PAPER\Version_22\attacked\1080p\watermarked_image_1080_3\Filters\SaP_p0.2_watermarked_image_1080_3.png,0,0.0,0.3281,"['X', 'X', 'X', 'X', 'X', 'X', 'X', 'X', 'X', 'X', 'X', 'X', 'X', 'X', 'X', 'X']"
2026-05-19T22:59:43.791730,1080p,Geometric,horizontal_flip,,HFLIP_watermarked_image_1080_3.png,N:\Desktop\WORKING PAPERS\MVDW-NIKOS-PAPER\Version_22\attacked\1080p\watermarked_image_1080_3\Geometric\HFLIP_watermarked_image_1080_3.png,0,6.25,0.342,"['X', 'X', 'X', 'X', 6, 'X', 'X', 'X', 'X', 'X', 'X', 'X', 'X', 'X', 'X', 'X']"
2026-05-19T22:59:45.279884,1080p,Geometric,rotation,-10,ROT_-10_watermarked_image_1080_3.png,N:\Desktop\WORKING PAPERS\MVDW-NIKOS-PAPER\Version_22\attacked\1080p\watermarked_image_1080_3\Geometric\ROT_-10_watermarked_image_1080_3.png,0,6.25,0.3559,"['X', 'X', 'X', 'X', 'X', 'X', 3, 'X', 'X', 'X', 'X', 'X', 'X', 'X', 'X', 'X']"
2026-05-19T22:59:46.800044,1080p,Geometric,rotation,10,ROT_10_watermarked_image_1080_3.png,N:\Desktop\WORKING PAPERS\MVDW-NIKOS-PAPER\Version_22\attacked\1080p\watermarked_image_1080_3\Geometric\ROT_10_watermarked_image_1080_3.png,0,25.0,0.3559,"['X', 'X', 2, 'X', 'X', 'X', 3, 'X', 'X', 'X', 'X', 5, 'X', 'X', 'X', 3]"
2026-05-19T22:59:48.284446,1080p,Geometric,rotation,5,ROT_5_watermarked_image_1080_3.png,N:\Desktop\WORKING PAPERS\MVDW-NIKOS-PAPER\Version_22\attacked\1080p\watermarked_image_1080_3\Geometric\ROT_5_watermarked_image_1080_3.png,0,6.25,0.3854,"['X', 'X', 'X', 'X', 'X', 'X', 'X', 'X', 'X', 'X', 'X', 'X', 'X', 'X', 6, 'X']"
2026-05-19T22:59:49.795100,1080p,Geometric,translation,x10_y10,TRANS_x10_y10_watermarked_image_1080_3.png,N:\Desktop\WORKING PAPERS\MVDW-NIKOS-PAPER\Version_22\attacked\1080p\watermarked_image_1080_3\Geometric\TRANS_x10_y10_watermarked_image_1080_3.png,0,6.25,0.3125,"['X', 'X', 'X', 'X', 'X', 'X', 'X', 'X', 'X', 'X', 'X', 'X', 1, 'X', 'X', 'X']"
2026-05-19T22:59:51.331972,1080p,Geometric,translation,x5_y5,TRANS_x5_y5_watermarked_image_1080_3.png,N:\Desktop\WORKING PAPERS\MVDW-NIKOS-PAPER\Version_22\attacked\1080p\watermarked_image_1080_3\Geometric\TRANS_x5_y5_watermarked_image_1080_3.png,0,6.25,0.2569,"['X', 'X', 'X', 'X', 'X', 'X', 'X', 'X', 'X', 'X', 'X', 'X', 1, 'X', 'X', 'X']"
2026-05-19T22:59:52.832760,1080p,Resize,resize,110,RESIZE_110_watermarked_image_1080_3.png,N:\Desktop\WORKING PAPERS\MVDW-NIKOS-PAPER\Version_22\attacked\1080p\watermarked_image_1080_3\Resize\RESIZE_110_watermarked_image_1080_3.png,0,87.5,0.0295,"[0, 2, 2, 5, 'X', 4, 3, 'X', 0, 0, 4, 5, 1, 2, 6, 3]"
2026-05-19T22:59:54.316841,1080p,Resize,resize,90,RESIZE_90_watermarked_image_1080_3.png,N:\Desktop\WORKING PAPERS\MVDW-NIKOS-PAPER\Version_22\attacked\1080p\watermarked_image_1080_3\Resize\RESIZE_90_watermarked_image_1080_3.png,0,50.0,0.1024,"['X', 'X', 2, 5, 'X', 4, 3, 'X', 0, 'X', 'X', 'X', 'X', 2, 6, 3]"
2026-05-19T22:59:55.838322,1080p,Crops,crop,BothHorizontal_25,Croped_BothHorizontal_25_watermarked_image_1080_4.png,N:\Desktop\WORKING PAPERS\MVDW-NIKOS-PAPER\Version_22\attacked\1080p\watermarked_image_1080_4\Crops\Croped_BothHorizontal_25_watermarked_image_1080_4.png,0,75.0,0.0972,"[0, 'X', 'X', 'X', 6, 4, 3, 2, 0, 0, 4, 5, 1, 'X', 6, 3]"
2026-05-19T22:59:57.329691,1080p,Crops,crop,BothHorizontal_50,Croped_BothHorizontal_50_watermarked_image_1080_4.png,N:\Desktop\WORKING PAPERS\MVDW-NIKOS-PAPER\Version_22\attacked\1080p\watermarked_image_1080_4\Crops\Croped_BothHorizontal_50_watermarked_image_1080_4.png,0,50.0,0.1875,"['X', 'X', 'X', 'X', 6, 4, 3, 2, 0, 0, 4, 5, 'X', 'X', 'X', 'X']"
2026-05-19T22:59:58.758052,1080p,Crops,crop,BothHorizontal_75,Croped_BothHorizontal_75_watermarked_image_1080_4.png,N:\Desktop\WORKING PAPERS\MVDW-NIKOS-PAPER\Version_22\attacked\1080p\watermarked_image_1080_4\Crops\Croped_BothHorizontal_75_watermarked_image_1080_4.png,0,18.75,0.2917,"['X', 'X', 'X', 'X', 'X', 'X', 'X', 'X', 0, 'X', 4, 5, 'X', 'X', 'X', 'X']"
2026-05-19T23:00:00.262983,1080p,Crops,crop,BothVertical_25,Croped_BothVertical_25_watermarked_image_1080_4.png,N:\Desktop\WORKING PAPERS\MVDW-NIKOS-PAPER\Version_22\attacked\1080p\watermarked_image_1080_4\Crops\Croped_BothVertical_25_watermarked_image_1080_4.png,0,75.0,0.0903,"[0, 2, 2, 5, 'X', 4, 3, 2, 'X', 0, 4, 5, 'X', 2, 6, 'X']"
2026-05-19T23:00:01.727019,1080p,Crops,crop,BothVertical_50,Croped_BothVertical_50_watermarked_image_1080_4.png,N:\Desktop\WORKING PAPERS\MVDW-NIKOS-PAPER\Version_22\attacked\1080p\watermarked_image_1080_4\Crops\Croped_BothVertical_50_watermarked_image_1080_4.png,0,50.0,0.1875,"['X', 2, 2, 'X', 'X', 4, 3, 'X', 'X', 0, 4, 'X', 'X', 2, 6, 'X']"
2026-05-19T23:00:03.213829,1080p,Crops,crop,BothVertical_75,Croped_BothVertical_75_watermarked_image_1080_4.png,N:\Desktop\WORKING PAPERS\MVDW-NIKOS-PAPER\Version_22\attacked\1080p\watermarked_image_1080_4\Crops\Croped_BothVertical_75_watermarked_image_1080_4.png,0,37.5,0.2326,"['X', 2, 2, 'X', 'X', 4, 3, 'X', 'X', 'X', 'X', 'X', 'X', 2, 6, 'X']"
2026-05-19T23:00:04.726856,1080p,Crops,crop,Bottom_25,Croped_Bottom_25_watermarked_image_1080_4.png,N:\Desktop\WORKING PAPERS\MVDW-NIKOS-PAPER\Version_22\attacked\1080p\watermarked_image_1080_4\Crops\Croped_Bottom_25_watermarked_image_1080_4.png,0,75.0,0.0903,"[0, 2, 2, 5, 6, 4, 3, 2, 0, 0, 4, 5, 'X', 'X', 'X', 'X']"
2026-05-19T23:00:06.191124,1080p,Crops,crop,Bottom_50,Croped_Bottom_50_watermarked_image_1080_4.png,N:\Desktop\WORKING PAPERS\MVDW-NIKOS-PAPER\Version_22\attacked\1080p\watermarked_image_1080_4\Crops\Croped_Bottom_50_watermarked_image_1080_4.png,0,50.0,0.184,"[0, 2, 2, 5, 6, 4, 3, 2, 'X', 'X', 'X', 'X', 'X', 'X', 'X', 'X']"
2026-05-19T23:00:07.630139,1080p,Crops,crop,Bottom_75,Croped_Bottom_75_watermarked_image_1080_4.png,N:\Desktop\WORKING PAPERS\MVDW-NIKOS-PAPER\Version_22\attacked\1080p\watermarked_image_1080_4\Crops\Croped_Bottom_75_watermarked_image_1080_4.png,0,25.0,0.2708,"[0, 2, 2, 5, 'X', 'X', 'X', 'X', 'X', 'X', 'X', 'X', 'X', 'X', 'X', 'X']"
2026-05-19T23:00:09.171144,1080p,Crops,crop,Left_25,Croped_Left_25_watermarked_image_1080_4.png,N:\Desktop\WORKING PAPERS\MVDW-NIKOS-PAPER\Version_22\attacked\1080p\watermarked_image_1080_4\Crops\Croped_Left_25_watermarked_image_1080_4.png,0,75.0,0.0903,"['X', 2, 2, 5, 'X', 4, 3, 2, 'X', 0, 4, 5, 'X', 2, 6, 3]"
2026-05-19T23:00:10.683846,1080p,Crops,crop,Left_50,Croped_Left_50_watermarked_image_1080_4.png,N:\Desktop\WORKING PAPERS\MVDW-NIKOS-PAPER\Version_22\attacked\1080p\watermarked_image_1080_4\Crops\Croped_Left_50_watermarked_image_1080_4.png,0,50.0,0.184,"['X', 'X', 2, 5, 'X', 'X', 3, 2, 'X', 'X', 4, 5, 'X', 'X', 6, 3]"
2026-05-19T23:00:12.155690,1080p,Crops,crop,Left_75,Croped_Left_75_watermarked_image_1080_4.png,N:\Desktop\WORKING PAPERS\MVDW-NIKOS-PAPER\Version_22\attacked\1080p\watermarked_image_1080_4\Crops\Croped_Left_75_watermarked_image_1080_4.png,0,25.0,0.2708,"['X', 'X', 'X', 5, 'X', 'X', 'X', 2, 'X', 'X', 'X', 5, 'X', 'X', 'X', 3]"
2026-05-19T23:00:13.631362,1080p,Crops,crop,Right_25,Croped_Right_25_watermarked_image_1080_4.png,N:\Desktop\WORKING PAPERS\MVDW-NIKOS-PAPER\Version_22\attacked\1080p\watermarked_image_1080_4\Crops\Croped_Right_25_watermarked_image_1080_4.png,0,75.0,0.0972,"[0, 2, 2, 'X', 6, 4, 3, 'X', 0, 0, 4, 'X', 1, 2, 6, 'X']"
2026-05-19T23:00:15.084337,1080p,Crops,crop,Right_50,Croped_Right_50_watermarked_image_1080_4.png,N:\Desktop\WORKING PAPERS\MVDW-NIKOS-PAPER\Version_22\attacked\1080p\watermarked_image_1080_4\Crops\Croped_Right_50_watermarked_image_1080_4.png,0,50.0,0.184,"[0, 2, 'X', 'X', 6, 4, 'X', 'X', 0, 0, 'X', 'X', 1, 2, 'X', 'X']"
2026-05-19T23:00:16.534308,1080p,Crops,crop,Right_75,Croped_Right_75_watermarked_image_1080_4.png,N:\Desktop\WORKING PAPERS\MVDW-NIKOS-PAPER\Version_22\attacked\1080p\watermarked_image_1080_4\Crops\Croped_Right_75_watermarked_image_1080_4.png,0,25.0,0.2778,"[0, 'X', 'X', 'X', 6, 'X', 'X', 'X', 0, 'X', 'X', 'X', 1, 'X', 'X', 'X']"
2026-05-19T23:00:18.052598,1080p,Crops,crop,Top_25,Croped_Top_25_watermarked_image_1080_4.png,N:\Desktop\WORKING PAPERS\MVDW-NIKOS-PAPER\Version_22\attacked\1080p\watermarked_image_1080_4\Crops\Croped_Top_25_watermarked_image_1080_4.png,0,75.0,0.0972,"['X', 'X', 'X', 'X', 6, 4, 3, 2, 0, 0, 4, 5, 1, 2, 6, 3]"
2026-05-19T23:00:19.563684,1080p,Crops,crop,Top_50,Croped_Top_50_watermarked_image_1080_4.png,N:\Desktop\WORKING PAPERS\MVDW-NIKOS-PAPER\Version_22\attacked\1080p\watermarked_image_1080_4\Crops\Croped_Top_50_watermarked_image_1080_4.png,0,50.0,0.184,"['X', 'X', 'X', 'X', 'X', 'X', 'X', 'X', 0, 0, 4, 5, 1, 2, 6, 3]"
2026-05-19T23:00:21.037148,1080p,Crops,crop,Top_75,Croped_Top_75_watermarked_image_1080_4.png,N:\Desktop\WORKING PAPERS\MVDW-NIKOS-PAPER\Version_22\attacked\1080p\watermarked_image_1080_4\Crops\Croped_Top_75_watermarked_image_1080_4.png,0,25.0,0.2778,"['X', 'X', 'X', 'X', 'X', 'X', 'X', 'X', 'X', 'X', 'X', 'X', 1, 2, 6, 3]"
2026-05-19T23:00:22.558544,1080p,Filters,jpeg,50,Compressed_q50_watermarked_image_1080_4.jpg,N:\Desktop\WORKING PAPERS\MVDW-NIKOS-PAPER\Version_22\attacked\1080p\watermarked_image_1080_4\Filters\Compressed_q50_watermarked_image_1080_4.jpg,0,6.25,0.3733,"['X', 'X', 'X', 'X', 'X', 'X', 'X', 'X', 'X', 'X', 'X', 5, 'X', 'X', 'X', 'X']"
2026-05-19T23:00:24.076201,1080p,Filters,jpeg,70,Compressed_q70_watermarked_image_1080_4.jpg,N:\Desktop\WORKING PAPERS\MVDW-NIKOS-PAPER\Version_22\attacked\1080p\watermarked_image_1080_4\Filters\Compressed_q70_watermarked_image_1080_4.jpg,0,43.75,0.2483,"['X', 'X', 2, 5, 6, 4, 3, 2, 'X', 'X', 'X', 5, 'X', 'X', 'X', 'X']"
2026-05-19T23:00:25.583679,1080p,Filters,jpeg,90,Compressed_q90_watermarked_image_1080_4.jpg,N:\Desktop\WORKING PAPERS\MVDW-NIKOS-PAPER\Version_22\attacked\1080p\watermarked_image_1080_4\Filters\Compressed_q90_watermarked_image_1080_4.jpg,0,93.75,0.0104,"[0, 2, 2, 5, 6, 4, 3, 2, 0, 0, 4, 5, 1, 'X', 6, 3]"
2026-05-19T23:00:27.124856,1080p,Filters,gaussian_blur,3,GB_k3_watermarked_image_1080_4.png,N:\Desktop\WORKING PAPERS\MVDW-NIKOS-PAPER\Version_22\attacked\1080p\watermarked_image_1080_4\Filters\GB_k3_watermarked_image_1080_4.png,0,12.5,0.3281,"['X', 'X', 'X', 'X', 'X', 'X', 'X', 'X', 'X', 'X', 'X', 'X', 1, 'X', 'X', 3]"
2026-05-19T23:00:28.656248,1080p,Filters,gaussian_blur,5,GB_k5_watermarked_image_1080_4.png,N:\Desktop\WORKING PAPERS\MVDW-NIKOS-PAPER\Version_22\attacked\1080p\watermarked_image_1080_4\Filters\GB_k5_watermarked_image_1080_4.png,0,12.5,0.349,"[0, 'X', 'X', 'X', 'X', 'X', 'X', 'X', 'X', 'X', 'X', 5, 'X', 'X', 'X', 'X']"
2026-05-19T23:00:30.140449,1080p,Filters,gaussian_blur,7,GB_k7_watermarked_image_1080_4.png,N:\Desktop\WORKING PAPERS\MVDW-NIKOS-PAPER\Version_22\attacked\1080p\watermarked_image_1080_4\Filters\GB_k7_watermarked_image_1080_4.png,0,12.5,0.3802,"['X', 'X', 'X', 5, 6, 'X', 'X', 'X', 'X', 'X', 'X', 'X', 'X', 'X', 'X', 'X']"
2026-05-19T23:00:31.657036,1080p,Filters,gaussian_noise,0.05,GN_lvl0.05_watermarked_image_1080_4.png,N:\Desktop\WORKING PAPERS\MVDW-NIKOS-PAPER\Version_22\attacked\1080p\watermarked_image_1080_4\Filters\GN_lvl0.05_watermarked_image_1080_4.png,0,100.0,0.0,"[0, 2, 2, 5, 6, 4, 3, 2, 0, 0, 4, 5, 1, 2, 6, 3]"
2026-05-19T23:00:33.172037,1080p,Filters,gaussian_noise,0.1,GN_lvl0.1_watermarked_image_1080_4.png,N:\Desktop\WORKING PAPERS\MVDW-NIKOS-PAPER\Version_22\attacked\1080p\watermarked_image_1080_4\Filters\GN_lvl0.1_watermarked_image_1080_4.png,0,100.0,0.0,"[0, 2, 2, 5, 6, 4, 3, 2, 0, 0, 4, 5, 1, 2, 6, 3]"
2026-05-19T23:00:34.725139,1080p,Filters,gaussian_noise,0.2,GN_lvl0.2_watermarked_image_1080_4.png,N:\Desktop\WORKING PAPERS\MVDW-NIKOS-PAPER\Version_22\attacked\1080p\watermarked_image_1080_4\Filters\GN_lvl0.2_watermarked_image_1080_4.png,0,100.0,0.0,"[0, 2, 2, 5, 6, 4, 3, 2, 0, 0, 4, 5, 1, 2, 6, 3]"
2026-05-19T23:00:36.259179,1080p,Filters,gamma,,Gamma_watermarked_image_1080_4.png,N:\Desktop\WORKING PAPERS\MVDW-NIKOS-PAPER\Version_22\attacked\1080p\watermarked_image_1080_4\Filters\Gamma_watermarked_image_1080_4.png,0,81.25,0.0573,"[0, 'X', 'X', 'X', 6, 4, 3, 2, 0, 0, 4, 5, 1, 2, 6, 3]"
2026-05-19T23:00:37.790965,1080p,Filters,histogram_equalization,,HEQ_watermarked_image_1080_4.png,N:\Desktop\WORKING PAPERS\MVDW-NIKOS-PAPER\Version_22\attacked\1080p\watermarked_image_1080_4\Filters\HEQ_watermarked_image_1080_4.png,0,100.0,0.0,"[0, 2, 2, 5, 6, 4, 3, 2, 0, 0, 4, 5, 1, 2, 6, 3]"
2026-05-19T23:00:39.335055,1080p,Filters,motion_blur,3,MB_k3_watermarked_image_1080_4.png,N:\Desktop\WORKING PAPERS\MVDW-NIKOS-PAPER\Version_22\attacked\1080p\watermarked_image_1080_4\Filters\MB_k3_watermarked_image_1080_4.png,0,100.0,0.0,"[0, 2, 2, 5, 6, 4, 3, 2, 0, 0, 4, 5, 1, 2, 6, 3]"
2026-05-19T23:00:40.865086,1080p,Filters,motion_blur,5,MB_k5_watermarked_image_1080_4.png,N:\Desktop\WORKING PAPERS\MVDW-NIKOS-PAPER\Version_22\attacked\1080p\watermarked_image_1080_4\Filters\MB_k5_watermarked_image_1080_4.png,0,100.0,0.0,"[0, 2, 2, 5, 6, 4, 3, 2, 0, 0, 4, 5, 1, 2, 6, 3]"
2026-05-19T23:00:42.386988,1080p,Filters,motion_blur,7,MB_k7_watermarked_image_1080_4.png,N:\Desktop\WORKING PAPERS\MVDW-NIKOS-PAPER\Version_22\attacked\1080p\watermarked_image_1080_4\Filters\MB_k7_watermarked_image_1080_4.png,0,100.0,0.0069,"[0, 2, 2, 5, 6, 4, 3, 2, 0, 0, 4, 5, 1, 2, 6, 3]"
2026-05-19T23:00:43.907013,1080p,Filters,mean_filter,3,MEAN_k3_watermarked_image_1080_4.png,N:\Desktop\WORKING PAPERS\MVDW-NIKOS-PAPER\Version_22\attacked\1080p\watermarked_image_1080_4\Filters\MEAN_k3_watermarked_image_1080_4.png,0,87.5,0.0087,"[0, 2, 2, 5, 'X', 4, 3, 2, 0, 0, 4, 5, 'X', 2, 6, 3]"
2026-05-19T23:00:45.446949,1080p,Filters,mean_filter,5,MEAN_k5_watermarked_image_1080_4.png,N:\Desktop\WORKING PAPERS\MVDW-NIKOS-PAPER\Version_22\attacked\1080p\watermarked_image_1080_4\Filters\MEAN_k5_watermarked_image_1080_4.png,0,50.0,0.0955,"['X', 2, 2, 5, 'X', 4, 3, 'X', 0, 'X', 'X', 'X', 1, 'X', 6, 'X']"
2026-05-19T23:00:46.963163,1080p,Filters,median_filter,3,MF_k3_watermarked_image_1080_4.png,N:\Desktop\WORKING PAPERS\MVDW-NIKOS-PAPER\Version_22\attacked\1080p\watermarked_image_1080_4\Filters\MF_k3_watermarked_image_1080_4.png,0,93.75,0.0139,"[0, 2, 2, 5, 6, 4, 3, 2, 0, 0, 4, 5, 1, 'X', 6, 3]"
2026-05-19T23:00:48.518339,1080p,Filters,median_filter,5,MF_k5_watermarked_image_1080_4.png,N:\Desktop\WORKING PAPERS\MVDW-NIKOS-PAPER\Version_22\attacked\1080p\watermarked_image_1080_4\Filters\MF_k5_watermarked_image_1080_4.png,0,68.75,0.0382,"[0, 2, 2, 5, 'X', 4, 3, 2, 'X', 0, 4, 5, 'X', 'X', 6, 'X']"
2026-05-19T23:00:50.053934,1080p,Filters,median_filter,7,MF_k7_watermarked_image_1080_4.png,N:\Desktop\WORKING PAPERS\MVDW-NIKOS-PAPER\Version_22\attacked\1080p\watermarked_image_1080_4\Filters\MF_k7_watermarked_image_1080_4.png,0,0.0,0.2743,"['X', 'X', 'X', 'X', 'X', 'X', 'X', 'X', 'X', 'X', 'X', 'X', 'X', 'X', 'X', 'X']"
2026-05-19T23:00:51.561394,1080p,Filters,sharpening,,SHARP_watermarked_image_1080_4.png,N:\Desktop\WORKING PAPERS\MVDW-NIKOS-PAPER\Version_22\attacked\1080p\watermarked_image_1080_4\Filters\SHARP_watermarked_image_1080_4.png,0,100.0,0.0,"[0, 2, 2, 5, 6, 4, 3, 2, 0, 0, 4, 5, 1, 2, 6, 3]"
2026-05-19T23:00:53.060460,1080p,Filters,salt_pepper,0.05,SaP_p0.05_watermarked_image_1080_4.png,N:\Desktop\WORKING PAPERS\MVDW-NIKOS-PAPER\Version_22\attacked\1080p\watermarked_image_1080_4\Filters\SaP_p0.05_watermarked_image_1080_4.png,0,12.5,0.342,"['X', 'X', 'X', 'X', 'X', 'X', 'X', 'X', 'X', 'X', 4, 'X', 'X', 'X', 'X', 3]"
2026-05-19T23:00:54.592744,1080p,Filters,salt_pepper,0.1,SaP_p0.1_watermarked_image_1080_4.png,N:\Desktop\WORKING PAPERS\MVDW-NIKOS-PAPER\Version_22\attacked\1080p\watermarked_image_1080_4\Filters\SaP_p0.1_watermarked_image_1080_4.png,0,12.5,0.3507,"['X', 'X', 'X', 'X', 6, 'X', 'X', 'X', 'X', 'X', 'X', 'X', 'X', 2, 'X', 'X']"
2026-05-19T23:00:56.139729,1080p,Filters,salt_pepper,0.2,SaP_p0.2_watermarked_image_1080_4.png,N:\Desktop\WORKING PAPERS\MVDW-NIKOS-PAPER\Version_22\attacked\1080p\watermarked_image_1080_4\Filters\SaP_p0.2_watermarked_image_1080_4.png,0,6.25,0.3611,"['X', 'X', 'X', 'X', 'X', 'X', 'X', 'X', 'X', 'X', 'X', 'X', 'X', 'X', 6, 'X']"
2026-05-19T23:00:57.660019,1080p,Geometric,horizontal_flip,,HFLIP_watermarked_image_1080_4.png,N:\Desktop\WORKING PAPERS\MVDW-NIKOS-PAPER\Version_22\attacked\1080p\watermarked_image_1080_4\Geometric\HFLIP_watermarked_image_1080_4.png,0,18.75,0.3872,"['X', 'X', 'X', 'X', 6, 'X', 3, 'X', 'X', 'X', 'X', 'X', 'X', 'X', 6, 'X']"
2026-05-19T23:00:59.191919,1080p,Geometric,rotation,-10,ROT_-10_watermarked_image_1080_4.png,N:\Desktop\WORKING PAPERS\MVDW-NIKOS-PAPER\Version_22\attacked\1080p\watermarked_image_1080_4\Geometric\ROT_-10_watermarked_image_1080_4.png,0,0.0,0.3872,"['X', 'X', 'X', 'X', 'X', 'X', 'X', 'X', 'X', 'X', 'X', 'X', 'X', 'X', 'X', 'X']"
2026-05-19T23:01:00.731392,1080p,Geometric,rotation,10,ROT_10_watermarked_image_1080_4.png,N:\Desktop\WORKING PAPERS\MVDW-NIKOS-PAPER\Version_22\attacked\1080p\watermarked_image_1080_4\Geometric\ROT_10_watermarked_image_1080_4.png,0,12.5,0.3854,"['X', 2, 'X', 'X', 'X', 'X', 'X', 'X', 'X', 'X', 'X', 'X', 'X', 2, 'X', 'X']"
2026-05-19T23:01:02.274610,1080p,Geometric,rotation,5,ROT_5_watermarked_image_1080_4.png,N:\Desktop\WORKING PAPERS\MVDW-NIKOS-PAPER\Version_22\attacked\1080p\watermarked_image_1080_4\Geometric\ROT_5_watermarked_image_1080_4.png,0,6.25,0.401,"['X', 'X', 'X', 'X', 6, 'X', 'X', 'X', 'X', 'X', 'X', 'X', 'X', 'X', 'X', 'X']"
2026-05-19T23:01:03.827827,1080p,Geometric,translation,x10_y10,TRANS_x10_y10_watermarked_image_1080_4.png,N:\Desktop\WORKING PAPERS\MVDW-NIKOS-PAPER\Version_22\attacked\1080p\watermarked_image_1080_4\Geometric\TRANS_x10_y10_watermarked_image_1080_4.png,0,0.0,0.2812,"['X', 'X', 'X', 'X', 'X', 'X', 'X', 'X', 'X', 'X', 'X', 'X', 'X', 'X', 'X', 'X']"
2026-05-19T23:01:05.350151,1080p,Geometric,translation,x5_y5,TRANS_x5_y5_watermarked_image_1080_4.png,N:\Desktop\WORKING PAPERS\MVDW-NIKOS-PAPER\Version_22\attacked\1080p\watermarked_image_1080_4\Geometric\TRANS_x5_y5_watermarked_image_1080_4.png,0,18.75,0.3125,"[0, 'X', 'X', 'X', 'X', 'X', 'X', 'X', 'X', 0, 'X', 'X', 1, 'X', 'X', 'X']"
2026-05-19T23:01:06.881490,1080p,Resize,resize,110,RESIZE_110_watermarked_image_1080_4.png,N:\Desktop\WORKING PAPERS\MVDW-NIKOS-PAPER\Version_22\attacked\1080p\watermarked_image_1080_4\Resize\RESIZE_110_watermarked_image_1080_4.png,0,100.0,0.0,"[0, 2, 2, 5, 6, 4, 3, 2, 0, 0, 4, 5, 1, 2, 6, 3]"
2026-05-19T23:01:08.431532,1080p,Resize,resize,90,RESIZE_90_watermarked_image_1080_4.png,N:\Desktop\WORKING PAPERS\MVDW-NIKOS-PAPER\Version_22\attacked\1080p\watermarked_image_1080_4\Resize\RESIZE_90_watermarked_image_1080_4.png,0,81.25,0.0243,"[0, 2, 2, 5, 6, 4, 3, 2, 0, 'X', 4, 5, 1, 'X', 6, 'X']"
2026-05-19T23:01:09.947083,1080p,Crops,crop,BothHorizontal_25,Croped_BothHorizontal_25_watermarked_image_1080_5.png,N:\Desktop\WORKING PAPERS\MVDW-NIKOS-PAPER\Version_22\attacked\1080p\watermarked_image_1080_5\Crops\Croped_BothHorizontal_25_watermarked_image_1080_5.png,0,81.25,0.0677,"[0, 'X', 2, 'X', 6, 4, 3, 2, 0, 0, 4, 5, 1, 'X', 6, 3]"
2026-05-19T23:01:11.401386,1080p,Crops,crop,BothHorizontal_50,Croped_BothHorizontal_50_watermarked_image_1080_5.png,N:\Desktop\WORKING PAPERS\MVDW-NIKOS-PAPER\Version_22\attacked\1080p\watermarked_image_1080_5\Crops\Croped_BothHorizontal_50_watermarked_image_1080_5.png,0,50.0,0.1875,"['X', 'X', 'X', 'X', 6, 4, 3, 2, 0, 0, 4, 5, 'X', 'X', 'X', 'X']"
2026-05-19T23:01:12.843641,1080p,Crops,crop,BothHorizontal_75,Croped_BothHorizontal_75_watermarked_image_1080_5.png,N:\Desktop\WORKING PAPERS\MVDW-NIKOS-PAPER\Version_22\attacked\1080p\watermarked_image_1080_5\Crops\Croped_BothHorizontal_75_watermarked_image_1080_5.png,0,31.25,0.25,"['X', 'X', 'X', 'X', 'X', 'X', 3, 2, 0, 0, 4, 'X', 'X', 'X', 'X', 'X']"
2026-05-19T23:01:14.371309,1080p,Crops,crop,BothVertical_25,Croped_BothVertical_25_watermarked_image_1080_5.png,N:\Desktop\WORKING PAPERS\MVDW-NIKOS-PAPER\Version_22\attacked\1080p\watermarked_image_1080_5\Crops\Croped_BothVertical_25_watermarked_image_1080_5.png,0,75.0,0.0903,"['X', 2, 2, 'X', 'X', 4, 3, 2, 0, 0, 4, 'X', 1, 2, 6, 3]"
2026-05-19T23:01:15.860390,1080p,Crops,crop,BothVertical_50,Croped_BothVertical_50_watermarked_image_1080_5.png,N:\Desktop\WORKING PAPERS\MVDW-NIKOS-PAPER\Version_22\attacked\1080p\watermarked_image_1080_5\Crops\Croped_BothVertical_50_watermarked_image_1080_5.png,0,50.0,0.1875,"['X', 2, 2, 'X', 'X', 4, 3, 'X', 'X', 0, 4, 'X', 'X', 2, 6, 'X']"
2026-05-19T23:01:17.291170,1080p,Crops,crop,BothVertical_75,Croped_BothVertical_75_watermarked_image_1080_5.png,N:\Desktop\WORKING PAPERS\MVDW-NIKOS-PAPER\Version_22\attacked\1080p\watermarked_image_1080_5\Crops\Croped_BothVertical_75_watermarked_image_1080_5.png,0,18.75,0.2951,"['X', 'X', 'X', 'X', 'X', 'X', 3, 'X', 'X', 0, 'X', 'X', 'X', 2, 'X', 'X']"
2026-05-19T23:01:18.801876,1080p,Crops,crop,Bottom_25,Croped_Bottom_25_watermarked_image_1080_5.png,N:\Desktop\WORKING PAPERS\MVDW-NIKOS-PAPER\Version_22\attacked\1080p\watermarked_image_1080_5\Crops\Croped_Bottom_25_watermarked_image_1080_5.png,0,75.0,0.0903,"[0, 2, 2, 5, 6, 4, 3, 2, 0, 0, 4, 5, 'X', 'X', 'X', 'X']"
2026-05-19T23:01:20.288005,1080p,Crops,crop,Bottom_50,Croped_Bottom_50_watermarked_image_1080_5.png,N:\Desktop\WORKING PAPERS\MVDW-NIKOS-PAPER\Version_22\attacked\1080p\watermarked_image_1080_5\Crops\Croped_Bottom_50_watermarked_image_1080_5.png,0,50.0,0.184,"[0, 2, 2, 5, 6, 4, 3, 2, 'X', 'X', 'X', 'X', 'X', 'X', 'X', 'X']"
2026-05-19T23:01:21.736040,1080p,Crops,crop,Bottom_75,Croped_Bottom_75_watermarked_image_1080_5.png,N:\Desktop\WORKING PAPERS\MVDW-NIKOS-PAPER\Version_22\attacked\1080p\watermarked_image_1080_5\Crops\Croped_Bottom_75_watermarked_image_1080_5.png,0,25.0,0.2708,"[0, 2, 2, 5, 'X', 'X', 'X', 'X', 'X', 'X', 'X', 'X', 'X', 'X', 'X', 'X']"
2026-05-19T23:01:23.205886,1080p,Crops,crop,Left_25,Croped_Left_25_watermarked_image_1080_5.png,N:\Desktop\WORKING PAPERS\MVDW-NIKOS-PAPER\Version_22\attacked\1080p\watermarked_image_1080_5\Crops\Croped_Left_25_watermarked_image_1080_5.png,0,75.0,0.0903,"['X', 2, 2, 5, 'X', 4, 3, 2, 'X', 0, 4, 5, 'X', 2, 6, 3]"
2026-05-19T23:01:24.642748,1080p,Crops,crop,Left_50,Croped_Left_50_watermarked_image_1080_5.png,N:\Desktop\WORKING PAPERS\MVDW-NIKOS-PAPER\Version_22\attacked\1080p\watermarked_image_1080_5\Crops\Croped_Left_50_watermarked_image_1080_5.png,0,50.0,0.184,"['X', 'X', 2, 5, 'X', 'X', 3, 2, 'X', 'X', 4, 5, 'X', 'X', 6, 3]"
2026-05-19T23:01:26.083055,1080p,Crops,crop,Left_75,Croped_Left_75_watermarked_image_1080_5.png,N:\Desktop\WORKING PAPERS\MVDW-NIKOS-PAPER\Version_22\attacked\1080p\watermarked_image_1080_5\Crops\Croped_Left_75_watermarked_image_1080_5.png,0,25.0,0.2708,"['X', 'X', 'X', 5, 'X', 'X', 'X', 2, 'X', 'X', 'X', 5, 'X', 'X', 'X', 3]"
2026-05-19T23:01:27.584680,1080p,Crops,crop,Right_25,Croped_Right_25_watermarked_image_1080_5.png,N:\Desktop\WORKING PAPERS\MVDW-NIKOS-PAPER\Version_22\attacked\1080p\watermarked_image_1080_5\Crops\Croped_Right_25_watermarked_image_1080_5.png,0,75.0,0.0972,"[0, 2, 2, 'X', 6, 4, 3, 'X', 0, 0, 4, 'X', 1, 2, 6, 'X']"
2026-05-19T23:01:29.095316,1080p,Crops,crop,Right_50,Croped_Right_50_watermarked_image_1080_5.png,N:\Desktop\WORKING PAPERS\MVDW-NIKOS-PAPER\Version_22\attacked\1080p\watermarked_image_1080_5\Crops\Croped_Right_50_watermarked_image_1080_5.png,0,50.0,0.184,"[0, 2, 'X', 'X', 6, 4, 'X', 'X', 0, 0, 'X', 'X', 1, 2, 'X', 'X']"
2026-05-19T23:01:30.549370,1080p,Crops,crop,Right_75,Croped_Right_75_watermarked_image_1080_5.png,N:\Desktop\WORKING PAPERS\MVDW-NIKOS-PAPER\Version_22\attacked\1080p\watermarked_image_1080_5\Crops\Croped_Right_75_watermarked_image_1080_5.png,0,25.0,0.2778,"[0, 'X', 'X', 'X', 6, 'X', 'X', 'X', 0, 'X', 'X', 'X', 1, 'X', 'X', 'X']"
2026-05-19T23:01:32.042986,1080p,Crops,crop,Top_25,Croped_Top_25_watermarked_image_1080_5.png,N:\Desktop\WORKING PAPERS\MVDW-NIKOS-PAPER\Version_22\attacked\1080p\watermarked_image_1080_5\Crops\Croped_Top_25_watermarked_image_1080_5.png,0,75.0,0.0972,"['X', 'X', 'X', 'X', 6, 4, 3, 2, 0, 0, 4, 5, 1, 2, 6, 3]"
2026-05-19T23:01:33.507925,1080p,Crops,crop,Top_50,Croped_Top_50_watermarked_image_1080_5.png,N:\Desktop\WORKING PAPERS\MVDW-NIKOS-PAPER\Version_22\attacked\1080p\watermarked_image_1080_5\Crops\Croped_Top_50_watermarked_image_1080_5.png,0,50.0,0.184,"['X', 'X', 'X', 'X', 'X', 'X', 'X', 'X', 0, 0, 4, 5, 1, 2, 6, 3]"
2026-05-19T23:01:34.972761,1080p,Crops,crop,Top_75,Croped_Top_75_watermarked_image_1080_5.png,N:\Desktop\WORKING PAPERS\MVDW-NIKOS-PAPER\Version_22\attacked\1080p\watermarked_image_1080_5\Crops\Croped_Top_75_watermarked_image_1080_5.png,0,25.0,0.2778,"['X', 'X', 'X', 'X', 'X', 'X', 'X', 'X', 'X', 'X', 'X', 'X', 1, 2, 6, 3]"
2026-05-19T23:01:36.446165,1080p,Filters,jpeg,50,Compressed_q50_watermarked_image_1080_5.jpg,N:\Desktop\WORKING PAPERS\MVDW-NIKOS-PAPER\Version_22\attacked\1080p\watermarked_image_1080_5\Filters\Compressed_q50_watermarked_image_1080_5.jpg,0,6.25,0.3403,"['X', 'X', 'X', 'X', 'X', 'X', 'X', 'X', 'X', 'X', 'X', 'X', 'X', 'X', 6, 'X']"
2026-05-19T23:01:37.932065,1080p,Filters,jpeg,70,Compressed_q70_watermarked_image_1080_5.jpg,N:\Desktop\WORKING PAPERS\MVDW-NIKOS-PAPER\Version_22\attacked\1080p\watermarked_image_1080_5\Filters\Compressed_q70_watermarked_image_1080_5.jpg,0,25.0,0.2656,"['X', 2, 'X', 'X', 'X', 4, 3, 2, 'X', 'X', 'X', 'X', 'X', 'X', 'X', 'X']"
2026-05-19T23:01:39.451043,1080p,Filters,jpeg,90,Compressed_q90_watermarked_image_1080_5.jpg,N:\Desktop\WORKING PAPERS\MVDW-NIKOS-PAPER\Version_22\attacked\1080p\watermarked_image_1080_5\Filters\Compressed_q90_watermarked_image_1080_5.jpg,0,100.0,0.0,"[0, 2, 2, 5, 6, 4, 3, 2, 0, 0, 4, 5, 1, 2, 6, 3]"
2026-05-19T23:01:40.970692,1080p,Filters,gaussian_blur,3,GB_k3_watermarked_image_1080_5.png,N:\Desktop\WORKING PAPERS\MVDW-NIKOS-PAPER\Version_22\attacked\1080p\watermarked_image_1080_5\Filters\GB_k3_watermarked_image_1080_5.png,0,12.5,0.3576,"['X', 'X', 'X', 'X', 'X', 'X', 3, 'X', 'X', 'X', 'X', 'X', 1, 'X', 'X', 'X']"
2026-05-19T23:01:42.459685,1080p,Filters,gaussian_blur,5,GB_k5_watermarked_image_1080_5.png,N:\Desktop\WORKING PAPERS\MVDW-NIKOS-PAPER\Version_22\attacked\1080p\watermarked_image_1080_5\Filters\GB_k5_watermarked_image_1080_5.png,0,12.5,0.3438,"['X', 'X', 'X', 'X', 'X', 'X', 3, 'X', 'X', 'X', 'X', 'X', 'X', 'X', 6, 'X']"
2026-05-19T23:01:43.980963,1080p,Filters,gaussian_blur,7,GB_k7_watermarked_image_1080_5.png,N:\Desktop\WORKING PAPERS\MVDW-NIKOS-PAPER\Version_22\attacked\1080p\watermarked_image_1080_5\Filters\GB_k7_watermarked_image_1080_5.png,0,18.75,0.3837,"['X', 'X', 'X', 'X', 'X', 'X', 3, 'X', 'X', 'X', 'X', 'X', 1, 'X', 6, 'X']"
2026-05-19T23:01:45.503441,1080p,Filters,gaussian_noise,0.05,GN_lvl0.05_watermarked_image_1080_5.png,N:\Desktop\WORKING PAPERS\MVDW-NIKOS-PAPER\Version_22\attacked\1080p\watermarked_image_1080_5\Filters\GN_lvl0.05_watermarked_image_1080_5.png,0,100.0,0.0,"[0, 2, 2, 5, 6, 4, 3, 2, 0, 0, 4, 5, 1, 2, 6, 3]"
2026-05-19T23:01:47.007110,1080p,Filters,gaussian_noise,0.1,GN_lvl0.1_watermarked_image_1080_5.png,N:\Desktop\WORKING PAPERS\MVDW-NIKOS-PAPER\Version_22\attacked\1080p\watermarked_image_1080_5\Filters\GN_lvl0.1_watermarked_image_1080_5.png,0,100.0,0.0,"[0, 2, 2, 5, 6, 4, 3, 2, 0, 0, 4, 5, 1, 2, 6, 3]"
2026-05-19T23:01:48.501468,1080p,Filters,gaussian_noise,0.2,GN_lvl0.2_watermarked_image_1080_5.png,N:\Desktop\WORKING PAPERS\MVDW-NIKOS-PAPER\Version_22\attacked\1080p\watermarked_image_1080_5\Filters\GN_lvl0.2_watermarked_image_1080_5.png,0,100.0,0.0,"[0, 2, 2, 5, 6, 4, 3, 2, 0, 0, 4, 5, 1, 2, 6, 3]"
2026-05-19T23:01:49.965949,1080p,Filters,gamma,,Gamma_watermarked_image_1080_5.png,N:\Desktop\WORKING PAPERS\MVDW-NIKOS-PAPER\Version_22\attacked\1080p\watermarked_image_1080_5\Filters\Gamma_watermarked_image_1080_5.png,0,50.0,0.151,"['X', 'X', 'X', 'X', 'X', 'X', 'X', 2, 0, 0, 4, 5, 1, 'X', 6, 3]"
2026-05-19T23:01:51.461921,1080p,Filters,histogram_equalization,,HEQ_watermarked_image_1080_5.png,N:\Desktop\WORKING PAPERS\MVDW-NIKOS-PAPER\Version_22\attacked\1080p\watermarked_image_1080_5\Filters\HEQ_watermarked_image_1080_5.png,0,100.0,0.0,"[0, 2, 2, 5, 6, 4, 3, 2, 0, 0, 4, 5, 1, 2, 6, 3]"
2026-05-19T23:01:52.943340,1080p,Filters,motion_blur,3,MB_k3_watermarked_image_1080_5.png,N:\Desktop\WORKING PAPERS\MVDW-NIKOS-PAPER\Version_22\attacked\1080p\watermarked_image_1080_5\Filters\MB_k3_watermarked_image_1080_5.png,0,100.0,0.0,"[0, 2, 2, 5, 6, 4, 3, 2, 0, 0, 4, 5, 1, 2, 6, 3]"
2026-05-19T23:01:54.421041,1080p,Filters,motion_blur,5,MB_k5_watermarked_image_1080_5.png,N:\Desktop\WORKING PAPERS\MVDW-NIKOS-PAPER\Version_22\attacked\1080p\watermarked_image_1080_5\Filters\MB_k5_watermarked_image_1080_5.png,0,100.0,0.0,"[0, 2, 2, 5, 6, 4, 3, 2, 0, 0, 4, 5, 1, 2, 6, 3]"
2026-05-19T23:01:55.925778,1080p,Filters,motion_blur,7,MB_k7_watermarked_image_1080_5.png,N:\Desktop\WORKING PAPERS\MVDW-NIKOS-PAPER\Version_22\attacked\1080p\watermarked_image_1080_5\Filters\MB_k7_watermarked_image_1080_5.png,0,93.75,0.0017,"[0, 2, 2, 5, 6, 4, 3, 2, 0, 0, 'X', 5, 1, 2, 6, 3]"
2026-05-19T23:01:57.406307,1080p,Filters,mean_filter,3,MEAN_k3_watermarked_image_1080_5.png,N:\Desktop\WORKING PAPERS\MVDW-NIKOS-PAPER\Version_22\attacked\1080p\watermarked_image_1080_5\Filters\MEAN_k3_watermarked_image_1080_5.png,0,93.75,0.0035,"[0, 2, 2, 5, 6, 4, 3, 2, 0, 0, 'X', 5, 1, 2, 6, 3]"
2026-05-19T23:01:58.880888,1080p,Filters,mean_filter,5,MEAN_k5_watermarked_image_1080_5.png,N:\Desktop\WORKING PAPERS\MVDW-NIKOS-PAPER\Version_22\attacked\1080p\watermarked_image_1080_5\Filters\MEAN_k5_watermarked_image_1080_5.png,0,50.0,0.0885,"['X', 'X', 2, 'X', 6, 'X', 'X', 2, 0, 'X', 'X', 'X', 1, 2, 6, 3]"
2026-05-19T23:02:00.377476,1080p,Filters,median_filter,3,MF_k3_watermarked_image_1080_5.png,N:\Desktop\WORKING PAPERS\MVDW-NIKOS-PAPER\Version_22\attacked\1080p\watermarked_image_1080_5\Filters\MF_k3_watermarked_image_1080_5.png,0,93.75,0.0052,"[0, 2, 2, 5, 6, 4, 3, 2, 0, 0, 'X', 5, 1, 2, 6, 3]"
2026-05-19T23:02:01.863684,1080p,Filters,median_filter,5,MF_k5_watermarked_image_1080_5.png,N:\Desktop\WORKING PAPERS\MVDW-NIKOS-PAPER\Version_22\attacked\1080p\watermarked_image_1080_5\Filters\MF_k5_watermarked_image_1080_5.png,0,81.25,0.0191,"[0, 2, 2, 5, 6, 'X', 3, 2, 0, 0, 'X', 'X', 1, 2, 6, 3]"
2026-05-19T23:02:03.342796,1080p,Filters,median_filter,7,MF_k7_watermarked_image_1080_5.png,N:\Desktop\WORKING PAPERS\MVDW-NIKOS-PAPER\Version_22\attacked\1080p\watermarked_image_1080_5\Filters\MF_k7_watermarked_image_1080_5.png,0,62.5,0.0885,"[0, 2, 2, 5, 6, 'X', 'X', 'X', 0, 0, 'X', 'X', 'X', 2, 6, 3]"
2026-05-19T23:02:04.839315,1080p,Filters,sharpening,,SHARP_watermarked_image_1080_5.png,N:\Desktop\WORKING PAPERS\MVDW-NIKOS-PAPER\Version_22\attacked\1080p\watermarked_image_1080_5\Filters\SHARP_watermarked_image_1080_5.png,0,100.0,0.0,"[0, 2, 2, 5, 6, 4, 3, 2, 0, 0, 4, 5, 1, 2, 6, 3]"
2026-05-19T23:02:06.342995,1080p,Filters,salt_pepper,0.05,SaP_p0.05_watermarked_image_1080_5.png,N:\Desktop\WORKING PAPERS\MVDW-NIKOS-PAPER\Version_22\attacked\1080p\watermarked_image_1080_5\Filters\SaP_p0.05_watermarked_image_1080_5.png,0,12.5,0.3125,"['X', 'X', 'X', 'X', 6, 'X', 'X', 'X', 'X', 'X', 'X', 'X', 'X', 2, 'X', 'X']"
2026-05-19T23:02:07.843479,1080p,Filters,salt_pepper,0.1,SaP_p0.1_watermarked_image_1080_5.png,N:\Desktop\WORKING PAPERS\MVDW-NIKOS-PAPER\Version_22\attacked\1080p\watermarked_image_1080_5\Filters\SaP_p0.1_watermarked_image_1080_5.png,0,0.0,0.3802,"['X', 'X', 'X', 'X', 'X', 'X', 'X', 'X', 'X', 'X', 'X', 'X', 'X', 'X', 'X', 'X']"
2026-05-19T23:02:09.413804,1080p,Filters,salt_pepper,0.2,SaP_p0.2_watermarked_image_1080_5.png,N:\Desktop\WORKING PAPERS\MVDW-NIKOS-PAPER\Version_22\attacked\1080p\watermarked_image_1080_5\Filters\SaP_p0.2_watermarked_image_1080_5.png,0,0.0,0.3576,"['X', 'X', 'X', 'X', 'X', 'X', 'X', 'X', 'X', 'X', 'X', 'X', 'X', 'X', 'X', 'X']"
2026-05-19T23:02:10.907140,1080p,Geometric,horizontal_flip,,HFLIP_watermarked_image_1080_5.png,N:\Desktop\WORKING PAPERS\MVDW-NIKOS-PAPER\Version_22\attacked\1080p\watermarked_image_1080_5\Geometric\HFLIP_watermarked_image_1080_5.png,0,12.5,0.3646,"['X', 'X', 'X', 'X', 6, 'X', 'X', 'X', 'X', 'X', 'X', 'X', 'X', 'X', 6, 'X']"
2026-05-19T23:02:12.398119,1080p,Geometric,rotation,-10,ROT_-10_watermarked_image_1080_5.png,N:\Desktop\WORKING PAPERS\MVDW-NIKOS-PAPER\Version_22\attacked\1080p\watermarked_image_1080_5\Geometric\ROT_-10_watermarked_image_1080_5.png,0,6.25,0.3733,"['X', 'X', 'X', 5, 'X', 'X', 'X', 'X', 'X', 'X', 'X', 'X', 'X', 'X', 'X', 'X']"
2026-05-19T23:02:13.923882,1080p,Geometric,rotation,10,ROT_10_watermarked_image_1080_5.png,N:\Desktop\WORKING PAPERS\MVDW-NIKOS-PAPER\Version_22\attacked\1080p\watermarked_image_1080_5\Geometric\ROT_10_watermarked_image_1080_5.png,0,18.75,0.3646,"['X', 2, 'X', 'X', 'X', 4, 'X', 'X', 'X', 'X', 4, 'X', 'X', 'X', 'X', 'X']"
2026-05-19T23:02:15.489511,1080p,Geometric,rotation,5,ROT_5_watermarked_image_1080_5.png,N:\Desktop\WORKING PAPERS\MVDW-NIKOS-PAPER\Version_22\attacked\1080p\watermarked_image_1080_5\Geometric\ROT_5_watermarked_image_1080_5.png,0,12.5,0.3455,"['X', 'X', 'X', 'X', 6, 'X', 'X', 'X', 'X', 'X', 'X', 'X', 'X', 'X', 6, 'X']"
2026-05-19T23:02:17.003836,1080p,Geometric,translation,x10_y10,TRANS_x10_y10_watermarked_image_1080_5.png,N:\Desktop\WORKING PAPERS\MVDW-NIKOS-PAPER\Version_22\attacked\1080p\watermarked_image_1080_5\Geometric\TRANS_x10_y10_watermarked_image_1080_5.png,0,18.75,0.2812,"['X', 'X', 'X', 'X', 6, 4, 'X', 'X', 'X', 'X', 4, 'X', 'X', 'X', 'X', 'X']"
2026-05-19T23:02:18.527783,1080p,Geometric,translation,x5_y5,TRANS_x5_y5_watermarked_image_1080_5.png,N:\Desktop\WORKING PAPERS\MVDW-NIKOS-PAPER\Version_22\attacked\1080p\watermarked_image_1080_5\Geometric\TRANS_x5_y5_watermarked_image_1080_5.png,0,12.5,0.3056,"[0, 'X', 'X', 'X', 'X', 'X', 'X', 'X', 0, 'X', 'X', 'X', 'X', 'X', 'X', 'X']"
2026-05-19T23:02:20.047766,1080p,Resize,resize,110,RESIZE_110_watermarked_image_1080_5.png,N:\Desktop\WORKING PAPERS\MVDW-NIKOS-PAPER\Version_22\attacked\1080p\watermarked_image_1080_5\Resize\RESIZE_110_watermarked_image_1080_5.png,0,100.0,0.0,"[0, 2, 2, 5, 6, 4, 3, 2, 0, 0, 4, 5, 1, 2, 6, 3]"
2026-05-19T23:02:21.593923,1080p,Resize,resize,90,RESIZE_90_watermarked_image_1080_5.png,N:\Desktop\WORKING PAPERS\MVDW-NIKOS-PAPER\Version_22\attacked\1080p\watermarked_image_1080_5\Resize\RESIZE_90_watermarked_image_1080_5.png,0,56.25,0.0434,"['X', 2, 2, 5, 6, 4, 'X', 'X', 0, 0, 4, 'X', 'X', 'X', 6, 'X']"
2026-05-19T23:02:24.068101,1440p,Crops,crop,BothHorizontal_25,Croped_BothHorizontal_25_watermarked_image_1440_1.png,N:\Desktop\WORKING PAPERS\MVDW-NIKOS-PAPER\Version_22\attacked\1440p\watermarked_image_1440_1\Crops\Croped_BothHorizontal_25_watermarked_image_1440_1.png,0,68.75,0.0955,"['X', 'X', 'X', 'X', 6, 4, 3, 2, 0, 0, 4, 5, 1, 2, 'X', 3]"
2026-05-19T23:02:26.476629,1440p,Crops,crop,BothHorizontal_50,Croped_BothHorizontal_50_watermarked_image_1440_1.png,N:\Desktop\WORKING PAPERS\MVDW-NIKOS-PAPER\Version_22\attacked\1440p\watermarked_image_1440_1\Crops\Croped_BothHorizontal_50_watermarked_image_1440_1.png,0,50.0,0.1944,"['X', 'X', 'X', 'X', 6, 4, 3, 2, 0, 0, 4, 5, 'X', 'X', 'X', 'X']"
2026-05-19T23:02:28.786712,1440p,Crops,crop,BothHorizontal_75,Croped_BothHorizontal_75_watermarked_image_1440_1.png,N:\Desktop\WORKING PAPERS\MVDW-NIKOS-PAPER\Version_22\attacked\1440p\watermarked_image_1440_1\Crops\Croped_BothHorizontal_75_watermarked_image_1440_1.png,0,31.25,0.2622,"['X', 'X', 'X', 'X', 'X', 4, 3, 'X', 'X', 0, 4, 5, 'X', 'X', 'X', 'X']"
2026-05-19T23:02:31.273098,1440p,Crops,crop,BothVertical_25,Croped_BothVertical_25_watermarked_image_1440_1.png,N:\Desktop\WORKING PAPERS\MVDW-NIKOS-PAPER\Version_22\attacked\1440p\watermarked_image_1440_1\Crops\Croped_BothVertical_25_watermarked_image_1440_1.png,0,75.0,0.099,"[0, 2, 2, 5, 'X', 4, 3, 'X', 'X', 0, 4, 5, 1, 2, 6, 'X']"
2026-05-19T23:02:33.640181,1440p,Crops,crop,BothVertical_50,Croped_BothVertical_50_watermarked_image_1440_1.png,N:\Desktop\WORKING PAPERS\MVDW-NIKOS-PAPER\Version_22\attacked\1440p\watermarked_image_1440_1\Crops\Croped_BothVertical_50_watermarked_image_1440_1.png,0,50.0,0.1944,"['X', 2, 2, 'X', 'X', 4, 3, 'X', 'X', 0, 4, 'X', 'X', 2, 6, 'X']"
2026-05-19T23:02:36.010358,1440p,Crops,crop,BothVertical_75,Croped_BothVertical_75_watermarked_image_1440_1.png,N:\Desktop\WORKING PAPERS\MVDW-NIKOS-PAPER\Version_22\attacked\1440p\watermarked_image_1440_1\Crops\Croped_BothVertical_75_watermarked_image_1440_1.png,0,31.25,0.2604,"['X', 'X', 2, 'X', 'X', 'X', 3, 'X', 'X', 0, 'X', 'X', 'X', 2, 6, 'X']"
2026-05-19T23:02:38.436439,1440p,Crops,crop,Bottom_25,Croped_Bottom_25_watermarked_image_1440_1.png,N:\Desktop\WORKING PAPERS\MVDW-NIKOS-PAPER\Version_22\attacked\1440p\watermarked_image_1440_1\Crops\Croped_Bottom_25_watermarked_image_1440_1.png,0,75.0,0.099,"[0, 2, 2, 5, 6, 4, 3, 2, 0, 0, 4, 5, 'X', 'X', 'X', 'X']"
2026-05-19T23:02:40.761026,1440p,Crops,crop,Bottom_50,Croped_Bottom_50_watermarked_image_1440_1.png,N:\Desktop\WORKING PAPERS\MVDW-NIKOS-PAPER\Version_22\attacked\1440p\watermarked_image_1440_1\Crops\Croped_Bottom_50_watermarked_image_1440_1.png,0,50.0,0.1858,"[0, 2, 2, 5, 6, 4, 3, 2, 'X', 'X', 'X', 'X', 'X', 'X', 'X', 'X']"
2026-05-19T23:02:43.073083,1440p,Crops,crop,Bottom_75,Croped_Bottom_75_watermarked_image_1440_1.png,N:\Desktop\WORKING PAPERS\MVDW-NIKOS-PAPER\Version_22\attacked\1440p\watermarked_image_1440_1\Crops\Croped_Bottom_75_watermarked_image_1440_1.png,0,25.0,0.2726,"[0, 2, 2, 5, 'X', 'X', 'X', 'X', 'X', 'X', 'X', 'X', 'X', 'X', 'X', 'X']"
2026-05-19T23:02:45.675964,1440p,Crops,crop,Left_25,Croped_Left_25_watermarked_image_1440_1.png,N:\Desktop\WORKING PAPERS\MVDW-NIKOS-PAPER\Version_22\attacked\1440p\watermarked_image_1440_1\Crops\Croped_Left_25_watermarked_image_1440_1.png,0,75.0,0.099,"['X', 2, 2, 5, 'X', 4, 3, 2, 'X', 0, 4, 5, 'X', 2, 6, 3]"
2026-05-19T23:02:48.050359,1440p,Crops,crop,Left_50,Croped_Left_50_watermarked_image_1440_1.png,N:\Desktop\WORKING PAPERS\MVDW-NIKOS-PAPER\Version_22\attacked\1440p\watermarked_image_1440_1\Crops\Croped_Left_50_watermarked_image_1440_1.png,0,50.0,0.1858,"['X', 'X', 2, 5, 'X', 'X', 3, 2, 'X', 'X', 4, 5, 'X', 'X', 6, 3]"
2026-05-19T23:02:50.342015,1440p,Crops,crop,Left_75,Croped_Left_75_watermarked_image_1440_1.png,N:\Desktop\WORKING PAPERS\MVDW-NIKOS-PAPER\Version_22\attacked\1440p\watermarked_image_1440_1\Crops\Croped_Left_75_watermarked_image_1440_1.png,0,25.0,0.2726,"['X', 'X', 'X', 5, 'X', 'X', 'X', 2, 'X', 'X', 'X', 5, 'X', 'X', 'X', 3]"
2026-05-19T23:02:52.773862,1440p,Crops,crop,Right_25,Croped_Right_25_watermarked_image_1440_1.png,N:\Desktop\WORKING PAPERS\MVDW-NIKOS-PAPER\Version_22\attacked\1440p\watermarked_image_1440_1\Crops\Croped_Right_25_watermarked_image_1440_1.png,0,75.0,0.1042,"[0, 2, 2, 'X', 6, 4, 3, 'X', 0, 0, 4, 'X', 1, 2, 6, 'X']"
2026-05-19T23:02:55.136278,1440p,Crops,crop,Right_50,Croped_Right_50_watermarked_image_1440_1.png,N:\Desktop\WORKING PAPERS\MVDW-NIKOS-PAPER\Version_22\attacked\1440p\watermarked_image_1440_1\Crops\Croped_Right_50_watermarked_image_1440_1.png,0,50.0,0.191,"[0, 2, 'X', 'X', 6, 4, 'X', 'X', 0, 0, 'X', 'X', 1, 2, 'X', 'X']"
2026-05-19T23:02:57.401028,1440p,Crops,crop,Right_75,Croped_Right_75_watermarked_image_1440_1.png,N:\Desktop\WORKING PAPERS\MVDW-NIKOS-PAPER\Version_22\attacked\1440p\watermarked_image_1440_1\Crops\Croped_Right_75_watermarked_image_1440_1.png,0,25.0,0.2778,"[0, 'X', 'X', 'X', 6, 'X', 'X', 'X', 0, 'X', 'X', 'X', 1, 'X', 'X', 'X']"
2026-05-19T23:02:59.853731,1440p,Crops,crop,Top_25,Croped_Top_25_watermarked_image_1440_1.png,N:\Desktop\WORKING PAPERS\MVDW-NIKOS-PAPER\Version_22\attacked\1440p\watermarked_image_1440_1\Crops\Croped_Top_25_watermarked_image_1440_1.png,0,75.0,0.1042,"['X', 'X', 'X', 'X', 6, 4, 3, 2, 0, 0, 4, 5, 1, 2, 6, 3]"
2026-05-19T23:03:02.230175,1440p,Crops,crop,Top_50,Croped_Top_50_watermarked_image_1440_1.png,N:\Desktop\WORKING PAPERS\MVDW-NIKOS-PAPER\Version_22\attacked\1440p\watermarked_image_1440_1\Crops\Croped_Top_50_watermarked_image_1440_1.png,0,50.0,0.191,"['X', 'X', 'X', 'X', 'X', 'X', 'X', 'X', 0, 0, 4, 5, 1, 2, 6, 3]"
2026-05-19T23:03:04.554899,1440p,Crops,crop,Top_75,Croped_Top_75_watermarked_image_1440_1.png,N:\Desktop\WORKING PAPERS\MVDW-NIKOS-PAPER\Version_22\attacked\1440p\watermarked_image_1440_1\Crops\Croped_Top_75_watermarked_image_1440_1.png,0,25.0,0.2778,"['X', 'X', 'X', 'X', 'X', 'X', 'X', 'X', 'X', 'X', 'X', 'X', 1, 2, 6, 3]"
2026-05-19T23:03:07.058915,1440p,Filters,jpeg,50,Compressed_q50_watermarked_image_1440_1.jpg,N:\Desktop\WORKING PAPERS\MVDW-NIKOS-PAPER\Version_22\attacked\1440p\watermarked_image_1440_1\Filters\Compressed_q50_watermarked_image_1440_1.jpg,0,6.25,0.3785,"['X', 'X', 'X', 'X', 'X', 'X', 'X', 'X', 'X', 'X', 'X', 'X', 'X', 'X', 'X', 3]"
2026-05-19T23:03:09.543065,1440p,Filters,jpeg,70,Compressed_q70_watermarked_image_1440_1.jpg,N:\Desktop\WORKING PAPERS\MVDW-NIKOS-PAPER\Version_22\attacked\1440p\watermarked_image_1440_1\Filters\Compressed_q70_watermarked_image_1440_1.jpg,0,6.25,0.2917,"['X', 'X', 'X', 'X', 'X', 'X', 'X', 'X', 'X', 'X', 'X', 'X', 'X', 'X', 6, 'X']"
2026-05-19T23:03:12.088269,1440p,Filters,jpeg,90,Compressed_q90_watermarked_image_1440_1.jpg,N:\Desktop\WORKING PAPERS\MVDW-NIKOS-PAPER\Version_22\attacked\1440p\watermarked_image_1440_1\Filters\Compressed_q90_watermarked_image_1440_1.jpg,0,56.25,0.066,"['X', 'X', 'X', 'X', 'X', 4, 3, 'X', 0, 0, 4, 5, 'X', 2, 6, 3]"
2026-05-19T23:03:14.590328,1440p,Filters,gaussian_blur,3,GB_k3_watermarked_image_1440_1.png,N:\Desktop\WORKING PAPERS\MVDW-NIKOS-PAPER\Version_22\attacked\1440p\watermarked_image_1440_1\Filters\GB_k3_watermarked_image_1440_1.png,0,0.0,0.3715,"['X', 'X', 'X', 'X', 'X', 'X', 'X', 'X', 'X', 'X', 'X', 'X', 'X', 'X', 'X', 'X']"
2026-05-19T23:03:17.127930,1440p,Filters,gaussian_blur,5,GB_k5_watermarked_image_1440_1.png,N:\Desktop\WORKING PAPERS\MVDW-NIKOS-PAPER\Version_22\attacked\1440p\watermarked_image_1440_1\Filters\GB_k5_watermarked_image_1440_1.png,0,18.75,0.3872,"['X', 'X', 2, 'X', 'X', 'X', 'X', 2, 'X', 'X', 'X', 'X', 'X', 'X', 6, 'X']"
2026-05-19T23:03:19.688808,1440p,Filters,gaussian_blur,7,GB_k7_watermarked_image_1440_1.png,N:\Desktop\WORKING PAPERS\MVDW-NIKOS-PAPER\Version_22\attacked\1440p\watermarked_image_1440_1\Filters\GB_k7_watermarked_image_1440_1.png,0,6.25,0.3385,"['X', 'X', 'X', 'X', 'X', 'X', 'X', 'X', 'X', 'X', 'X', 'X', 'X', 'X', 6, 'X']"
2026-05-19T23:03:22.281402,1440p,Filters,gaussian_noise,0.05,GN_lvl0.05_watermarked_image_1440_1.png,N:\Desktop\WORKING PAPERS\MVDW-NIKOS-PAPER\Version_22\attacked\1440p\watermarked_image_1440_1\Filters\GN_lvl0.05_watermarked_image_1440_1.png,0,100.0,0.0087,"[0, 2, 2, 5, 6, 4, 3, 2, 0, 0, 4, 5, 1, 2, 6, 3]"
2026-05-19T23:03:24.890784,1440p,Filters,gaussian_noise,0.1,GN_lvl0.1_watermarked_image_1440_1.png,N:\Desktop\WORKING PAPERS\MVDW-NIKOS-PAPER\Version_22\attacked\1440p\watermarked_image_1440_1\Filters\GN_lvl0.1_watermarked_image_1440_1.png,0,100.0,0.0087,"[0, 2, 2, 5, 6, 4, 3, 2, 0, 0, 4, 5, 1, 2, 6, 3]"
2026-05-19T23:03:27.457869,1440p,Filters,gaussian_noise,0.2,GN_lvl0.2_watermarked_image_1440_1.png,N:\Desktop\WORKING PAPERS\MVDW-NIKOS-PAPER\Version_22\attacked\1440p\watermarked_image_1440_1\Filters\GN_lvl0.2_watermarked_image_1440_1.png,0,100.0,0.0087,"[0, 2, 2, 5, 6, 4, 3, 2, 0, 0, 4, 5, 1, 2, 6, 3]"
2026-05-19T23:03:29.998831,1440p,Filters,gamma,,Gamma_watermarked_image_1440_1.png,N:\Desktop\WORKING PAPERS\MVDW-NIKOS-PAPER\Version_22\attacked\1440p\watermarked_image_1440_1\Filters\Gamma_watermarked_image_1440_1.png,0,68.75,0.026,"['X', 2, 2, 'X', 6, 4, 'X', 'X', 0, 0, 4, 5, 1, 'X', 6, 3]"
2026-05-19T23:03:32.531449,1440p,Filters,histogram_equalization,,HEQ_watermarked_image_1440_1.png,N:\Desktop\WORKING PAPERS\MVDW-NIKOS-PAPER\Version_22\attacked\1440p\watermarked_image_1440_1\Filters\HEQ_watermarked_image_1440_1.png,0,81.25,0.0191,"[0, 2, 2, 'X', 6, 4, 'X', 'X', 0, 0, 4, 5, 1, 2, 6, 3]"
2026-05-19T23:03:35.047866,1440p,Filters,motion_blur,3,MB_k3_watermarked_image_1440_1.png,N:\Desktop\WORKING PAPERS\MVDW-NIKOS-PAPER\Version_22\attacked\1440p\watermarked_image_1440_1\Filters\MB_k3_watermarked_image_1440_1.png,0,81.25,0.0156,"[0, 2, 2, 'X', 6, 4, 'X', 'X', 0, 0, 4, 5, 1, 2, 6, 3]"
2026-05-19T23:03:37.579071,1440p,Filters,motion_blur,5,MB_k5_watermarked_image_1440_1.png,N:\Desktop\WORKING PAPERS\MVDW-NIKOS-PAPER\Version_22\attacked\1440p\watermarked_image_1440_1\Filters\MB_k5_watermarked_image_1440_1.png,0,81.25,0.0208,"['X', 2, 2, 'X', 6, 4, 3, 'X', 0, 0, 4, 5, 1, 2, 6, 3]"
2026-05-19T23:03:40.084298,1440p,Filters,motion_blur,7,MB_k7_watermarked_image_1440_1.png,N:\Desktop\WORKING PAPERS\MVDW-NIKOS-PAPER\Version_22\attacked\1440p\watermarked_image_1440_1\Filters\MB_k7_watermarked_image_1440_1.png,0,56.25,0.0417,"['X', 2, 2, 'X', 'X', 4, 'X', 'X', 0, 'X', 4, 5, 1, 'X', 6, 3]"
2026-05-19T23:03:42.672932,1440p,Filters,mean_filter,3,MEAN_k3_watermarked_image_1440_1.png,N:\Desktop\WORKING PAPERS\MVDW-NIKOS-PAPER\Version_22\attacked\1440p\watermarked_image_1440_1\Filters\MEAN_k3_watermarked_image_1440_1.png,0,56.25,0.0503,"['X', 2, 2, 'X', 'X', 4, 'X', 'X', 0, 'X', 4, 5, 'X', 2, 6, 3]"
2026-05-19T23:03:45.194461,1440p,Filters,mean_filter,5,MEAN_k5_watermarked_image_1440_1.png,N:\Desktop\WORKING PAPERS\MVDW-NIKOS-PAPER\Version_22\attacked\1440p\watermarked_image_1440_1\Filters\MEAN_k5_watermarked_image_1440_1.png,0,43.75,0.1042,"[0, 2, 'X', 5, 'X', 'X', 'X', 'X', 'X', 'X', 4, 5, 'X', 2, 6, 'X']"
2026-05-19T23:03:47.712891,1440p,Filters,median_filter,3,MF_k3_watermarked_image_1440_1.png,N:\Desktop\WORKING PAPERS\MVDW-NIKOS-PAPER\Version_22\attacked\1440p\watermarked_image_1440_1\Filters\MF_k3_watermarked_image_1440_1.png,0,68.75,0.0399,"['X', 2, 2, 5, 6, 4, 'X', 'X', 0, 0, 4, 5, 1, 'X', 'X', 3]"
2026-05-19T23:03:50.241337,1440p,Filters,median_filter,5,MF_k5_watermarked_image_1440_1.png,N:\Desktop\WORKING PAPERS\MVDW-NIKOS-PAPER\Version_22\attacked\1440p\watermarked_image_1440_1\Filters\MF_k5_watermarked_image_1440_1.png,0,56.25,0.059,"['X', 2, 2, 5, 6, 4, 3, 'X', 0, 'X', 4, 'X', 1, 'X', 'X', 'X']"
2026-05-19T23:03:52.752862,1440p,Filters,median_filter,7,MF_k7_watermarked_image_1440_1.png,N:\Desktop\WORKING PAPERS\MVDW-NIKOS-PAPER\Version_22\attacked\1440p\watermarked_image_1440_1\Filters\MF_k7_watermarked_image_1440_1.png,0,31.25,0.1528,"['X', 'X', 2, 'X', 'X', 4, 'X', 'X', 0, 'X', 'X', 'X', 1, 'X', 'X', 3]"
2026-05-19T23:03:55.297033,1440p,Filters,sharpening,,SHARP_watermarked_image_1440_1.png,N:\Desktop\WORKING PAPERS\MVDW-NIKOS-PAPER\Version_22\attacked\1440p\watermarked_image_1440_1\Filters\SHARP_watermarked_image_1440_1.png,0,93.75,0.0156,"[0, 2, 2, 5, 6, 4, 3, 'X', 0, 0, 4, 5, 1, 2, 6, 3]"
2026-05-19T23:03:57.847060,1440p,Filters,salt_pepper,0.05,SaP_p0.05_watermarked_image_1440_1.png,N:\Desktop\WORKING PAPERS\MVDW-NIKOS-PAPER\Version_22\attacked\1440p\watermarked_image_1440_1\Filters\SaP_p0.05_watermarked_image_1440_1.png,0,6.25,0.3003,"['X', 2, 'X', 'X', 'X', 'X', 'X', 'X', 'X', 'X', 'X', 'X', 'X', 'X', 'X', 'X']"
2026-05-19T23:04:00.391990,1440p,Filters,salt_pepper,0.1,SaP_p0.1_watermarked_image_1440_1.png,N:\Desktop\WORKING PAPERS\MVDW-NIKOS-PAPER\Version_22\attacked\1440p\watermarked_image_1440_1\Filters\SaP_p0.1_watermarked_image_1440_1.png,0,6.25,0.3698,"['X', 'X', 'X', 'X', 'X', 'X', 'X', 'X', 'X', 'X', 'X', 5, 'X', 'X', 'X', 'X']"
2026-05-19T23:04:03.005743,1440p,Filters,salt_pepper,0.2,SaP_p0.2_watermarked_image_1440_1.png,N:\Desktop\WORKING PAPERS\MVDW-NIKOS-PAPER\Version_22\attacked\1440p\watermarked_image_1440_1\Filters\SaP_p0.2_watermarked_image_1440_1.png,0,6.25,0.3767,"['X', 'X', 'X', 'X', 6, 'X', 'X', 'X', 'X', 'X', 'X', 'X', 'X', 'X', 'X', 'X']"
2026-05-19T23:04:05.590668,1440p,Geometric,horizontal_flip,,HFLIP_watermarked_image_1440_1.png,N:\Desktop\WORKING PAPERS\MVDW-NIKOS-PAPER\Version_22\attacked\1440p\watermarked_image_1440_1\Geometric\HFLIP_watermarked_image_1440_1.png,0,6.25,0.3576,"['X', 'X', 'X', 'X', 'X', 'X', 'X', 'X', 'X', 'X', 'X', 5, 'X', 'X', 'X', 'X']"
2026-05-19T23:04:08.194834,1440p,Geometric,rotation,-10,ROT_-10_watermarked_image_1440_1.png,N:\Desktop\WORKING PAPERS\MVDW-NIKOS-PAPER\Version_22\attacked\1440p\watermarked_image_1440_1\Geometric\ROT_-10_watermarked_image_1440_1.png,0,6.25,0.3854,"['X', 'X', 2, 'X', 'X', 'X', 'X', 'X', 'X', 'X', 'X', 'X', 'X', 'X', 'X', 'X']"
2026-05-19T23:04:10.788380,1440p,Geometric,rotation,10,ROT_10_watermarked_image_1440_1.png,N:\Desktop\WORKING PAPERS\MVDW-NIKOS-PAPER\Version_22\attacked\1440p\watermarked_image_1440_1\Geometric\ROT_10_watermarked_image_1440_1.png,0,0.0,0.3785,"['X', 'X', 'X', 'X', 'X', 'X', 'X', 'X', 'X', 'X', 'X', 'X', 'X', 'X', 'X', 'X']"
2026-05-19T23:04:13.361009,1440p,Geometric,rotation,5,ROT_5_watermarked_image_1440_1.png,N:\Desktop\WORKING PAPERS\MVDW-NIKOS-PAPER\Version_22\attacked\1440p\watermarked_image_1440_1\Geometric\ROT_5_watermarked_image_1440_1.png,0,0.0,0.3681,"['X', 'X', 'X', 'X', 'X', 'X', 'X', 'X', 'X', 'X', 'X', 'X', 'X', 'X', 'X', 'X']"
2026-05-19T23:04:15.977173,1440p,Geometric,translation,x10_y10,TRANS_x10_y10_watermarked_image_1440_1.png,N:\Desktop\WORKING PAPERS\MVDW-NIKOS-PAPER\Version_22\attacked\1440p\watermarked_image_1440_1\Geometric\TRANS_x10_y10_watermarked_image_1440_1.png,0,0.0,0.2812,"['X', 'X', 'X', 'X', 'X', 'X', 'X', 'X', 'X', 'X', 'X', 'X', 'X', 'X', 'X', 'X']"
2026-05-19T23:04:18.526630,1440p,Geometric,translation,x5_y5,TRANS_x5_y5_watermarked_image_1440_1.png,N:\Desktop\WORKING PAPERS\MVDW-NIKOS-PAPER\Version_22\attacked\1440p\watermarked_image_1440_1\Geometric\TRANS_x5_y5_watermarked_image_1440_1.png,0,12.5,0.1545,"['X', 'X', 'X', 'X', 'X', 'X', 'X', 'X', 'X', 'X', 'X', 5, 'X', 'X', 6, 'X']"
2026-05-19T23:04:21.076404,1440p,Resize,resize,110,RESIZE_110_watermarked_image_1440_1.png,N:\Desktop\WORKING PAPERS\MVDW-NIKOS-PAPER\Version_22\attacked\1440p\watermarked_image_1440_1\Resize\RESIZE_110_watermarked_image_1440_1.png,0,87.5,0.0191,"[0, 2, 2, 'X', 6, 4, 3, 'X', 0, 0, 4, 5, 1, 2, 6, 3]"
2026-05-19T23:04:23.637589,1440p,Resize,resize,90,RESIZE_90_watermarked_image_1440_1.png,N:\Desktop\WORKING PAPERS\MVDW-NIKOS-PAPER\Version_22\attacked\1440p\watermarked_image_1440_1\Resize\RESIZE_90_watermarked_image_1440_1.png,0,68.75,0.0347,"['X', 2, 'X', 5, 6, 4, 3, 'X', 0, 0, 4, 5, 'X', 'X', 6, 3]"
2026-05-19T23:04:26.165659,1440p,Crops,crop,BothHorizontal_25,Croped_BothHorizontal_25_watermarked_image_1440_2.png,N:\Desktop\WORKING PAPERS\MVDW-NIKOS-PAPER\Version_22\attacked\1440p\watermarked_image_1440_2\Crops\Croped_BothHorizontal_25_watermarked_image_1440_2.png,0,68.75,0.0938,"['X', 'X', 'X', 'X', 6, 4, 3, 2, 0, 0, 4, 5, 'X', 2, 6, 3]"
2026-05-19T23:04:28.574125,1440p,Crops,crop,BothHorizontal_50,Croped_BothHorizontal_50_watermarked_image_1440_2.png,N:\Desktop\WORKING PAPERS\MVDW-NIKOS-PAPER\Version_22\attacked\1440p\watermarked_image_1440_2\Crops\Croped_BothHorizontal_50_watermarked_image_1440_2.png,0,50.0,0.1875,"['X', 'X', 'X', 'X', 6, 4, 3, 2, 0, 0, 4, 5, 'X', 'X', 'X', 'X']"
2026-05-19T23:04:30.883842,1440p,Crops,crop,BothHorizontal_75,Croped_BothHorizontal_75_watermarked_image_1440_2.png,N:\Desktop\WORKING PAPERS\MVDW-NIKOS-PAPER\Version_22\attacked\1440p\watermarked_image_1440_2\Crops\Croped_BothHorizontal_75_watermarked_image_1440_2.png,0,18.75,0.2812,"['X', 'X', 'X', 'X', 6, 'X', 'X', 2, 'X', 'X', 'X', 5, 'X', 'X', 'X', 'X']"
2026-05-19T23:04:33.378774,1440p,Crops,crop,BothVertical_25,Croped_BothVertical_25_watermarked_image_1440_2.png,N:\Desktop\WORKING PAPERS\MVDW-NIKOS-PAPER\Version_22\attacked\1440p\watermarked_image_1440_2\Crops\Croped_BothVertical_25_watermarked_image_1440_2.png,0,56.25,0.1632,"['X', 2, 2, 'X', 'X', 4, 3, 2, 'X', 0, 4, 'X', 'X', 2, 6, 'X']"
2026-05-19T23:04:35.780469,1440p,Crops,crop,BothVertical_50,Croped_BothVertical_50_watermarked_image_1440_2.png,N:\Desktop\WORKING PAPERS\MVDW-NIKOS-PAPER\Version_22\attacked\1440p\watermarked_image_1440_2\Crops\Croped_BothVertical_50_watermarked_image_1440_2.png,0,50.0,0.1875,"['X', 2, 2, 'X', 'X', 4, 3, 'X', 'X', 0, 4, 'X', 'X', 2, 6, 'X']"
2026-05-19T23:04:38.101067,1440p,Crops,crop,BothVertical_75,Croped_BothVertical_75_watermarked_image_1440_2.png,N:\Desktop\WORKING PAPERS\MVDW-NIKOS-PAPER\Version_22\attacked\1440p\watermarked_image_1440_2\Crops\Croped_BothVertical_75_watermarked_image_1440_2.png,0,25.0,0.2743,"['X', 'X', 2, 'X', 'X', 'X', 3, 'X', 'X', 'X', 4, 'X', 'X', 'X', 6, 'X']"
2026-05-19T23:04:40.536674,1440p,Crops,crop,Bottom_25,Croped_Bottom_25_watermarked_image_1440_2.png,N:\Desktop\WORKING PAPERS\MVDW-NIKOS-PAPER\Version_22\attacked\1440p\watermarked_image_1440_2\Crops\Croped_Bottom_25_watermarked_image_1440_2.png,0,75.0,0.0903,"[0, 2, 2, 5, 6, 4, 3, 2, 0, 0, 4, 5, 'X', 'X', 'X', 'X']"
2026-05-19T23:04:42.923313,1440p,Crops,crop,Bottom_50,Croped_Bottom_50_watermarked_image_1440_2.png,N:\Desktop\WORKING PAPERS\MVDW-NIKOS-PAPER\Version_22\attacked\1440p\watermarked_image_1440_2\Crops\Croped_Bottom_50_watermarked_image_1440_2.png,0,50.0,0.184,"[0, 2, 2, 5, 6, 4, 3, 2, 'X', 'X', 'X', 'X', 'X', 'X', 'X', 'X']"
2026-05-19T23:04:45.188015,1440p,Crops,crop,Bottom_75,Croped_Bottom_75_watermarked_image_1440_2.png,N:\Desktop\WORKING PAPERS\MVDW-NIKOS-PAPER\Version_22\attacked\1440p\watermarked_image_1440_2\Crops\Croped_Bottom_75_watermarked_image_1440_2.png,0,25.0,0.2708,"[0, 2, 2, 5, 'X', 'X', 'X', 'X', 'X', 'X', 'X', 'X', 'X', 'X', 'X', 'X']"
2026-05-19T23:04:47.686295,1440p,Crops,crop,Left_25,Croped_Left_25_watermarked_image_1440_2.png,N:\Desktop\WORKING PAPERS\MVDW-NIKOS-PAPER\Version_22\attacked\1440p\watermarked_image_1440_2\Crops\Croped_Left_25_watermarked_image_1440_2.png,0,75.0,0.0903,"['X', 2, 2, 5, 'X', 4, 3, 2, 'X', 0, 4, 5, 'X', 2, 6, 3]"
2026-05-19T23:04:50.050638,1440p,Crops,crop,Left_50,Croped_Left_50_watermarked_image_1440_2.png,N:\Desktop\WORKING PAPERS\MVDW-NIKOS-PAPER\Version_22\attacked\1440p\watermarked_image_1440_2\Crops\Croped_Left_50_watermarked_image_1440_2.png,0,50.0,0.184,"['X', 'X', 2, 5, 'X', 'X', 3, 2, 'X', 'X', 4, 5, 'X', 'X', 6, 3]"
2026-05-19T23:04:52.341177,1440p,Crops,crop,Left_75,Croped_Left_75_watermarked_image_1440_2.png,N:\Desktop\WORKING PAPERS\MVDW-NIKOS-PAPER\Version_22\attacked\1440p\watermarked_image_1440_2\Crops\Croped_Left_75_watermarked_image_1440_2.png,0,25.0,0.2708,"['X', 'X', 'X', 5, 'X', 'X', 'X', 2, 'X', 'X', 'X', 5, 'X', 'X', 'X', 3]"
2026-05-19T23:04:54.777412,1440p,Crops,crop,Right_25,Croped_Right_25_watermarked_image_1440_2.png,N:\Desktop\WORKING PAPERS\MVDW-NIKOS-PAPER\Version_22\attacked\1440p\watermarked_image_1440_2\Crops\Croped_Right_25_watermarked_image_1440_2.png,0,75.0,0.0972,"[0, 2, 2, 'X', 6, 4, 3, 'X', 0, 0, 4, 'X', 1, 2, 6, 'X']"
2026-05-19T23:04:57.210574,1440p,Crops,crop,Right_50,Croped_Right_50_watermarked_image_1440_2.png,N:\Desktop\WORKING PAPERS\MVDW-NIKOS-PAPER\Version_22\attacked\1440p\watermarked_image_1440_2\Crops\Croped_Right_50_watermarked_image_1440_2.png,0,50.0,0.184,"[0, 2, 'X', 'X', 6, 4, 'X', 'X', 0, 0, 'X', 'X', 1, 2, 'X', 'X']"
2026-05-19T23:04:59.472276,1440p,Crops,crop,Right_75,Croped_Right_75_watermarked_image_1440_2.png,N:\Desktop\WORKING PAPERS\MVDW-NIKOS-PAPER\Version_22\attacked\1440p\watermarked_image_1440_2\Crops\Croped_Right_75_watermarked_image_1440_2.png,0,25.0,0.2778,"[0, 'X', 'X', 'X', 6, 'X', 'X', 'X', 0, 'X', 'X', 'X', 1, 'X', 'X', 'X']"
2026-05-19T23:05:02.004268,1440p,Crops,crop,Top_25,Croped_Top_25_watermarked_image_1440_2.png,N:\Desktop\WORKING PAPERS\MVDW-NIKOS-PAPER\Version_22\attacked\1440p\watermarked_image_1440_2\Crops\Croped_Top_25_watermarked_image_1440_2.png,0,75.0,0.0972,"['X', 'X', 'X', 'X', 6, 4, 3, 2, 0, 0, 4, 5, 1, 2, 6, 3]"
2026-05-19T23:05:04.402730,1440p,Crops,crop,Top_50,Croped_Top_50_watermarked_image_1440_2.png,N:\Desktop\WORKING PAPERS\MVDW-NIKOS-PAPER\Version_22\attacked\1440p\watermarked_image_1440_2\Crops\Croped_Top_50_watermarked_image_1440_2.png,0,50.0,0.184,"['X', 'X', 'X', 'X', 'X', 'X', 'X', 'X', 0, 0, 4, 5, 1, 2, 6, 3]"
2026-05-19T23:05:06.664533,1440p,Crops,crop,Top_75,Croped_Top_75_watermarked_image_1440_2.png,N:\Desktop\WORKING PAPERS\MVDW-NIKOS-PAPER\Version_22\attacked\1440p\watermarked_image_1440_2\Crops\Croped_Top_75_watermarked_image_1440_2.png,0,25.0,0.2778,"['X', 'X', 'X', 'X', 'X', 'X', 'X', 'X', 'X', 'X', 'X', 'X', 1, 2, 6, 3]"
2026-05-19T23:05:09.138755,1440p,Filters,jpeg,50,Compressed_q50_watermarked_image_1440_2.jpg,N:\Desktop\WORKING PAPERS\MVDW-NIKOS-PAPER\Version_22\attacked\1440p\watermarked_image_1440_2\Filters\Compressed_q50_watermarked_image_1440_2.jpg,0,0.0,0.3576,"['X', 'X', 'X', 'X', 'X', 'X', 'X', 'X', 'X', 'X', 'X', 'X', 'X', 'X', 'X', 'X']"
2026-05-19T23:05:11.662892,1440p,Filters,jpeg,70,Compressed_q70_watermarked_image_1440_2.jpg,N:\Desktop\WORKING PAPERS\MVDW-NIKOS-PAPER\Version_22\attacked\1440p\watermarked_image_1440_2\Filters\Compressed_q70_watermarked_image_1440_2.jpg,0,25.0,0.3368,"['X', 'X', 'X', 'X', 6, 'X', 3, 2, 'X', 'X', 'X', 'X', 'X', 'X', 6, 'X']"
2026-05-19T23:05:14.171614,1440p,Filters,jpeg,90,Compressed_q90_watermarked_image_1440_2.jpg,N:\Desktop\WORKING PAPERS\MVDW-NIKOS-PAPER\Version_22\attacked\1440p\watermarked_image_1440_2\Filters\Compressed_q90_watermarked_image_1440_2.jpg,0,56.25,0.1111,"['X', 2, 'X', 5, 'X', 4, 'X', 2, 0, 0, 'X', 'X', 'X', 2, 6, 3]"
2026-05-19T23:05:16.727250,1440p,Filters,gaussian_blur,3,GB_k3_watermarked_image_1440_2.png,N:\Desktop\WORKING PAPERS\MVDW-NIKOS-PAPER\Version_22\attacked\1440p\watermarked_image_1440_2\Filters\GB_k3_watermarked_image_1440_2.png,0,12.5,0.3194,"['X', 'X', 2, 'X', 'X', 'X', 'X', 'X', 'X', 'X', 'X', 'X', 'X', 2, 'X', 'X']"
2026-05-19T23:05:19.278636,1440p,Filters,gaussian_blur,5,GB_k5_watermarked_image_1440_2.png,N:\Desktop\WORKING PAPERS\MVDW-NIKOS-PAPER\Version_22\attacked\1440p\watermarked_image_1440_2\Filters\GB_k5_watermarked_image_1440_2.png,0,18.75,0.401,"['X', 2, 'X', 'X', 6, 'X', 3, 'X', 'X', 'X', 'X', 'X', 'X', 'X', 'X', 'X']"
2026-05-19T23:05:21.805662,1440p,Filters,gaussian_blur,7,GB_k7_watermarked_image_1440_2.png,N:\Desktop\WORKING PAPERS\MVDW-NIKOS-PAPER\Version_22\attacked\1440p\watermarked_image_1440_2\Filters\GB_k7_watermarked_image_1440_2.png,0,0.0,0.3941,"['X', 'X', 'X', 'X', 'X', 'X', 'X', 'X', 'X', 'X', 'X', 'X', 'X', 'X', 'X', 'X']"
2026-05-19T23:05:24.299445,1440p,Filters,gaussian_noise,0.05,GN_lvl0.05_watermarked_image_1440_2.png,N:\Desktop\WORKING PAPERS\MVDW-NIKOS-PAPER\Version_22\attacked\1440p\watermarked_image_1440_2\Filters\GN_lvl0.05_watermarked_image_1440_2.png,0,100.0,0.0,"[0, 2, 2, 5, 6, 4, 3, 2, 0, 0, 4, 5, 1, 2, 6, 3]"
2026-05-19T23:05:26.848063,1440p,Filters,gaussian_noise,0.1,GN_lvl0.1_watermarked_image_1440_2.png,N:\Desktop\WORKING PAPERS\MVDW-NIKOS-PAPER\Version_22\attacked\1440p\watermarked_image_1440_2\Filters\GN_lvl0.1_watermarked_image_1440_2.png,0,100.0,0.0,"[0, 2, 2, 5, 6, 4, 3, 2, 0, 0, 4, 5, 1, 2, 6, 3]"
2026-05-19T23:05:29.382856,1440p,Filters,gaussian_noise,0.2,GN_lvl0.2_watermarked_image_1440_2.png,N:\Desktop\WORKING PAPERS\MVDW-NIKOS-PAPER\Version_22\attacked\1440p\watermarked_image_1440_2\Filters\GN_lvl0.2_watermarked_image_1440_2.png,0,100.0,0.0,"[0, 2, 2, 5, 6, 4, 3, 2, 0, 0, 4, 5, 1, 2, 6, 3]"
2026-05-19T23:05:31.745623,1440p,Filters,gamma,,Gamma_watermarked_image_1440_2.png,N:\Desktop\WORKING PAPERS\MVDW-NIKOS-PAPER\Version_22\attacked\1440p\watermarked_image_1440_2\Filters\Gamma_watermarked_image_1440_2.png,0,37.5,0.1997,"[0, 2, 'X', 5, 'X', 4, 'X', 'X', 'X', 0, 'X', 'X', 1, 'X', 'X', 'X']"
2026-05-19T23:05:34.300519,1440p,Filters,histogram_equalization,,HEQ_watermarked_image_1440_2.png,N:\Desktop\WORKING PAPERS\MVDW-NIKOS-PAPER\Version_22\attacked\1440p\watermarked_image_1440_2\Filters\HEQ_watermarked_image_1440_2.png,0,87.5,0.0417,"['X', 2, 2, 'X', 6, 4, 3, 2, 0, 0, 4, 5, 1, 2, 6, 3]"
2026-05-19T23:05:36.837273,1440p,Filters,motion_blur,3,MB_k3_watermarked_image_1440_2.png,N:\Desktop\WORKING PAPERS\MVDW-NIKOS-PAPER\Version_22\attacked\1440p\watermarked_image_1440_2\Filters\MB_k3_watermarked_image_1440_2.png,0,93.75,0.0312,"['X', 2, 2, 5, 6, 4, 3, 2, 0, 0, 4, 5, 1, 2, 6, 3]"
2026-05-19T23:05:39.376959,1440p,Filters,motion_blur,5,MB_k5_watermarked_image_1440_2.png,N:\Desktop\WORKING PAPERS\MVDW-NIKOS-PAPER\Version_22\attacked\1440p\watermarked_image_1440_2\Filters\MB_k5_watermarked_image_1440_2.png,0,93.75,0.0312,"['X', 2, 2, 5, 6, 4, 3, 2, 0, 0, 4, 5, 1, 2, 6, 3]"
2026-05-19T23:05:41.938907,1440p,Filters,motion_blur,7,MB_k7_watermarked_image_1440_2.png,N:\Desktop\WORKING PAPERS\MVDW-NIKOS-PAPER\Version_22\attacked\1440p\watermarked_image_1440_2\Filters\MB_k7_watermarked_image_1440_2.png,0,87.5,0.0243,"[0, 2, 2, 'X', 6, 4, 3, 2, 0, 0, 4, 5, 'X', 2, 6, 3]"
2026-05-19T23:05:44.523152,1440p,Filters,mean_filter,3,MEAN_k3_watermarked_image_1440_2.png,N:\Desktop\WORKING PAPERS\MVDW-NIKOS-PAPER\Version_22\attacked\1440p\watermarked_image_1440_2\Filters\MEAN_k3_watermarked_image_1440_2.png,0,93.75,0.0365,"['X', 2, 2, 5, 6, 4, 3, 2, 0, 0, 4, 5, 1, 2, 6, 3]"
2026-05-19T23:05:47.063403,1440p,Filters,mean_filter,5,MEAN_k5_watermarked_image_1440_2.png,N:\Desktop\WORKING PAPERS\MVDW-NIKOS-PAPER\Version_22\attacked\1440p\watermarked_image_1440_2\Filters\MEAN_k5_watermarked_image_1440_2.png,0,56.25,0.1059,"['X', 2, 'X', 5, 'X', 4, 3, 2, 0, 0, 'X', 'X', 'X', 2, 6, 'X']"
2026-05-19T23:05:49.581046,1440p,Filters,median_filter,3,MF_k3_watermarked_image_1440_2.png,N:\Desktop\WORKING PAPERS\MVDW-NIKOS-PAPER\Version_22\attacked\1440p\watermarked_image_1440_2\Filters\MF_k3_watermarked_image_1440_2.png,0,56.25,0.0521,"[0, 'X', 'X', 5, 'X', 'X', 3, 'X', 0, 0, 'X', 5, 1, 'X', 6, 3]"
2026-05-19T23:05:52.091012,1440p,Filters,median_filter,5,MF_k5_watermarked_image_1440_2.png,N:\Desktop\WORKING PAPERS\MVDW-NIKOS-PAPER\Version_22\attacked\1440p\watermarked_image_1440_2\Filters\MF_k5_watermarked_image_1440_2.png,0,50.0,0.1007,"[0, 'X', 'X', 5, 6, 4, 3, 'X', 0, 'X', 'X', 'X', 'X', 'X', 6, 3]"
2026-05-19T23:05:54.628820,1440p,Filters,median_filter,7,MF_k7_watermarked_image_1440_2.png,N:\Desktop\WORKING PAPERS\MVDW-NIKOS-PAPER\Version_22\attacked\1440p\watermarked_image_1440_2\Filters\MF_k7_watermarked_image_1440_2.png,0,25.0,0.1406,"[0, 'X', 'X', 5, 'X', 'X', 'X', 'X', 'X', 'X', 'X', 'X', 'X', 'X', 6, 3]"
2026-05-19T23:05:57.167435,1440p,Filters,sharpening,,SHARP_watermarked_image_1440_2.png,N:\Desktop\WORKING PAPERS\MVDW-NIKOS-PAPER\Version_22\attacked\1440p\watermarked_image_1440_2\Filters\SHARP_watermarked_image_1440_2.png,0,100.0,0.0,"[0, 2, 2, 5, 6, 4, 3, 2, 0, 0, 4, 5, 1, 2, 6, 3]"
2026-05-19T23:05:59.720868,1440p,Filters,salt_pepper,0.05,SaP_p0.05_watermarked_image_1440_2.png,N:\Desktop\WORKING PAPERS\MVDW-NIKOS-PAPER\Version_22\attacked\1440p\watermarked_image_1440_2\Filters\SaP_p0.05_watermarked_image_1440_2.png,0,18.75,0.3194,"['X', 'X', 'X', 5, 'X', 'X', 3, 'X', 'X', 'X', 'X', 5, 'X', 'X', 'X', 'X']"
2026-05-19T23:06:02.279702,1440p,Filters,salt_pepper,0.1,SaP_p0.1_watermarked_image_1440_2.png,N:\Desktop\WORKING PAPERS\MVDW-NIKOS-PAPER\Version_22\attacked\1440p\watermarked_image_1440_2\Filters\SaP_p0.1_watermarked_image_1440_2.png,0,6.25,0.3177,"['X', 'X', 'X', 'X', 'X', 'X', 'X', 'X', 'X', 'X', 'X', 'X', 'X', 'X', 6, 'X']"
2026-05-19T23:06:04.816027,1440p,Filters,salt_pepper,0.2,SaP_p0.2_watermarked_image_1440_2.png,N:\Desktop\WORKING PAPERS\MVDW-NIKOS-PAPER\Version_22\attacked\1440p\watermarked_image_1440_2\Filters\SaP_p0.2_watermarked_image_1440_2.png,0,6.25,0.3941,"['X', 'X', 'X', 'X', 'X', 'X', 'X', 'X', 'X', 'X', 'X', 5, 'X', 'X', 'X', 'X']"
2026-05-19T23:06:07.378444,1440p,Geometric,horizontal_flip,,HFLIP_watermarked_image_1440_2.png,N:\Desktop\WORKING PAPERS\MVDW-NIKOS-PAPER\Version_22\attacked\1440p\watermarked_image_1440_2\Geometric\HFLIP_watermarked_image_1440_2.png,0,0.0,0.3802,"['X', 'X', 'X', 'X', 'X', 'X', 'X', 'X', 'X', 'X', 'X', 'X', 'X', 'X', 'X', 'X']"
2026-05-19T23:06:09.978482,1440p,Geometric,rotation,-10,ROT_-10_watermarked_image_1440_2.png,N:\Desktop\WORKING PAPERS\MVDW-NIKOS-PAPER\Version_22\attacked\1440p\watermarked_image_1440_2\Geometric\ROT_-10_watermarked_image_1440_2.png,0,12.5,0.3924,"['X', 'X', 'X', 'X', 'X', 'X', 'X', 'X', 'X', 'X', 'X', 'X', 1, 'X', 'X', 3]"
2026-05-19T23:06:12.542917,1440p,Geometric,rotation,10,ROT_10_watermarked_image_1440_2.png,N:\Desktop\WORKING PAPERS\MVDW-NIKOS-PAPER\Version_22\attacked\1440p\watermarked_image_1440_2\Geometric\ROT_10_watermarked_image_1440_2.png,0,6.25,0.3837,"['X', 'X', 'X', 'X', 6, 'X', 'X', 'X', 'X', 'X', 'X', 'X', 'X', 'X', 'X', 'X']"
2026-05-19T23:06:15.079764,1440p,Geometric,rotation,5,ROT_5_watermarked_image_1440_2.png,N:\Desktop\WORKING PAPERS\MVDW-NIKOS-PAPER\Version_22\attacked\1440p\watermarked_image_1440_2\Geometric\ROT_5_watermarked_image_1440_2.png,0,6.25,0.3976,"['X', 2, 'X', 'X', 'X', 'X', 'X', 'X', 'X', 'X', 'X', 'X', 'X', 'X', 'X', 'X']"
2026-05-19T23:06:17.683105,1440p,Geometric,translation,x10_y10,TRANS_x10_y10_watermarked_image_1440_2.png,N:\Desktop\WORKING PAPERS\MVDW-NIKOS-PAPER\Version_22\attacked\1440p\watermarked_image_1440_2\Geometric\TRANS_x10_y10_watermarked_image_1440_2.png,0,6.25,0.2812,"['X', 'X', 'X', 'X', 'X', 'X', 'X', 'X', 'X', 'X', 'X', 'X', 1, 'X', 'X', 'X']"
2026-05-19T23:06:20.224728,1440p,Geometric,translation,x5_y5,TRANS_x5_y5_watermarked_image_1440_2.png,N:\Desktop\WORKING PAPERS\MVDW-NIKOS-PAPER\Version_22\attacked\1440p\watermarked_image_1440_2\Geometric\TRANS_x5_y5_watermarked_image_1440_2.png,0,18.75,0.1441,"['X', 'X', 2, 5, 'X', 'X', 'X', 'X', 'X', 'X', 'X', 5, 'X', 'X', 'X', 'X']"
2026-05-19T23:06:22.778352,1440p,Resize,resize,110,RESIZE_110_watermarked_image_1440_2.png,N:\Desktop\WORKING PAPERS\MVDW-NIKOS-PAPER\Version_22\attacked\1440p\watermarked_image_1440_2\Resize\RESIZE_110_watermarked_image_1440_2.png,0,100.0,0.0,"[0, 2, 2, 5, 6, 4, 3, 2, 0, 0, 4, 5, 1, 2, 6, 3]"
2026-05-19T23:06:25.334453,1440p,Resize,resize,90,RESIZE_90_watermarked_image_1440_2.png,N:\Desktop\WORKING PAPERS\MVDW-NIKOS-PAPER\Version_22\attacked\1440p\watermarked_image_1440_2\Resize\RESIZE_90_watermarked_image_1440_2.png,0,87.5,0.0104,"[0, 2, 'X', 5, 'X', 4, 3, 2, 0, 0, 4, 5, 1, 2, 6, 3]"
2026-05-19T23:06:27.786015,1440p,Crops,crop,BothHorizontal_25,Croped_BothHorizontal_25_watermarked_image_1440_3.png,N:\Desktop\WORKING PAPERS\MVDW-NIKOS-PAPER\Version_22\attacked\1440p\watermarked_image_1440_3\Crops\Croped_BothHorizontal_25_watermarked_image_1440_3.png,0,68.75,0.1111,"['X', 2, 'X', 'X', 6, 4, 3, 2, 0, 0, 4, 5, 'X', 2, 6, 'X']"
2026-05-19T23:06:30.176454,1440p,Crops,crop,BothHorizontal_50,Croped_BothHorizontal_50_watermarked_image_1440_3.png,N:\Desktop\WORKING PAPERS\MVDW-NIKOS-PAPER\Version_22\attacked\1440p\watermarked_image_1440_3\Crops\Croped_BothHorizontal_50_watermarked_image_1440_3.png,0,50.0,0.1875,"['X', 'X', 'X', 'X', 6, 4, 3, 2, 0, 0, 4, 5, 'X', 'X', 'X', 'X']"
2026-05-19T23:06:32.455718,1440p,Crops,crop,BothHorizontal_75,Croped_BothHorizontal_75_watermarked_image_1440_3.png,N:\Desktop\WORKING PAPERS\MVDW-NIKOS-PAPER\Version_22\attacked\1440p\watermarked_image_1440_3\Crops\Croped_BothHorizontal_75_watermarked_image_1440_3.png,0,31.25,0.2431,"['X', 'X', 'X', 'X', 6, 'X', 3, 'X', 'X', 0, 4, 5, 'X', 'X', 'X', 'X']"
2026-05-19T23:06:34.894028,1440p,Crops,crop,BothVertical_25,Croped_BothVertical_25_watermarked_image_1440_3.png,N:\Desktop\WORKING PAPERS\MVDW-NIKOS-PAPER\Version_22\attacked\1440p\watermarked_image_1440_3\Crops\Croped_BothVertical_25_watermarked_image_1440_3.png,0,75.0,0.0903,"['X', 2, 2, 5, 'X', 4, 3, 'X', 0, 0, 4, 5, 1, 2, 6, 'X']"
2026-05-19T23:06:37.237802,1440p,Crops,crop,BothVertical_50,Croped_BothVertical_50_watermarked_image_1440_3.png,N:\Desktop\WORKING PAPERS\MVDW-NIKOS-PAPER\Version_22\attacked\1440p\watermarked_image_1440_3\Crops\Croped_BothVertical_50_watermarked_image_1440_3.png,0,50.0,0.1875,"['X', 2, 2, 'X', 'X', 4, 3, 'X', 'X', 0, 4, 'X', 'X', 2, 6, 'X']"
2026-05-19T23:06:39.591245,1440p,Crops,crop,BothVertical_75,Croped_BothVertical_75_watermarked_image_1440_3.png,N:\Desktop\WORKING PAPERS\MVDW-NIKOS-PAPER\Version_22\attacked\1440p\watermarked_image_1440_3\Crops\Croped_BothVertical_75_watermarked_image_1440_3.png,0,25.0,0.2674,"['X', 'X', 2, 'X', 'X', 4, 3, 'X', 'X', 'X', 4, 'X', 'X', 'X', 'X', 'X']"
2026-05-19T23:06:42.157377,1440p,Crops,crop,Bottom_25,Croped_Bottom_25_watermarked_image_1440_3.png,N:\Desktop\WORKING PAPERS\MVDW-NIKOS-PAPER\Version_22\attacked\1440p\watermarked_image_1440_3\Crops\Croped_Bottom_25_watermarked_image_1440_3.png,0,75.0,0.0903,"[0, 2, 2, 5, 6, 4, 3, 2, 0, 0, 4, 5, 'X', 'X', 'X', 'X']"
2026-05-19T23:06:44.535010,1440p,Crops,crop,Bottom_50,Croped_Bottom_50_watermarked_image_1440_3.png,N:\Desktop\WORKING PAPERS\MVDW-NIKOS-PAPER\Version_22\attacked\1440p\watermarked_image_1440_3\Crops\Croped_Bottom_50_watermarked_image_1440_3.png,0,50.0,0.184,"[0, 2, 2, 5, 6, 4, 3, 2, 'X', 'X', 'X', 'X', 'X', 'X', 'X', 'X']"
2026-05-19T23:06:46.821700,1440p,Crops,crop,Bottom_75,Croped_Bottom_75_watermarked_image_1440_3.png,N:\Desktop\WORKING PAPERS\MVDW-NIKOS-PAPER\Version_22\attacked\1440p\watermarked_image_1440_3\Crops\Croped_Bottom_75_watermarked_image_1440_3.png,0,25.0,0.2708,"[0, 2, 2, 5, 'X', 'X', 'X', 'X', 'X', 'X', 'X', 'X', 'X', 'X', 'X', 'X']"
2026-05-19T23:06:49.298056,1440p,Crops,crop,Left_25,Croped_Left_25_watermarked_image_1440_3.png,N:\Desktop\WORKING PAPERS\MVDW-NIKOS-PAPER\Version_22\attacked\1440p\watermarked_image_1440_3\Crops\Croped_Left_25_watermarked_image_1440_3.png,0,75.0,0.0903,"['X', 2, 2, 5, 'X', 4, 3, 2, 'X', 0, 4, 5, 'X', 2, 6, 3]"
2026-05-19T23:06:51.717478,1440p,Crops,crop,Left_50,Croped_Left_50_watermarked_image_1440_3.png,N:\Desktop\WORKING PAPERS\MVDW-NIKOS-PAPER\Version_22\attacked\1440p\watermarked_image_1440_3\Crops\Croped_Left_50_watermarked_image_1440_3.png,0,50.0,0.184,"['X', 'X', 2, 5, 'X', 'X', 3, 2, 'X', 'X', 4, 5, 'X', 'X', 6, 3]"
2026-05-19T23:06:54.045285,1440p,Crops,crop,Left_75,Croped_Left_75_watermarked_image_1440_3.png,N:\Desktop\WORKING PAPERS\MVDW-NIKOS-PAPER\Version_22\attacked\1440p\watermarked_image_1440_3\Crops\Croped_Left_75_watermarked_image_1440_3.png,0,25.0,0.2708,"['X', 'X', 'X', 5, 'X', 'X', 'X', 2, 'X', 'X', 'X', 5, 'X', 'X', 'X', 3]"
2026-05-19T23:06:56.513673,1440p,Crops,crop,Right_25,Croped_Right_25_watermarked_image_1440_3.png,N:\Desktop\WORKING PAPERS\MVDW-NIKOS-PAPER\Version_22\attacked\1440p\watermarked_image_1440_3\Crops\Croped_Right_25_watermarked_image_1440_3.png,0,75.0,0.0972,"[0, 2, 2, 'X', 6, 4, 3, 'X', 0, 0, 4, 'X', 1, 2, 6, 'X']"
2026-05-19T23:06:58.888929,1440p,Crops,crop,Right_50,Croped_Right_50_watermarked_image_1440_3.png,N:\Desktop\WORKING PAPERS\MVDW-NIKOS-PAPER\Version_22\attacked\1440p\watermarked_image_1440_3\Crops\Croped_Right_50_watermarked_image_1440_3.png,0,50.0,0.184,"[0, 2, 'X', 'X', 6, 4, 'X', 'X', 0, 0, 'X', 'X', 1, 2, 'X', 'X']"
2026-05-19T23:07:01.185739,1440p,Crops,crop,Right_75,Croped_Right_75_watermarked_image_1440_3.png,N:\Desktop\WORKING PAPERS\MVDW-NIKOS-PAPER\Version_22\attacked\1440p\watermarked_image_1440_3\Crops\Croped_Right_75_watermarked_image_1440_3.png,0,25.0,0.2778,"[0, 'X', 'X', 'X', 6, 'X', 'X', 'X', 0, 'X', 'X', 'X', 1, 'X', 'X', 'X']"
2026-05-19T23:07:03.646801,1440p,Crops,crop,Top_25,Croped_Top_25_watermarked_image_1440_3.png,N:\Desktop\WORKING PAPERS\MVDW-NIKOS-PAPER\Version_22\attacked\1440p\watermarked_image_1440_3\Crops\Croped_Top_25_watermarked_image_1440_3.png,0,75.0,0.0972,"['X', 'X', 'X', 'X', 6, 4, 3, 2, 0, 0, 4, 5, 1, 2, 6, 3]"
2026-05-19T23:07:06.043138,1440p,Crops,crop,Top_50,Croped_Top_50_watermarked_image_1440_3.png,N:\Desktop\WORKING PAPERS\MVDW-NIKOS-PAPER\Version_22\attacked\1440p\watermarked_image_1440_3\Crops\Croped_Top_50_watermarked_image_1440_3.png,0,50.0,0.184,"['X', 'X', 'X', 'X', 'X', 'X', 'X', 'X', 0, 0, 4, 5, 1, 2, 6, 3]"
2026-05-19T23:07:08.357390,1440p,Crops,crop,Top_75,Croped_Top_75_watermarked_image_1440_3.png,N:\Desktop\WORKING PAPERS\MVDW-NIKOS-PAPER\Version_22\attacked\1440p\watermarked_image_1440_3\Crops\Croped_Top_75_watermarked_image_1440_3.png,0,25.0,0.2778,"['X', 'X', 'X', 'X', 'X', 'X', 'X', 'X', 'X', 'X', 'X', 'X', 1, 2, 6, 3]"
2026-05-19T23:07:10.926101,1440p,Filters,jpeg,50,Compressed_q50_watermarked_image_1440_3.jpg,N:\Desktop\WORKING PAPERS\MVDW-NIKOS-PAPER\Version_22\attacked\1440p\watermarked_image_1440_3\Filters\Compressed_q50_watermarked_image_1440_3.jpg,0,0.0,0.3524,"['X', 'X', 'X', 'X', 'X', 'X', 'X', 'X', 'X', 'X', 'X', 'X', 'X', 'X', 'X', 'X']"
2026-05-19T23:07:13.446431,1440p,Filters,jpeg,70,Compressed_q70_watermarked_image_1440_3.jpg,N:\Desktop\WORKING PAPERS\MVDW-NIKOS-PAPER\Version_22\attacked\1440p\watermarked_image_1440_3\Filters\Compressed_q70_watermarked_image_1440_3.jpg,0,6.25,0.3507,"['X', 'X', 'X', 'X', 'X', 'X', 'X', 'X', 'X', 'X', 4, 'X', 'X', 'X', 'X', 'X']"
2026-05-19T23:07:16.003898,1440p,Filters,jpeg,90,Compressed_q90_watermarked_image_1440_3.jpg,N:\Desktop\WORKING PAPERS\MVDW-NIKOS-PAPER\Version_22\attacked\1440p\watermarked_image_1440_3\Filters\Compressed_q90_watermarked_image_1440_3.jpg,0,81.25,0.0521,"['X', 2, 2, 5, 6, 4, 3, 2, 0, 'X', 4, 'X', 1, 2, 6, 3]"
2026-05-19T23:07:18.555589,1440p,Filters,gaussian_blur,3,GB_k3_watermarked_image_1440_3.png,N:\Desktop\WORKING PAPERS\MVDW-NIKOS-PAPER\Version_22\attacked\1440p\watermarked_image_1440_3\Filters\GB_k3_watermarked_image_1440_3.png,0,0.0,0.3767,"['X', 'X', 'X', 'X', 'X', 'X', 'X', 'X', 'X', 'X', 'X', 'X', 'X', 'X', 'X', 'X']"
2026-05-19T23:07:21.118140,1440p,Filters,gaussian_blur,5,GB_k5_watermarked_image_1440_3.png,N:\Desktop\WORKING PAPERS\MVDW-NIKOS-PAPER\Version_22\attacked\1440p\watermarked_image_1440_3\Filters\GB_k5_watermarked_image_1440_3.png,0,25.0,0.3594,"['X', 2, 'X', 'X', 'X', 4, 'X', 'X', 'X', 'X', 'X', 'X', 1, 'X', 6, 'X']"
2026-05-19T23:07:23.640209,1440p,Filters,gaussian_blur,7,GB_k7_watermarked_image_1440_3.png,N:\Desktop\WORKING PAPERS\MVDW-NIKOS-PAPER\Version_22\attacked\1440p\watermarked_image_1440_3\Filters\GB_k7_watermarked_image_1440_3.png,0,0.0,0.3872,"['X', 'X', 'X', 'X', 'X', 'X', 'X', 'X', 'X', 'X', 'X', 'X', 'X', 'X', 'X', 'X']"
2026-05-19T23:07:26.216775,1440p,Filters,gaussian_noise,0.05,GN_lvl0.05_watermarked_image_1440_3.png,N:\Desktop\WORKING PAPERS\MVDW-NIKOS-PAPER\Version_22\attacked\1440p\watermarked_image_1440_3\Filters\GN_lvl0.05_watermarked_image_1440_3.png,0,100.0,0.0,"[0, 2, 2, 5, 6, 4, 3, 2, 0, 0, 4, 5, 1, 2, 6, 3]"
2026-05-19T23:07:28.753858,1440p,Filters,gaussian_noise,0.1,GN_lvl0.1_watermarked_image_1440_3.png,N:\Desktop\WORKING PAPERS\MVDW-NIKOS-PAPER\Version_22\attacked\1440p\watermarked_image_1440_3\Filters\GN_lvl0.1_watermarked_image_1440_3.png,0,100.0,0.0,"[0, 2, 2, 5, 6, 4, 3, 2, 0, 0, 4, 5, 1, 2, 6, 3]"
2026-05-19T23:07:31.354679,1440p,Filters,gaussian_noise,0.2,GN_lvl0.2_watermarked_image_1440_3.png,N:\Desktop\WORKING PAPERS\MVDW-NIKOS-PAPER\Version_22\attacked\1440p\watermarked_image_1440_3\Filters\GN_lvl0.2_watermarked_image_1440_3.png,0,100.0,0.0,"[0, 2, 2, 5, 6, 4, 3, 2, 0, 0, 4, 5, 1, 2, 6, 3]"
2026-05-19T23:07:33.788343,1440p,Filters,gamma,,Gamma_watermarked_image_1440_3.png,N:\Desktop\WORKING PAPERS\MVDW-NIKOS-PAPER\Version_22\attacked\1440p\watermarked_image_1440_3\Filters\Gamma_watermarked_image_1440_3.png,0,56.25,0.1354,"[0, 2, 2, 5, 6, 'X', 3, 2, 0, 'X', 'X', 5, 'X', 'X', 'X', 'X']"
2026-05-19T23:07:36.352996,1440p,Filters,histogram_equalization,,HEQ_watermarked_image_1440_3.png,N:\Desktop\WORKING PAPERS\MVDW-NIKOS-PAPER\Version_22\attacked\1440p\watermarked_image_1440_3\Filters\HEQ_watermarked_image_1440_3.png,0,87.5,0.0312,"['X', 2, 2, 'X', 6, 4, 3, 2, 0, 0, 4, 5, 1, 2, 6, 3]"
2026-05-19T23:07:38.900241,1440p,Filters,motion_blur,3,MB_k3_watermarked_image_1440_3.png,N:\Desktop\WORKING PAPERS\MVDW-NIKOS-PAPER\Version_22\attacked\1440p\watermarked_image_1440_3\Filters\MB_k3_watermarked_image_1440_3.png,0,93.75,0.0122,"['X', 2, 2, 5, 6, 4, 3, 2, 0, 0, 4, 5, 1, 2, 6, 3]"
2026-05-19T23:07:41.483114,1440p,Filters,motion_blur,5,MB_k5_watermarked_image_1440_3.png,N:\Desktop\WORKING PAPERS\MVDW-NIKOS-PAPER\Version_22\attacked\1440p\watermarked_image_1440_3\Filters\MB_k5_watermarked_image_1440_3.png,0,93.75,0.0122,"['X', 2, 2, 5, 6, 4, 3, 2, 0, 0, 4, 5, 1, 2, 6, 3]"
2026-05-19T23:07:44.011174,1440p,Filters,motion_blur,7,MB_k7_watermarked_image_1440_3.png,N:\Desktop\WORKING PAPERS\MVDW-NIKOS-PAPER\Version_22\attacked\1440p\watermarked_image_1440_3\Filters\MB_k7_watermarked_image_1440_3.png,0,93.75,0.0052,"[0, 2, 2, 'X', 6, 4, 3, 2, 0, 0, 4, 5, 1, 2, 6, 3]"
2026-05-19T23:07:46.592796,1440p,Filters,mean_filter,3,MEAN_k3_watermarked_image_1440_3.png,N:\Desktop\WORKING PAPERS\MVDW-NIKOS-PAPER\Version_22\attacked\1440p\watermarked_image_1440_3\Filters\MEAN_k3_watermarked_image_1440_3.png,0,75.0,0.0399,"['X', 2, 2, 'X', 6, 4, 3, 2, 0, 'X', 4, 'X', 1, 2, 6, 3]"
2026-05-19T23:07:49.171138,1440p,Filters,mean_filter,5,MEAN_k5_watermarked_image_1440_3.png,N:\Desktop\WORKING PAPERS\MVDW-NIKOS-PAPER\Version_22\attacked\1440p\watermarked_image_1440_3\Filters\MEAN_k5_watermarked_image_1440_3.png,0,62.5,0.0694,"['X', 'X', 2, 'X', 6, 'X', 3, 2, 0, 'X', 4, 'X', 1, 2, 6, 3]"
2026-05-19T23:07:51.745964,1440p,Filters,median_filter,3,MF_k3_watermarked_image_1440_3.png,N:\Desktop\WORKING PAPERS\MVDW-NIKOS-PAPER\Version_22\attacked\1440p\watermarked_image_1440_3\Filters\MF_k3_watermarked_image_1440_3.png,0,75.0,0.0174,"['X', 'X', 2, 5, 6, 'X', 3, 2, 0, 0, 4, 'X', 1, 2, 6, 3]"
2026-05-19T23:07:54.324940,1440p,Filters,median_filter,5,MF_k5_watermarked_image_1440_3.png,N:\Desktop\WORKING PAPERS\MVDW-NIKOS-PAPER\Version_22\attacked\1440p\watermarked_image_1440_3\Filters\MF_k5_watermarked_image_1440_3.png,0,50.0,0.1042,"[0, 'X', 'X', 5, 6, 'X', 'X', 2, 0, 'X', 4, 'X', 'X', 2, 'X', 3]"
2026-05-19T23:07:56.916095,1440p,Filters,median_filter,7,MF_k7_watermarked_image_1440_3.png,N:\Desktop\WORKING PAPERS\MVDW-NIKOS-PAPER\Version_22\attacked\1440p\watermarked_image_1440_3\Filters\MF_k7_watermarked_image_1440_3.png,0,18.75,0.2431,"['X', 'X', 'X', 'X', 6, 'X', 'X', 'X', 'X', 'X', 'X', 'X', 1, 'X', 'X', 3]"
2026-05-19T23:07:59.457607,1440p,Filters,sharpening,,SHARP_watermarked_image_1440_3.png,N:\Desktop\WORKING PAPERS\MVDW-NIKOS-PAPER\Version_22\attacked\1440p\watermarked_image_1440_3\Filters\SHARP_watermarked_image_1440_3.png,0,100.0,0.0,"[0, 2, 2, 5, 6, 4, 3, 2, 0, 0, 4, 5, 1, 2, 6, 3]"
2026-05-19T23:08:02.011056,1440p,Filters,salt_pepper,0.05,SaP_p0.05_watermarked_image_1440_3.png,N:\Desktop\WORKING PAPERS\MVDW-NIKOS-PAPER\Version_22\attacked\1440p\watermarked_image_1440_3\Filters\SaP_p0.05_watermarked_image_1440_3.png,0,6.25,0.3212,"['X', 'X', 'X', 'X', 6, 'X', 'X', 'X', 'X', 'X', 'X', 'X', 'X', 'X', 'X', 'X']"
2026-05-19T23:08:04.562347,1440p,Filters,salt_pepper,0.1,SaP_p0.1_watermarked_image_1440_3.png,N:\Desktop\WORKING PAPERS\MVDW-NIKOS-PAPER\Version_22\attacked\1440p\watermarked_image_1440_3\Filters\SaP_p0.1_watermarked_image_1440_3.png,0,0.0,0.3542,"['X', 'X', 'X', 'X', 'X', 'X', 'X', 'X', 'X', 'X', 'X', 'X', 'X', 'X', 'X', 'X']"
2026-05-19T23:08:07.138334,1440p,Filters,salt_pepper,0.2,SaP_p0.2_watermarked_image_1440_3.png,N:\Desktop\WORKING PAPERS\MVDW-NIKOS-PAPER\Version_22\attacked\1440p\watermarked_image_1440_3\Filters\SaP_p0.2_watermarked_image_1440_3.png,0,25.0,0.3438,"['X', 'X', 2, 5, 'X', 'X', 'X', 'X', 'X', 'X', 'X', 5, 'X', 'X', 6, 'X']"
2026-05-19T23:08:09.731230,1440p,Geometric,horizontal_flip,,HFLIP_watermarked_image_1440_3.png,N:\Desktop\WORKING PAPERS\MVDW-NIKOS-PAPER\Version_22\attacked\1440p\watermarked_image_1440_3\Geometric\HFLIP_watermarked_image_1440_3.png,0,12.5,0.3906,"['X', 'X', 'X', 'X', 'X', 'X', 'X', 'X', 'X', 'X', 4, 'X', 1, 'X', 'X', 'X']"
2026-05-19T23:08:12.300752,1440p,Geometric,rotation,-10,ROT_-10_watermarked_image_1440_3.png,N:\Desktop\WORKING PAPERS\MVDW-NIKOS-PAPER\Version_22\attacked\1440p\watermarked_image_1440_3\Geometric\ROT_-10_watermarked_image_1440_3.png,0,12.5,0.3646,"['X', 'X', 'X', 'X', 'X', 'X', 'X', 'X', 'X', 'X', 'X', 5, 1, 'X', 'X', 'X']"
2026-05-19T23:08:14.864515,1440p,Geometric,rotation,10,ROT_10_watermarked_image_1440_3.png,N:\Desktop\WORKING PAPERS\MVDW-NIKOS-PAPER\Version_22\attacked\1440p\watermarked_image_1440_3\Geometric\ROT_10_watermarked_image_1440_3.png,0,6.25,0.3663,"['X', 'X', 'X', 5, 'X', 'X', 'X', 'X', 'X', 'X', 'X', 'X', 'X', 'X', 'X', 'X']"
2026-05-19T23:08:17.444452,1440p,Geometric,rotation,5,ROT_5_watermarked_image_1440_3.png,N:\Desktop\WORKING PAPERS\MVDW-NIKOS-PAPER\Version_22\attacked\1440p\watermarked_image_1440_3\Geometric\ROT_5_watermarked_image_1440_3.png,0,6.25,0.401,"['X', 2, 'X', 'X', 'X', 'X', 'X', 'X', 'X', 'X', 'X', 'X', 'X', 'X', 'X', 'X']"
2026-05-19T23:08:19.993050,1440p,Geometric,translation,x10_y10,TRANS_x10_y10_watermarked_image_1440_3.png,N:\Desktop\WORKING PAPERS\MVDW-NIKOS-PAPER\Version_22\attacked\1440p\watermarked_image_1440_3\Geometric\TRANS_x10_y10_watermarked_image_1440_3.png,0,18.75,0.2882,"['X', 'X', 'X', 'X', 'X', 'X', 3, 2, 'X', 'X', 'X', 'X', 1, 'X', 'X', 'X']"
2026-05-19T23:08:22.573745,1440p,Geometric,translation,x5_y5,TRANS_x5_y5_watermarked_image_1440_3.png,N:\Desktop\WORKING PAPERS\MVDW-NIKOS-PAPER\Version_22\attacked\1440p\watermarked_image_1440_3\Geometric\TRANS_x5_y5_watermarked_image_1440_3.png,0,50.0,0.0955,"['X', 2, 2, 5, 6, 'X', 'X', 2, 0, 'X', 'X', 'X', 'X', 'X', 6, 3]"
2026-05-19T23:08:25.144882,1440p,Resize,resize,110,RESIZE_110_watermarked_image_1440_3.png,N:\Desktop\WORKING PAPERS\MVDW-NIKOS-PAPER\Version_22\attacked\1440p\watermarked_image_1440_3\Resize\RESIZE_110_watermarked_image_1440_3.png,0,100.0,0.0,"[0, 2, 2, 5, 6, 4, 3, 2, 0, 0, 4, 5, 1, 2, 6, 3]"
2026-05-19T23:08:27.684863,1440p,Resize,resize,90,RESIZE_90_watermarked_image_1440_3.png,N:\Desktop\WORKING PAPERS\MVDW-NIKOS-PAPER\Version_22\attacked\1440p\watermarked_image_1440_3\Resize\RESIZE_90_watermarked_image_1440_3.png,0,81.25,0.0139,"[0, 2, 2, 5, 6, 'X', 3, 2, 0, 'X', 4, 'X', 1, 2, 6, 3]"
2026-05-19T23:08:30.182994,1440p,Crops,crop,BothHorizontal_25,Croped_BothHorizontal_25_watermarked_image_1440_4.png,N:\Desktop\WORKING PAPERS\MVDW-NIKOS-PAPER\Version_22\attacked\1440p\watermarked_image_1440_4\Crops\Croped_BothHorizontal_25_watermarked_image_1440_4.png,0,81.25,0.0608,"[0, 'X', 'X', 'X', 6, 4, 3, 2, 0, 0, 4, 5, 1, 2, 6, 3]"
2026-05-19T23:08:32.570123,1440p,Crops,crop,BothHorizontal_50,Croped_BothHorizontal_50_watermarked_image_1440_4.png,N:\Desktop\WORKING PAPERS\MVDW-NIKOS-PAPER\Version_22\attacked\1440p\watermarked_image_1440_4\Crops\Croped_BothHorizontal_50_watermarked_image_1440_4.png,0,50.0,0.1875,"['X', 'X', 'X', 'X', 6, 4, 3, 2, 0, 0, 4, 5, 'X', 'X', 'X', 'X']"
2026-05-19T23:08:34.882813,1440p,Crops,crop,BothHorizontal_75,Croped_BothHorizontal_75_watermarked_image_1440_4.png,N:\Desktop\WORKING PAPERS\MVDW-NIKOS-PAPER\Version_22\attacked\1440p\watermarked_image_1440_4\Crops\Croped_BothHorizontal_75_watermarked_image_1440_4.png,0,31.25,0.2604,"['X', 'X', 'X', 'X', 6, 4, 3, 2, 'X', 'X', 4, 'X', 'X', 'X', 'X', 'X']"
2026-05-19T23:08:37.447978,1440p,Crops,crop,BothVertical_25,Croped_BothVertical_25_watermarked_image_1440_4.png,N:\Desktop\WORKING PAPERS\MVDW-NIKOS-PAPER\Version_22\attacked\1440p\watermarked_image_1440_4\Crops\Croped_BothVertical_25_watermarked_image_1440_4.png,0,75.0,0.0885,"['X', 2, 2, 'X', 6, 4, 3, 2, 'X', 0, 4, 5, 'X', 2, 6, 3]"
2026-05-19T23:08:39.830851,1440p,Crops,crop,BothVertical_50,Croped_BothVertical_50_watermarked_image_1440_4.png,N:\Desktop\WORKING PAPERS\MVDW-NIKOS-PAPER\Version_22\attacked\1440p\watermarked_image_1440_4\Crops\Croped_BothVertical_50_watermarked_image_1440_4.png,0,50.0,0.1875,"['X', 2, 2, 'X', 'X', 4, 3, 'X', 'X', 0, 4, 'X', 'X', 2, 6, 'X']"
2026-05-19T23:08:42.160219,1440p,Crops,crop,BothVertical_75,Croped_BothVertical_75_watermarked_image_1440_4.png,N:\Desktop\WORKING PAPERS\MVDW-NIKOS-PAPER\Version_22\attacked\1440p\watermarked_image_1440_4\Crops\Croped_BothVertical_75_watermarked_image_1440_4.png,0,25.0,0.2743,"['X', 'X', 2, 'X', 'X', 4, 3, 'X', 'X', 0, 'X', 'X', 'X', 'X', 'X', 'X']"
2026-05-19T23:08:44.647103,1440p,Crops,crop,Bottom_25,Croped_Bottom_25_watermarked_image_1440_4.png,N:\Desktop\WORKING PAPERS\MVDW-NIKOS-PAPER\Version_22\attacked\1440p\watermarked_image_1440_4\Crops\Croped_Bottom_25_watermarked_image_1440_4.png,0,75.0,0.0903,"[0, 2, 2, 5, 6, 4, 3, 2, 0, 0, 4, 5, 'X', 'X', 'X', 'X']"
2026-05-19T23:08:47.096806,1440p,Crops,crop,Bottom_50,Croped_Bottom_50_watermarked_image_1440_4.png,N:\Desktop\WORKING PAPERS\MVDW-NIKOS-PAPER\Version_22\attacked\1440p\watermarked_image_1440_4\Crops\Croped_Bottom_50_watermarked_image_1440_4.png,0,50.0,0.184,"[0, 2, 2, 5, 6, 4, 3, 2, 'X', 'X', 'X', 'X', 'X', 'X', 'X', 'X']"
2026-05-19T23:08:49.368371,1440p,Crops,crop,Bottom_75,Croped_Bottom_75_watermarked_image_1440_4.png,N:\Desktop\WORKING PAPERS\MVDW-NIKOS-PAPER\Version_22\attacked\1440p\watermarked_image_1440_4\Crops\Croped_Bottom_75_watermarked_image_1440_4.png,0,25.0,0.2708,"[0, 2, 2, 5, 'X', 'X', 'X', 'X', 'X', 'X', 'X', 'X', 'X', 'X', 'X', 'X']"
2026-05-19T23:08:51.907010,1440p,Crops,crop,Left_25,Croped_Left_25_watermarked_image_1440_4.png,N:\Desktop\WORKING PAPERS\MVDW-NIKOS-PAPER\Version_22\attacked\1440p\watermarked_image_1440_4\Crops\Croped_Left_25_watermarked_image_1440_4.png,0,75.0,0.092,"['X', 2, 2, 5, 'X', 4, 3, 2, 'X', 0, 4, 5, 'X', 2, 6, 3]"
2026-05-19T23:08:54.279549,1440p,Crops,crop,Left_50,Croped_Left_50_watermarked_image_1440_4.png,N:\Desktop\WORKING PAPERS\MVDW-NIKOS-PAPER\Version_22\attacked\1440p\watermarked_image_1440_4\Crops\Croped_Left_50_watermarked_image_1440_4.png,0,50.0,0.1858,"['X', 'X', 2, 5, 'X', 'X', 3, 2, 'X', 'X', 4, 5, 'X', 'X', 6, 3]"
2026-05-19T23:08:56.609440,1440p,Crops,crop,Left_75,Croped_Left_75_watermarked_image_1440_4.png,N:\Desktop\WORKING PAPERS\MVDW-NIKOS-PAPER\Version_22\attacked\1440p\watermarked_image_1440_4\Crops\Croped_Left_75_watermarked_image_1440_4.png,0,25.0,0.2726,"['X', 'X', 'X', 5, 'X', 'X', 'X', 2, 'X', 'X', 'X', 5, 'X', 'X', 'X', 3]"
2026-05-19T23:08:59.079800,1440p,Crops,crop,Right_25,Croped_Right_25_watermarked_image_1440_4.png,N:\Desktop\WORKING PAPERS\MVDW-NIKOS-PAPER\Version_22\attacked\1440p\watermarked_image_1440_4\Crops\Croped_Right_25_watermarked_image_1440_4.png,0,75.0,0.0972,"[0, 2, 2, 'X', 6, 4, 3, 'X', 0, 0, 4, 'X', 1, 2, 6, 'X']"
2026-05-19T23:09:01.514692,1440p,Crops,crop,Right_50,Croped_Right_50_watermarked_image_1440_4.png,N:\Desktop\WORKING PAPERS\MVDW-NIKOS-PAPER\Version_22\attacked\1440p\watermarked_image_1440_4\Crops\Croped_Right_50_watermarked_image_1440_4.png,0,50.0,0.184,"[0, 2, 'X', 'X', 6, 4, 'X', 'X', 0, 0, 'X', 'X', 1, 2, 'X', 'X']"
2026-05-19T23:09:03.827114,1440p,Crops,crop,Right_75,Croped_Right_75_watermarked_image_1440_4.png,N:\Desktop\WORKING PAPERS\MVDW-NIKOS-PAPER\Version_22\attacked\1440p\watermarked_image_1440_4\Crops\Croped_Right_75_watermarked_image_1440_4.png,0,25.0,0.2778,"[0, 'X', 'X', 'X', 6, 'X', 'X', 'X', 0, 'X', 'X', 'X', 1, 'X', 'X', 'X']"
2026-05-19T23:09:06.332724,1440p,Crops,crop,Top_25,Croped_Top_25_watermarked_image_1440_4.png,N:\Desktop\WORKING PAPERS\MVDW-NIKOS-PAPER\Version_22\attacked\1440p\watermarked_image_1440_4\Crops\Croped_Top_25_watermarked_image_1440_4.png,0,75.0,0.099,"['X', 'X', 'X', 'X', 6, 4, 3, 2, 0, 0, 4, 5, 1, 2, 6, 3]"
2026-05-19T23:09:08.743924,1440p,Crops,crop,Top_50,Croped_Top_50_watermarked_image_1440_4.png,N:\Desktop\WORKING PAPERS\MVDW-NIKOS-PAPER\Version_22\attacked\1440p\watermarked_image_1440_4\Crops\Croped_Top_50_watermarked_image_1440_4.png,0,50.0,0.1858,"['X', 'X', 'X', 'X', 'X', 'X', 'X', 'X', 0, 0, 4, 5, 1, 2, 6, 3]"
2026-05-19T23:09:11.069733,1440p,Crops,crop,Top_75,Croped_Top_75_watermarked_image_1440_4.png,N:\Desktop\WORKING PAPERS\MVDW-NIKOS-PAPER\Version_22\attacked\1440p\watermarked_image_1440_4\Crops\Croped_Top_75_watermarked_image_1440_4.png,0,25.0,0.2795,"['X', 'X', 'X', 'X', 'X', 'X', 'X', 'X', 'X', 'X', 'X', 'X', 1, 2, 6, 3]"
2026-05-19T23:09:13.600771,1440p,Filters,jpeg,50,Compressed_q50_watermarked_image_1440_4.jpg,N:\Desktop\WORKING PAPERS\MVDW-NIKOS-PAPER\Version_22\attacked\1440p\watermarked_image_1440_4\Filters\Compressed_q50_watermarked_image_1440_4.jpg,0,12.5,0.3559,"['X', 2, 'X', 'X', 'X', 'X', 3, 'X', 'X', 'X', 'X', 'X', 'X', 'X', 'X', 'X']"
2026-05-19T23:09:16.143684,1440p,Filters,jpeg,70,Compressed_q70_watermarked_image_1440_4.jpg,N:\Desktop\WORKING PAPERS\MVDW-NIKOS-PAPER\Version_22\attacked\1440p\watermarked_image_1440_4\Filters\Compressed_q70_watermarked_image_1440_4.jpg,0,12.5,0.3559,"['X', 'X', 'X', 5, 'X', 'X', 'X', 2, 'X', 'X', 'X', 'X', 'X', 'X', 'X', 'X']"
2026-05-19T23:09:18.674608,1440p,Filters,jpeg,90,Compressed_q90_watermarked_image_1440_4.jpg,N:\Desktop\WORKING PAPERS\MVDW-NIKOS-PAPER\Version_22\attacked\1440p\watermarked_image_1440_4\Filters\Compressed_q90_watermarked_image_1440_4.jpg,0,75.0,0.0365,"['X', 2, 2, 5, 6, 4, 'X', 2, 0, 'X', 4, 5, 1, 2, 6, 'X']"
2026-05-19T23:09:21.273089,1440p,Filters,gaussian_blur,3,GB_k3_watermarked_image_1440_4.png,N:\Desktop\WORKING PAPERS\MVDW-NIKOS-PAPER\Version_22\attacked\1440p\watermarked_image_1440_4\Filters\GB_k3_watermarked_image_1440_4.png,0,6.25,0.3889,"[0, 'X', 'X', 'X', 'X', 'X', 'X', 'X', 'X', 'X', 'X', 'X', 'X', 'X', 'X', 'X']"
2026-05-19T23:09:23.844024,1440p,Filters,gaussian_blur,5,GB_k5_watermarked_image_1440_4.png,N:\Desktop\WORKING PAPERS\MVDW-NIKOS-PAPER\Version_22\attacked\1440p\watermarked_image_1440_4\Filters\GB_k5_watermarked_image_1440_4.png,0,6.25,0.3906,"['X', 'X', 'X', 'X', 'X', 4, 'X', 'X', 'X', 'X', 'X', 'X', 'X', 'X', 'X', 'X']"
2026-05-19T23:09:26.394675,1440p,Filters,gaussian_blur,7,GB_k7_watermarked_image_1440_4.png,N:\Desktop\WORKING PAPERS\MVDW-NIKOS-PAPER\Version_22\attacked\1440p\watermarked_image_1440_4\Filters\GB_k7_watermarked_image_1440_4.png,0,12.5,0.3941,"['X', 'X', 'X', 'X', 6, 'X', 'X', 'X', 'X', 'X', 4, 'X', 'X', 'X', 'X', 'X']"
2026-05-19T23:09:28.941334,1440p,Filters,gaussian_noise,0.05,GN_lvl0.05_watermarked_image_1440_4.png,N:\Desktop\WORKING PAPERS\MVDW-NIKOS-PAPER\Version_22\attacked\1440p\watermarked_image_1440_4\Filters\GN_lvl0.05_watermarked_image_1440_4.png,0,100.0,0.0017,"[0, 2, 2, 5, 6, 4, 3, 2, 0, 0, 4, 5, 1, 2, 6, 3]"
2026-05-19T23:09:31.497725,1440p,Filters,gaussian_noise,0.1,GN_lvl0.1_watermarked_image_1440_4.png,N:\Desktop\WORKING PAPERS\MVDW-NIKOS-PAPER\Version_22\attacked\1440p\watermarked_image_1440_4\Filters\GN_lvl0.1_watermarked_image_1440_4.png,0,100.0,0.0017,"[0, 2, 2, 5, 6, 4, 3, 2, 0, 0, 4, 5, 1, 2, 6, 3]"
2026-05-19T23:09:34.047673,1440p,Filters,gaussian_noise,0.2,GN_lvl0.2_watermarked_image_1440_4.png,N:\Desktop\WORKING PAPERS\MVDW-NIKOS-PAPER\Version_22\attacked\1440p\watermarked_image_1440_4\Filters\GN_lvl0.2_watermarked_image_1440_4.png,0,100.0,0.0017,"[0, 2, 2, 5, 6, 4, 3, 2, 0, 0, 4, 5, 1, 2, 6, 3]"
2026-05-19T23:09:36.436578,1440p,Filters,gamma,,Gamma_watermarked_image_1440_4.png,N:\Desktop\WORKING PAPERS\MVDW-NIKOS-PAPER\Version_22\attacked\1440p\watermarked_image_1440_4\Filters\Gamma_watermarked_image_1440_4.png,0,43.75,0.1962,"['X', 2, 2, 'X', 6, 'X', 'X', 2, 'X', 'X', 'X', 5, 'X', 2, 6, 'X']"
2026-05-19T23:09:39.008199,1440p,Filters,histogram_equalization,,HEQ_watermarked_image_1440_4.png,N:\Desktop\WORKING PAPERS\MVDW-NIKOS-PAPER\Version_22\attacked\1440p\watermarked_image_1440_4\Filters\HEQ_watermarked_image_1440_4.png,0,100.0,0.0017,"[0, 2, 2, 5, 6, 4, 3, 2, 0, 0, 4, 5, 1, 2, 6, 3]"
2026-05-19T23:09:41.550972,1440p,Filters,motion_blur,3,MB_k3_watermarked_image_1440_4.png,N:\Desktop\WORKING PAPERS\MVDW-NIKOS-PAPER\Version_22\attacked\1440p\watermarked_image_1440_4\Filters\MB_k3_watermarked_image_1440_4.png,0,93.75,0.0069,"[0, 2, 2, 5, 6, 4, 3, 2, 0, 0, 4, 5, 1, 2, 6, 'X']"
2026-05-19T23:09:44.103936,1440p,Filters,motion_blur,5,MB_k5_watermarked_image_1440_4.png,N:\Desktop\WORKING PAPERS\MVDW-NIKOS-PAPER\Version_22\attacked\1440p\watermarked_image_1440_4\Filters\MB_k5_watermarked_image_1440_4.png,0,93.75,0.0035,"[0, 2, 2, 5, 6, 4, 3, 2, 0, 0, 4, 5, 1, 2, 6, 'X']"
2026-05-19T23:09:46.654901,1440p,Filters,motion_blur,7,MB_k7_watermarked_image_1440_4.png,N:\Desktop\WORKING PAPERS\MVDW-NIKOS-PAPER\Version_22\attacked\1440p\watermarked_image_1440_4\Filters\MB_k7_watermarked_image_1440_4.png,0,93.75,0.0139,"[0, 2, 2, 5, 6, 4, 3, 2, 0, 0, 4, 5, 1, 2, 6, 'X']"
2026-05-19T23:09:49.194133,1440p,Filters,mean_filter,3,MEAN_k3_watermarked_image_1440_4.png,N:\Desktop\WORKING PAPERS\MVDW-NIKOS-PAPER\Version_22\attacked\1440p\watermarked_image_1440_4\Filters\MEAN_k3_watermarked_image_1440_4.png,0,93.75,0.0104,"[0, 2, 2, 5, 6, 4, 'X', 2, 0, 0, 4, 5, 1, 2, 6, 3]"
2026-05-19T23:09:51.784529,1440p,Filters,mean_filter,5,MEAN_k5_watermarked_image_1440_4.png,N:\Desktop\WORKING PAPERS\MVDW-NIKOS-PAPER\Version_22\attacked\1440p\watermarked_image_1440_4\Filters\MEAN_k5_watermarked_image_1440_4.png,0,50.0,0.0885,"['X', 'X', 2, 'X', 'X', 'X', 'X', 2, 0, 0, 'X', 5, 1, 'X', 6, 3]"
2026-05-19T23:09:54.346891,1440p,Filters,median_filter,3,MF_k3_watermarked_image_1440_4.png,N:\Desktop\WORKING PAPERS\MVDW-NIKOS-PAPER\Version_22\attacked\1440p\watermarked_image_1440_4\Filters\MF_k3_watermarked_image_1440_4.png,0,75.0,0.0243,"[0, 2, 2, 5, 6, 4, 3, 2, 0, 'X', 'X', 'X', 1, 2, 6, 'X']"
2026-05-19T23:09:56.905514,1440p,Filters,median_filter,5,MF_k5_watermarked_image_1440_4.png,N:\Desktop\WORKING PAPERS\MVDW-NIKOS-PAPER\Version_22\attacked\1440p\watermarked_image_1440_4\Filters\MF_k5_watermarked_image_1440_4.png,0,31.25,0.0885,"[0, 'X', 'X', 'X', 6, 'X', 'X', 2, 'X', 'X', 4, 'X', 'X', 2, 'X', 'X']"
2026-05-19T23:09:59.464614,1440p,Filters,median_filter,7,MF_k7_watermarked_image_1440_4.png,N:\Desktop\WORKING PAPERS\MVDW-NIKOS-PAPER\Version_22\attacked\1440p\watermarked_image_1440_4\Filters\MF_k7_watermarked_image_1440_4.png,0,12.5,0.3003,"['X', 'X', 'X', 'X', 'X', 'X', 3, 'X', 0, 'X', 'X', 'X', 'X', 'X', 'X', 'X']"
2026-05-19T23:10:02.065141,1440p,Filters,sharpening,,SHARP_watermarked_image_1440_4.png,N:\Desktop\WORKING PAPERS\MVDW-NIKOS-PAPER\Version_22\attacked\1440p\watermarked_image_1440_4\Filters\SHARP_watermarked_image_1440_4.png,0,93.75,0.0069,"[0, 2, 2, 5, 6, 4, 3, 2, 0, 0, 4, 5, 1, 2, 6, 'X']"
2026-05-19T23:10:04.601861,1440p,Filters,salt_pepper,0.05,SaP_p0.05_watermarked_image_1440_4.png,N:\Desktop\WORKING PAPERS\MVDW-NIKOS-PAPER\Version_22\attacked\1440p\watermarked_image_1440_4\Filters\SaP_p0.05_watermarked_image_1440_4.png,0,18.75,0.3837,"['X', 'X', 'X', 5, 'X', 'X', 3, 'X', 'X', 'X', 'X', 'X', 'X', 'X', 'X', 3]"
2026-05-19T23:10:07.166044,1440p,Filters,salt_pepper,0.1,SaP_p0.1_watermarked_image_1440_4.png,N:\Desktop\WORKING PAPERS\MVDW-NIKOS-PAPER\Version_22\attacked\1440p\watermarked_image_1440_4\Filters\SaP_p0.1_watermarked_image_1440_4.png,0,6.25,0.3559,"['X', 'X', 'X', 'X', 'X', 'X', 'X', 'X', 'X', 'X', 'X', 'X', 'X', 'X', 6, 'X']"
2026-05-19T23:10:09.723277,1440p,Filters,salt_pepper,0.2,SaP_p0.2_watermarked_image_1440_4.png,N:\Desktop\WORKING PAPERS\MVDW-NIKOS-PAPER\Version_22\attacked\1440p\watermarked_image_1440_4\Filters\SaP_p0.2_watermarked_image_1440_4.png,0,12.5,0.3681,"['X', 'X', 'X', 'X', 'X', 'X', 'X', 'X', 'X', 'X', 4, 5, 'X', 'X', 'X', 'X']"
2026-05-19T23:10:12.316859,1440p,Geometric,horizontal_flip,,HFLIP_watermarked_image_1440_4.png,N:\Desktop\WORKING PAPERS\MVDW-NIKOS-PAPER\Version_22\attacked\1440p\watermarked_image_1440_4\Geometric\HFLIP_watermarked_image_1440_4.png,0,0.0,0.3733,"['X', 'X', 'X', 'X', 'X', 'X', 'X', 'X', 'X', 'X', 'X', 'X', 'X', 'X', 'X', 'X']"
2026-05-19T23:10:14.903976,1440p,Geometric,rotation,-10,ROT_-10_watermarked_image_1440_4.png,N:\Desktop\WORKING PAPERS\MVDW-NIKOS-PAPER\Version_22\attacked\1440p\watermarked_image_1440_4\Geometric\ROT_-10_watermarked_image_1440_4.png,0,6.25,0.3993,"['X', 'X', 'X', 'X', 'X', 'X', 'X', 'X', 'X', 'X', 'X', 'X', 'X', 'X', 6, 'X']"
2026-05-19T23:10:17.512339,1440p,Geometric,rotation,10,ROT_10_watermarked_image_1440_4.png,N:\Desktop\WORKING PAPERS\MVDW-NIKOS-PAPER\Version_22\attacked\1440p\watermarked_image_1440_4\Geometric\ROT_10_watermarked_image_1440_4.png,0,0.0,0.3507,"['X', 'X', 'X', 'X', 'X', 'X', 'X', 'X', 'X', 'X', 'X', 'X', 'X', 'X', 'X', 'X']"
2026-05-19T23:10:20.077689,1440p,Geometric,rotation,5,ROT_5_watermarked_image_1440_4.png,N:\Desktop\WORKING PAPERS\MVDW-NIKOS-PAPER\Version_22\attacked\1440p\watermarked_image_1440_4\Geometric\ROT_5_watermarked_image_1440_4.png,0,0.0,0.3819,"['X', 'X', 'X', 'X', 'X', 'X', 'X', 'X', 'X', 'X', 'X', 'X', 'X', 'X', 'X', 'X']"
2026-05-19T23:10:22.710815,1440p,Geometric,translation,x10_y10,TRANS_x10_y10_watermarked_image_1440_4.png,N:\Desktop\WORKING PAPERS\MVDW-NIKOS-PAPER\Version_22\attacked\1440p\watermarked_image_1440_4\Geometric\TRANS_x10_y10_watermarked_image_1440_4.png,0,6.25,0.3177,"['X', 'X', 'X', 'X', 'X', 4, 'X', 'X', 'X', 'X', 'X', 'X', 'X', 'X', 'X', 'X']"
2026-05-19T23:10:25.282906,1440p,Geometric,translation,x5_y5,TRANS_x5_y5_watermarked_image_1440_4.png,N:\Desktop\WORKING PAPERS\MVDW-NIKOS-PAPER\Version_22\attacked\1440p\watermarked_image_1440_4\Geometric\TRANS_x5_y5_watermarked_image_1440_4.png,0,25.0,0.1076,"['X', 'X', 'X', 5, 6, 'X', 'X', 'X', 0, 'X', 'X', 5, 'X', 'X', 'X', 'X']"
2026-05-19T23:10:27.878966,1440p,Resize,resize,110,RESIZE_110_watermarked_image_1440_4.png,N:\Desktop\WORKING PAPERS\MVDW-NIKOS-PAPER\Version_22\attacked\1440p\watermarked_image_1440_4\Resize\RESIZE_110_watermarked_image_1440_4.png,0,100.0,0.0017,"[0, 2, 2, 5, 6, 4, 3, 2, 0, 0, 4, 5, 1, 2, 6, 3]"
2026-05-19T23:10:30.444729,1440p,Resize,resize,90,RESIZE_90_watermarked_image_1440_4.png,N:\Desktop\WORKING PAPERS\MVDW-NIKOS-PAPER\Version_22\attacked\1440p\watermarked_image_1440_4\Resize\RESIZE_90_watermarked_image_1440_4.png,0,87.5,0.0208,"[0, 2, 2, 5, 6, 4, 3, 2, 0, 0, 'X', 5, 1, 2, 6, 'X']"
2026-05-19T23:10:32.911213,1440p,Crops,crop,BothHorizontal_25,Croped_BothHorizontal_25_watermarked_image_1440_5.png,N:\Desktop\WORKING PAPERS\MVDW-NIKOS-PAPER\Version_22\attacked\1440p\watermarked_image_1440_5\Crops\Croped_BothHorizontal_25_watermarked_image_1440_5.png,0,68.75,0.1024,"['X', 2, 'X', 'X', 6, 4, 3, 2, 0, 0, 4, 5, 'X', 2, 6, 'X']"
2026-05-19T23:10:35.300942,1440p,Crops,crop,BothHorizontal_50,Croped_BothHorizontal_50_watermarked_image_1440_5.png,N:\Desktop\WORKING PAPERS\MVDW-NIKOS-PAPER\Version_22\attacked\1440p\watermarked_image_1440_5\Crops\Croped_BothHorizontal_50_watermarked_image_1440_5.png,0,50.0,0.1875,"['X', 'X', 'X', 'X', 6, 4, 3, 2, 0, 0, 4, 5, 'X', 'X', 'X', 'X']"
2026-05-19T23:10:37.601981,1440p,Crops,crop,BothHorizontal_75,Croped_BothHorizontal_75_watermarked_image_1440_5.png,N:\Desktop\WORKING PAPERS\MVDW-NIKOS-PAPER\Version_22\attacked\1440p\watermarked_image_1440_5\Crops\Croped_BothHorizontal_75_watermarked_image_1440_5.png,0,25.0,0.2726,"['X', 'X', 'X', 'X', 'X', 4, 'X', 'X', 0, 'X', 4, 5, 'X', 'X', 'X', 'X']"
2026-05-19T23:10:40.112750,1440p,Crops,crop,BothVertical_25,Croped_BothVertical_25_watermarked_image_1440_5.png,N:\Desktop\WORKING PAPERS\MVDW-NIKOS-PAPER\Version_22\attacked\1440p\watermarked_image_1440_5\Crops\Croped_BothVertical_25_watermarked_image_1440_5.png,0,87.5,0.0434,"[0, 2, 2, 5, 'X', 4, 3, 2, 'X', 0, 4, 5, 1, 2, 6, 3]"
2026-05-19T23:10:42.477729,1440p,Crops,crop,BothVertical_50,Croped_BothVertical_50_watermarked_image_1440_5.png,N:\Desktop\WORKING PAPERS\MVDW-NIKOS-PAPER\Version_22\attacked\1440p\watermarked_image_1440_5\Crops\Croped_BothVertical_50_watermarked_image_1440_5.png,0,50.0,0.1927,"['X', 2, 2, 'X', 'X', 4, 3, 'X', 'X', 0, 4, 'X', 'X', 2, 6, 'X']"
2026-05-19T23:10:44.760769,1440p,Crops,crop,BothVertical_75,Croped_BothVertical_75_watermarked_image_1440_5.png,N:\Desktop\WORKING PAPERS\MVDW-NIKOS-PAPER\Version_22\attacked\1440p\watermarked_image_1440_5\Crops\Croped_BothVertical_75_watermarked_image_1440_5.png,0,25.0,0.2865,"['X', 'X', 'X', 'X', 'X', 4, 'X', 'X', 'X', 0, 'X', 'X', 'X', 2, 6, 'X']"
2026-05-19T23:10:47.237139,1440p,Crops,crop,Bottom_25,Croped_Bottom_25_watermarked_image_1440_5.png,N:\Desktop\WORKING PAPERS\MVDW-NIKOS-PAPER\Version_22\attacked\1440p\watermarked_image_1440_5\Crops\Croped_Bottom_25_watermarked_image_1440_5.png,0,75.0,0.0903,"[0, 2, 2, 5, 6, 4, 3, 2, 0, 0, 4, 5, 'X', 'X', 'X', 'X']"
2026-05-19T23:10:49.603114,1440p,Crops,crop,Bottom_50,Croped_Bottom_50_watermarked_image_1440_5.png,N:\Desktop\WORKING PAPERS\MVDW-NIKOS-PAPER\Version_22\attacked\1440p\watermarked_image_1440_5\Crops\Croped_Bottom_50_watermarked_image_1440_5.png,0,50.0,0.184,"[0, 2, 2, 5, 6, 4, 3, 2, 'X', 'X', 'X', 'X', 'X', 'X', 'X', 'X']"
2026-05-19T23:10:51.866521,1440p,Crops,crop,Bottom_75,Croped_Bottom_75_watermarked_image_1440_5.png,N:\Desktop\WORKING PAPERS\MVDW-NIKOS-PAPER\Version_22\attacked\1440p\watermarked_image_1440_5\Crops\Croped_Bottom_75_watermarked_image_1440_5.png,0,25.0,0.2708,"[0, 2, 2, 5, 'X', 'X', 'X', 'X', 'X', 'X', 'X', 'X', 'X', 'X', 'X', 'X']"
2026-05-19T23:10:54.356118,1440p,Crops,crop,Left_25,Croped_Left_25_watermarked_image_1440_5.png,N:\Desktop\WORKING PAPERS\MVDW-NIKOS-PAPER\Version_22\attacked\1440p\watermarked_image_1440_5\Crops\Croped_Left_25_watermarked_image_1440_5.png,0,75.0,0.0955,"['X', 2, 2, 5, 'X', 4, 3, 2, 'X', 0, 4, 5, 'X', 2, 6, 3]"
2026-05-19T23:10:56.733979,1440p,Crops,crop,Left_50,Croped_Left_50_watermarked_image_1440_5.png,N:\Desktop\WORKING PAPERS\MVDW-NIKOS-PAPER\Version_22\attacked\1440p\watermarked_image_1440_5\Crops\Croped_Left_50_watermarked_image_1440_5.png,0,50.0,0.184,"['X', 'X', 2, 5, 'X', 'X', 3, 2, 'X', 'X', 4, 5, 'X', 'X', 6, 3]"
2026-05-19T23:10:59.166844,1440p,Crops,crop,Left_75,Croped_Left_75_watermarked_image_1440_5.png,N:\Desktop\WORKING PAPERS\MVDW-NIKOS-PAPER\Version_22\attacked\1440p\watermarked_image_1440_5\Crops\Croped_Left_75_watermarked_image_1440_5.png,0,25.0,0.2708,"['X', 'X', 'X', 5, 'X', 'X', 'X', 2, 'X', 'X', 'X', 5, 'X', 'X', 'X', 3]"
2026-05-19T23:11:01.652385,1440p,Crops,crop,Right_25,Croped_Right_25_watermarked_image_1440_5.png,N:\Desktop\WORKING PAPERS\MVDW-NIKOS-PAPER\Version_22\attacked\1440p\watermarked_image_1440_5\Crops\Croped_Right_25_watermarked_image_1440_5.png,0,75.0,0.1024,"[0, 2, 2, 'X', 6, 4, 3, 'X', 0, 0, 4, 'X', 1, 2, 6, 'X']"
2026-05-19T23:11:04.042775,1440p,Crops,crop,Right_50,Croped_Right_50_watermarked_image_1440_5.png,N:\Desktop\WORKING PAPERS\MVDW-NIKOS-PAPER\Version_22\attacked\1440p\watermarked_image_1440_5\Crops\Croped_Right_50_watermarked_image_1440_5.png,0,50.0,0.1892,"[0, 2, 'X', 'X', 6, 4, 'X', 'X', 0, 0, 'X', 'X', 1, 2, 'X', 'X']"
2026-05-19T23:11:06.320097,1440p,Crops,crop,Right_75,Croped_Right_75_watermarked_image_1440_5.png,N:\Desktop\WORKING PAPERS\MVDW-NIKOS-PAPER\Version_22\attacked\1440p\watermarked_image_1440_5\Crops\Croped_Right_75_watermarked_image_1440_5.png,0,25.0,0.2778,"[0, 'X', 'X', 'X', 6, 'X', 'X', 'X', 0, 'X', 'X', 'X', 1, 'X', 'X', 'X']"
2026-05-19T23:11:08.834898,1440p,Crops,crop,Top_25,Croped_Top_25_watermarked_image_1440_5.png,N:\Desktop\WORKING PAPERS\MVDW-NIKOS-PAPER\Version_22\attacked\1440p\watermarked_image_1440_5\Crops\Croped_Top_25_watermarked_image_1440_5.png,0,75.0,0.1024,"['X', 'X', 'X', 'X', 6, 4, 3, 2, 0, 0, 4, 5, 1, 2, 6, 3]"
2026-05-19T23:11:11.245963,1440p,Crops,crop,Top_50,Croped_Top_50_watermarked_image_1440_5.png,N:\Desktop\WORKING PAPERS\MVDW-NIKOS-PAPER\Version_22\attacked\1440p\watermarked_image_1440_5\Crops\Croped_Top_50_watermarked_image_1440_5.png,0,50.0,0.1892,"['X', 'X', 'X', 'X', 'X', 'X', 'X', 'X', 0, 0, 4, 5, 1, 2, 6, 3]"
2026-05-19T23:11:13.548306,1440p,Crops,crop,Top_75,Croped_Top_75_watermarked_image_1440_5.png,N:\Desktop\WORKING PAPERS\MVDW-NIKOS-PAPER\Version_22\attacked\1440p\watermarked_image_1440_5\Crops\Croped_Top_75_watermarked_image_1440_5.png,0,25.0,0.283,"['X', 'X', 'X', 'X', 'X', 'X', 'X', 'X', 'X', 'X', 'X', 'X', 1, 2, 6, 3]"
2026-05-19T23:11:16.081988,1440p,Filters,jpeg,50,Compressed_q50_watermarked_image_1440_5.jpg,N:\Desktop\WORKING PAPERS\MVDW-NIKOS-PAPER\Version_22\attacked\1440p\watermarked_image_1440_5\Filters\Compressed_q50_watermarked_image_1440_5.jpg,0,6.25,0.3385,"['X', 'X', 'X', 'X', 'X', 'X', 'X', 'X', 'X', 0, 'X', 'X', 'X', 'X', 'X', 'X']"
2026-05-19T23:11:18.647709,1440p,Filters,jpeg,70,Compressed_q70_watermarked_image_1440_5.jpg,N:\Desktop\WORKING PAPERS\MVDW-NIKOS-PAPER\Version_22\attacked\1440p\watermarked_image_1440_5\Filters\Compressed_q70_watermarked_image_1440_5.jpg,0,18.75,0.3628,"['X', 'X', 2, 'X', 'X', 'X', 'X', 'X', 'X', 0, 'X', 'X', 'X', 'X', 6, 'X']"
2026-05-19T23:11:21.197514,1440p,Filters,jpeg,90,Compressed_q90_watermarked_image_1440_5.jpg,N:\Desktop\WORKING PAPERS\MVDW-NIKOS-PAPER\Version_22\attacked\1440p\watermarked_image_1440_5\Filters\Compressed_q90_watermarked_image_1440_5.jpg,0,68.75,0.0382,"[0, 2, 'X', 5, 6, 4, 'X', 'X', 0, 0, 4, 5, 1, 'X', 6, 'X']"
2026-05-19T23:11:23.782934,1440p,Filters,gaussian_blur,3,GB_k3_watermarked_image_1440_5.png,N:\Desktop\WORKING PAPERS\MVDW-NIKOS-PAPER\Version_22\attacked\1440p\watermarked_image_1440_5\Filters\GB_k3_watermarked_image_1440_5.png,0,6.25,0.3403,"['X', 'X', 'X', 'X', 'X', 'X', 3, 'X', 'X', 'X', 'X', 'X', 'X', 'X', 'X', 'X']"
2026-05-19T23:11:26.323663,1440p,Filters,gaussian_blur,5,GB_k5_watermarked_image_1440_5.png,N:\Desktop\WORKING PAPERS\MVDW-NIKOS-PAPER\Version_22\attacked\1440p\watermarked_image_1440_5\Filters\GB_k5_watermarked_image_1440_5.png,0,6.25,0.3438,"['X', 'X', 'X', 'X', 'X', 'X', 'X', 'X', 'X', 'X', 'X', 'X', 'X', 2, 'X', 'X']"
2026-05-19T23:11:28.873475,1440p,Filters,gaussian_blur,7,GB_k7_watermarked_image_1440_5.png,N:\Desktop\WORKING PAPERS\MVDW-NIKOS-PAPER\Version_22\attacked\1440p\watermarked_image_1440_5\Filters\GB_k7_watermarked_image_1440_5.png,0,37.5,0.3628,"['X', 'X', 'X', 5, 'X', 'X', 3, 2, 'X', 'X', 4, 'X', 'X', 'X', 6, 3]"
2026-05-19T23:11:31.429688,1440p,Filters,gaussian_noise,0.05,GN_lvl0.05_watermarked_image_1440_5.png,N:\Desktop\WORKING PAPERS\MVDW-NIKOS-PAPER\Version_22\attacked\1440p\watermarked_image_1440_5\Filters\GN_lvl0.05_watermarked_image_1440_5.png,0,100.0,0.0052,"[0, 2, 2, 5, 6, 4, 3, 2, 0, 0, 4, 5, 1, 2, 6, 3]"
2026-05-19T23:11:34.024378,1440p,Filters,gaussian_noise,0.1,GN_lvl0.1_watermarked_image_1440_5.png,N:\Desktop\WORKING PAPERS\MVDW-NIKOS-PAPER\Version_22\attacked\1440p\watermarked_image_1440_5\Filters\GN_lvl0.1_watermarked_image_1440_5.png,0,100.0,0.0052,"[0, 2, 2, 5, 6, 4, 3, 2, 0, 0, 4, 5, 1, 2, 6, 3]"
2026-05-19T23:11:36.615098,1440p,Filters,gaussian_noise,0.2,GN_lvl0.2_watermarked_image_1440_5.png,N:\Desktop\WORKING PAPERS\MVDW-NIKOS-PAPER\Version_22\attacked\1440p\watermarked_image_1440_5\Filters\GN_lvl0.2_watermarked_image_1440_5.png,0,100.0,0.0052,"[0, 2, 2, 5, 6, 4, 3, 2, 0, 0, 4, 5, 1, 2, 6, 3]"
2026-05-19T23:11:39.171270,1440p,Filters,gamma,,Gamma_watermarked_image_1440_5.png,N:\Desktop\WORKING PAPERS\MVDW-NIKOS-PAPER\Version_22\attacked\1440p\watermarked_image_1440_5\Filters\Gamma_watermarked_image_1440_5.png,0,68.75,0.0278,"[0, 'X', 2, 'X', 6, 4, 'X', 2, 0, 0, 4, 5, 1, 'X', 6, 'X']"
2026-05-19T23:11:41.768235,1440p,Filters,histogram_equalization,,HEQ_watermarked_image_1440_5.png,N:\Desktop\WORKING PAPERS\MVDW-NIKOS-PAPER\Version_22\attacked\1440p\watermarked_image_1440_5\Filters\HEQ_watermarked_image_1440_5.png,0,100.0,0.0052,"[0, 2, 2, 5, 6, 4, 3, 2, 0, 0, 4, 5, 1, 2, 6, 3]"
2026-05-19T23:11:44.343038,1440p,Filters,motion_blur,3,MB_k3_watermarked_image_1440_5.png,N:\Desktop\WORKING PAPERS\MVDW-NIKOS-PAPER\Version_22\attacked\1440p\watermarked_image_1440_5\Filters\MB_k3_watermarked_image_1440_5.png,0,100.0,0.0069,"[0, 2, 2, 5, 6, 4, 3, 2, 0, 0, 4, 5, 1, 2, 6, 3]"
2026-05-19T23:11:46.950405,1440p,Filters,motion_blur,5,MB_k5_watermarked_image_1440_5.png,N:\Desktop\WORKING PAPERS\MVDW-NIKOS-PAPER\Version_22\attacked\1440p\watermarked_image_1440_5\Filters\MB_k5_watermarked_image_1440_5.png,0,100.0,0.0069,"[0, 2, 2, 5, 6, 4, 3, 2, 0, 0, 4, 5, 1, 2, 6, 3]"
2026-05-19T23:11:49.546133,1440p,Filters,motion_blur,7,MB_k7_watermarked_image_1440_5.png,N:\Desktop\WORKING PAPERS\MVDW-NIKOS-PAPER\Version_22\attacked\1440p\watermarked_image_1440_5\Filters\MB_k7_watermarked_image_1440_5.png,0,87.5,0.0122,"[0, 2, 'X', 5, 6, 4, 3, 2, 0, 0, 4, 5, 1, 'X', 6, 3]"
2026-05-19T23:11:52.112759,1440p,Filters,mean_filter,3,MEAN_k3_watermarked_image_1440_5.png,N:\Desktop\WORKING PAPERS\MVDW-NIKOS-PAPER\Version_22\attacked\1440p\watermarked_image_1440_5\Filters\MEAN_k3_watermarked_image_1440_5.png,0,87.5,0.0156,"[0, 2, 2, 5, 6, 4, 3, 2, 0, 0, 4, 5, 1, 'X', 6, 'X']"
2026-05-19T23:11:54.684356,1440p,Filters,mean_filter,5,MEAN_k5_watermarked_image_1440_5.png,N:\Desktop\WORKING PAPERS\MVDW-NIKOS-PAPER\Version_22\attacked\1440p\watermarked_image_1440_5\Filters\MEAN_k5_watermarked_image_1440_5.png,0,56.25,0.0677,"[0, 2, 'X', 'X', 6, 4, 3, 'X', 0, 'X', 'X', 5, 1, 'X', 6, 'X']"
2026-05-19T23:11:57.262874,1440p,Filters,median_filter,3,MF_k3_watermarked_image_1440_5.png,N:\Desktop\WORKING PAPERS\MVDW-NIKOS-PAPER\Version_22\attacked\1440p\watermarked_image_1440_5\Filters\MF_k3_watermarked_image_1440_5.png,0,75.0,0.033,"['X', 2, 'X', 5, 6, 4, 'X', 'X', 0, 0, 4, 5, 1, 2, 6, 3]"
2026-05-19T23:11:59.875972,1440p,Filters,median_filter,5,MF_k5_watermarked_image_1440_5.png,N:\Desktop\WORKING PAPERS\MVDW-NIKOS-PAPER\Version_22\attacked\1440p\watermarked_image_1440_5\Filters\MF_k5_watermarked_image_1440_5.png,0,62.5,0.0469,"[0, 2, 'X', 5, 6, 4, 'X', 'X', 'X', 0, 4, 5, 1, 'X', 6, 'X']"
2026-05-19T23:12:02.849867,1440p,Filters,median_filter,7,MF_k7_watermarked_image_1440_5.png,N:\Desktop\WORKING PAPERS\MVDW-NIKOS-PAPER\Version_22\attacked\1440p\watermarked_image_1440_5\Filters\MF_k7_watermarked_image_1440_5.png,0,25.0,0.2517,"['X', 2, 'X', 5, 'X', 4, 'X', 'X', 'X', 0, 'X', 'X', 'X', 'X', 'X', 'X']"
2026-05-19T23:12:05.416698,1440p,Filters,sharpening,,SHARP_watermarked_image_1440_5.png,N:\Desktop\WORKING PAPERS\MVDW-NIKOS-PAPER\Version_22\attacked\1440p\watermarked_image_1440_5\Filters\SHARP_watermarked_image_1440_5.png,0,93.75,0.0052,"[0, 2, 2, 5, 6, 4, 3, 2, 0, 0, 4, 5, 1, 'X', 6, 3]"
2026-05-19T23:12:07.950174,1440p,Filters,salt_pepper,0.05,SaP_p0.05_watermarked_image_1440_5.png,N:\Desktop\WORKING PAPERS\MVDW-NIKOS-PAPER\Version_22\attacked\1440p\watermarked_image_1440_5\Filters\SaP_p0.05_watermarked_image_1440_5.png,0,12.5,0.3646,"['X', 2, 'X', 'X', 'X', 'X', 'X', 'X', 'X', 'X', 'X', 'X', 'X', 'X', 'X', 3]"
2026-05-19T23:12:10.618882,1440p,Filters,salt_pepper,0.1,SaP_p0.1_watermarked_image_1440_5.png,N:\Desktop\WORKING PAPERS\MVDW-NIKOS-PAPER\Version_22\attacked\1440p\watermarked_image_1440_5\Filters\SaP_p0.1_watermarked_image_1440_5.png,0,0.0,0.3438,"['X', 'X', 'X', 'X', 'X', 'X', 'X', 'X', 'X', 'X', 'X', 'X', 'X', 'X', 'X', 'X']"
2026-05-19T23:12:13.157745,1440p,Filters,salt_pepper,0.2,SaP_p0.2_watermarked_image_1440_5.png,N:\Desktop\WORKING PAPERS\MVDW-NIKOS-PAPER\Version_22\attacked\1440p\watermarked_image_1440_5\Filters\SaP_p0.2_watermarked_image_1440_5.png,0,0.0,0.3785,"['X', 'X', 'X', 'X', 'X', 'X', 'X', 'X', 'X', 'X', 'X', 'X', 'X', 'X', 'X', 'X']"
2026-05-19T23:12:15.764792,1440p,Geometric,horizontal_flip,,HFLIP_watermarked_image_1440_5.png,N:\Desktop\WORKING PAPERS\MVDW-NIKOS-PAPER\Version_22\attacked\1440p\watermarked_image_1440_5\Geometric\HFLIP_watermarked_image_1440_5.png,0,12.5,0.3785,"['X', 2, 'X', 'X', 'X', 'X', 'X', 'X', 'X', 'X', 'X', 'X', 'X', 'X', 6, 'X']"
2026-05-19T23:12:18.321348,1440p,Geometric,rotation,-10,ROT_-10_watermarked_image_1440_5.png,N:\Desktop\WORKING PAPERS\MVDW-NIKOS-PAPER\Version_22\attacked\1440p\watermarked_image_1440_5\Geometric\ROT_-10_watermarked_image_1440_5.png,0,12.5,0.4062,"['X', 'X', 'X', 'X', 'X', 'X', 'X', 'X', 'X', 'X', 'X', 'X', 'X', 'X', 6, 3]"
2026-05-19T23:12:20.939438,1440p,Geometric,rotation,10,ROT_10_watermarked_image_1440_5.png,N:\Desktop\WORKING PAPERS\MVDW-NIKOS-PAPER\Version_22\attacked\1440p\watermarked_image_1440_5\Geometric\ROT_10_watermarked_image_1440_5.png,0,6.25,0.3976,"['X', 'X', 'X', 'X', 'X', 'X', 3, 'X', 'X', 'X', 'X', 'X', 'X', 'X', 'X', 'X']"
2026-05-19T23:12:23.504310,1440p,Geometric,rotation,5,ROT_5_watermarked_image_1440_5.png,N:\Desktop\WORKING PAPERS\MVDW-NIKOS-PAPER\Version_22\attacked\1440p\watermarked_image_1440_5\Geometric\ROT_5_watermarked_image_1440_5.png,0,12.5,0.3438,"['X', 'X', 'X', 'X', 'X', 'X', 'X', 'X', 'X', 'X', 'X', 'X', 1, 'X', 'X', 3]"
2026-05-19T23:12:26.147244,1440p,Geometric,translation,x10_y10,TRANS_x10_y10_watermarked_image_1440_5.png,N:\Desktop\WORKING PAPERS\MVDW-NIKOS-PAPER\Version_22\attacked\1440p\watermarked_image_1440_5\Geometric\TRANS_x10_y10_watermarked_image_1440_5.png,0,0.0,0.2934,"['X', 'X', 'X', 'X', 'X', 'X', 'X', 'X', 'X', 'X', 'X', 'X', 'X', 'X', 'X', 'X']"
2026-05-19T23:12:28.741119,1440p,Geometric,translation,x5_y5,TRANS_x5_y5_watermarked_image_1440_5.png,N:\Desktop\WORKING PAPERS\MVDW-NIKOS-PAPER\Version_22\attacked\1440p\watermarked_image_1440_5\Geometric\TRANS_x5_y5_watermarked_image_1440_5.png,0,25.0,0.0972,"['X', 'X', 'X', 'X', 'X', 4, 'X', 'X', 0, 'X', 'X', 'X', 1, 'X', 6, 'X']"
2026-05-19T23:12:31.348042,1440p,Resize,resize,110,RESIZE_110_watermarked_image_1440_5.png,N:\Desktop\WORKING PAPERS\MVDW-NIKOS-PAPER\Version_22\attacked\1440p\watermarked_image_1440_5\Resize\RESIZE_110_watermarked_image_1440_5.png,0,93.75,0.0069,"[0, 2, 2, 5, 6, 4, 3, 2, 0, 0, 4, 5, 1, 'X', 6, 3]"
2026-05-19T23:12:33.914456,1440p,Resize,resize,90,RESIZE_90_watermarked_image_1440_5.png,N:\Desktop\WORKING PAPERS\MVDW-NIKOS-PAPER\Version_22\attacked\1440p\watermarked_image_1440_5\Resize\RESIZE_90_watermarked_image_1440_5.png,0,87.5,0.0104,"[0, 2, 'X', 5, 6, 4, 3, 2, 0, 0, 4, 5, 1, 'X', 6, 3]"
2026-05-19T23:12:35.109751,720p,Crops,crop,BothHorizontal_25,Croped_BothHorizontal_25_watermarked_image_720_1.png,N:\Desktop\WORKING PAPERS\MVDW-NIKOS-PAPER\Version_22\attacked\720p\watermarked_image_720_1\Crops\Croped_BothHorizontal_25_watermarked_image_720_1.png,0,62.5,0.1111,"[0, 'X', 'X', 'X', 6, 4, 3, 2, 0, 0, 4, 5, 'X', 2, 'X', 'X']"
2026-05-19T23:12:36.235787,720p,Crops,crop,BothHorizontal_50,Croped_BothHorizontal_50_watermarked_image_720_1.png,N:\Desktop\WORKING PAPERS\MVDW-NIKOS-PAPER\Version_22\attacked\720p\watermarked_image_720_1\Crops\Croped_BothHorizontal_50_watermarked_image_720_1.png,0,50.0,0.1875,"['X', 'X', 'X', 'X', 6, 4, 3, 2, 0, 0, 4, 5, 'X', 'X', 'X', 'X']"
2026-05-19T23:12:37.345439,720p,Crops,crop,BothHorizontal_75,Croped_BothHorizontal_75_watermarked_image_720_1.png,N:\Desktop\WORKING PAPERS\MVDW-NIKOS-PAPER\Version_22\attacked\720p\watermarked_image_720_1\Crops\Croped_BothHorizontal_75_watermarked_image_720_1.png,0,37.5,0.2326,"['X', 'X', 'X', 'X', 6, 4, 3, 2, 0, 'X', 'X', 5, 'X', 'X', 'X', 'X']"
2026-05-19T23:12:38.475871,720p,Crops,crop,BothVertical_25,Croped_BothVertical_25_watermarked_image_720_1.png,N:\Desktop\WORKING PAPERS\MVDW-NIKOS-PAPER\Version_22\attacked\720p\watermarked_image_720_1\Crops\Croped_BothVertical_25_watermarked_image_720_1.png,0,56.25,0.1632,"['X', 2, 2, 'X', 'X', 4, 3, 'X', 'X', 0, 4, 5, 'X', 2, 6, 'X']"
2026-05-19T23:12:39.630051,720p,Crops,crop,BothVertical_50,Croped_BothVertical_50_watermarked_image_720_1.png,N:\Desktop\WORKING PAPERS\MVDW-NIKOS-PAPER\Version_22\attacked\720p\watermarked_image_720_1\Crops\Croped_BothVertical_50_watermarked_image_720_1.png,0,50.0,0.1875,"['X', 2, 2, 'X', 'X', 4, 3, 'X', 'X', 0, 4, 'X', 'X', 2, 6, 'X']"
2026-05-19T23:12:40.750714,720p,Crops,crop,BothVertical_75,Croped_BothVertical_75_watermarked_image_720_1.png,N:\Desktop\WORKING PAPERS\MVDW-NIKOS-PAPER\Version_22\attacked\720p\watermarked_image_720_1\Crops\Croped_BothVertical_75_watermarked_image_720_1.png,0,31.25,0.25,"['X', 2, 'X', 'X', 'X', 'X', 3, 'X', 'X', 'X', 4, 'X', 'X', 2, 6, 'X']"
2026-05-19T23:12:41.916659,720p,Crops,crop,Bottom_25,Croped_Bottom_25_watermarked_image_720_1.png,N:\Desktop\WORKING PAPERS\MVDW-NIKOS-PAPER\Version_22\attacked\720p\watermarked_image_720_1\Crops\Croped_Bottom_25_watermarked_image_720_1.png,0,75.0,0.0903,"[0, 2, 2, 5, 6, 4, 3, 2, 0, 0, 4, 5, 'X', 'X', 'X', 'X']"
2026-05-19T23:12:43.043961,720p,Crops,crop,Bottom_50,Croped_Bottom_50_watermarked_image_720_1.png,N:\Desktop\WORKING PAPERS\MVDW-NIKOS-PAPER\Version_22\attacked\720p\watermarked_image_720_1\Crops\Croped_Bottom_50_watermarked_image_720_1.png,0,50.0,0.184,"[0, 2, 2, 5, 6, 4, 3, 2, 'X', 'X', 'X', 'X', 'X', 'X', 'X', 'X']"
2026-05-19T23:12:44.168150,720p,Crops,crop,Bottom_75,Croped_Bottom_75_watermarked_image_720_1.png,N:\Desktop\WORKING PAPERS\MVDW-NIKOS-PAPER\Version_22\attacked\720p\watermarked_image_720_1\Crops\Croped_Bottom_75_watermarked_image_720_1.png,0,25.0,0.2708,"[0, 2, 2, 5, 'X', 'X', 'X', 'X', 'X', 'X', 'X', 'X', 'X', 'X', 'X', 'X']"
2026-05-19T23:12:45.332767,720p,Crops,crop,Left_25,Croped_Left_25_watermarked_image_720_1.png,N:\Desktop\WORKING PAPERS\MVDW-NIKOS-PAPER\Version_22\attacked\720p\watermarked_image_720_1\Crops\Croped_Left_25_watermarked_image_720_1.png,0,75.0,0.0903,"['X', 2, 2, 5, 'X', 4, 3, 2, 'X', 0, 4, 5, 'X', 2, 6, 3]"
2026-05-19T23:12:46.451366,720p,Crops,crop,Left_50,Croped_Left_50_watermarked_image_720_1.png,N:\Desktop\WORKING PAPERS\MVDW-NIKOS-PAPER\Version_22\attacked\720p\watermarked_image_720_1\Crops\Croped_Left_50_watermarked_image_720_1.png,0,50.0,0.184,"['X', 'X', 2, 5, 'X', 'X', 3, 2, 'X', 'X', 4, 5, 'X', 'X', 6, 3]"
2026-05-19T23:12:47.540795,720p,Crops,crop,Left_75,Croped_Left_75_watermarked_image_720_1.png,N:\Desktop\WORKING PAPERS\MVDW-NIKOS-PAPER\Version_22\attacked\720p\watermarked_image_720_1\Crops\Croped_Left_75_watermarked_image_720_1.png,0,25.0,0.2708,"['X', 'X', 'X', 5, 'X', 'X', 'X', 2, 'X', 'X', 'X', 5, 'X', 'X', 'X', 3]"
2026-05-19T23:12:48.677030,720p,Crops,crop,Right_25,Croped_Right_25_watermarked_image_720_1.png,N:\Desktop\WORKING PAPERS\MVDW-NIKOS-PAPER\Version_22\attacked\720p\watermarked_image_720_1\Crops\Croped_Right_25_watermarked_image_720_1.png,0,75.0,0.0972,"[0, 2, 2, 'X', 6, 4, 3, 'X', 0, 0, 4, 'X', 1, 2, 6, 'X']"
2026-05-19T23:12:49.809687,720p,Crops,crop,Right_50,Croped_Right_50_watermarked_image_720_1.png,N:\Desktop\WORKING PAPERS\MVDW-NIKOS-PAPER\Version_22\attacked\720p\watermarked_image_720_1\Crops\Croped_Right_50_watermarked_image_720_1.png,0,50.0,0.184,"[0, 2, 'X', 'X', 6, 4, 'X', 'X', 0, 0, 'X', 'X', 1, 2, 'X', 'X']"
2026-05-19T23:12:50.922949,720p,Crops,crop,Right_75,Croped_Right_75_watermarked_image_720_1.png,N:\Desktop\WORKING PAPERS\MVDW-NIKOS-PAPER\Version_22\attacked\720p\watermarked_image_720_1\Crops\Croped_Right_75_watermarked_image_720_1.png,0,25.0,0.2778,"[0, 'X', 'X', 'X', 6, 'X', 'X', 'X', 0, 'X', 'X', 'X', 1, 'X', 'X', 'X']"
2026-05-19T23:12:52.068778,720p,Crops,crop,Top_25,Croped_Top_25_watermarked_image_720_1.png,N:\Desktop\WORKING PAPERS\MVDW-NIKOS-PAPER\Version_22\attacked\720p\watermarked_image_720_1\Crops\Croped_Top_25_watermarked_image_720_1.png,0,75.0,0.0972,"['X', 'X', 'X', 'X', 6, 4, 3, 2, 0, 0, 4, 5, 1, 2, 6, 3]"
2026-05-19T23:12:53.188980,720p,Crops,crop,Top_50,Croped_Top_50_watermarked_image_720_1.png,N:\Desktop\WORKING PAPERS\MVDW-NIKOS-PAPER\Version_22\attacked\720p\watermarked_image_720_1\Crops\Croped_Top_50_watermarked_image_720_1.png,0,50.0,0.184,"['X', 'X', 'X', 'X', 'X', 'X', 'X', 'X', 0, 0, 4, 5, 1, 2, 6, 3]"
2026-05-19T23:12:54.296712,720p,Crops,crop,Top_75,Croped_Top_75_watermarked_image_720_1.png,N:\Desktop\WORKING PAPERS\MVDW-NIKOS-PAPER\Version_22\attacked\720p\watermarked_image_720_1\Crops\Croped_Top_75_watermarked_image_720_1.png,0,25.0,0.2778,"['X', 'X', 'X', 'X', 'X', 'X', 'X', 'X', 'X', 'X', 'X', 'X', 1, 2, 6, 3]"
2026-05-19T23:12:55.467578,720p,Filters,jpeg,50,Compressed_q50_watermarked_image_720_1.jpg,N:\Desktop\WORKING PAPERS\MVDW-NIKOS-PAPER\Version_22\attacked\720p\watermarked_image_720_1\Filters\Compressed_q50_watermarked_image_720_1.jpg,0,6.25,0.2378,"['X', 'X', 'X', 'X', 'X', 'X', 'X', 'X', 'X', 'X', 'X', 5, 'X', 'X', 'X', 'X']"
2026-05-19T23:12:56.628437,720p,Filters,jpeg,70,Compressed_q70_watermarked_image_720_1.jpg,N:\Desktop\WORKING PAPERS\MVDW-NIKOS-PAPER\Version_22\attacked\720p\watermarked_image_720_1\Filters\Compressed_q70_watermarked_image_720_1.jpg,0,62.5,0.0712,"['X', 2, 2, 'X', 6, 4, 3, 2, 0, 'X', 'X', 5, 1, 2, 'X', 'X']"
2026-05-19T23:12:57.790336,720p,Filters,jpeg,90,Compressed_q90_watermarked_image_720_1.jpg,N:\Desktop\WORKING PAPERS\MVDW-NIKOS-PAPER\Version_22\attacked\720p\watermarked_image_720_1\Filters\Compressed_q90_watermarked_image_720_1.jpg,0,100.0,0.0,"[0, 2, 2, 5, 6, 4, 3, 2, 0, 0, 4, 5, 1, 2, 6, 3]"
2026-05-19T23:12:58.947537,720p,Filters,gaussian_blur,3,GB_k3_watermarked_image_720_1.png,N:\Desktop\WORKING PAPERS\MVDW-NIKOS-PAPER\Version_22\attacked\720p\watermarked_image_720_1\Filters\GB_k3_watermarked_image_720_1.png,0,31.25,0.2934,"[0, 'X', 'X', 5, 'X', 'X', 'X', 'X', 'X', 'X', 'X', 5, 'X', 'X', 6, 3]"
2026-05-19T23:13:00.136113,720p,Filters,gaussian_blur,5,GB_k5_watermarked_image_720_1.png,N:\Desktop\WORKING PAPERS\MVDW-NIKOS-PAPER\Version_22\attacked\720p\watermarked_image_720_1\Filters\GB_k5_watermarked_image_720_1.png,0,18.75,0.3785,"['X', 'X', 'X', 'X', 'X', 'X', 'X', 'X', 'X', 'X', 4, 5, 'X', 'X', 6, 'X']"
2026-05-19T23:13:01.322798,720p,Filters,gaussian_blur,7,GB_k7_watermarked_image_720_1.png,N:\Desktop\WORKING PAPERS\MVDW-NIKOS-PAPER\Version_22\attacked\720p\watermarked_image_720_1\Filters\GB_k7_watermarked_image_720_1.png,0,6.25,0.3663,"['X', 'X', 'X', 'X', 'X', 'X', 'X', 'X', 'X', 'X', 'X', 'X', 'X', 'X', 6, 'X']"
2026-05-19T23:13:02.481229,720p,Filters,gaussian_noise,0.05,GN_lvl0.05_watermarked_image_720_1.png,N:\Desktop\WORKING PAPERS\MVDW-NIKOS-PAPER\Version_22\attacked\720p\watermarked_image_720_1\Filters\GN_lvl0.05_watermarked_image_720_1.png,0,100.0,0.0,"[0, 2, 2, 5, 6, 4, 3, 2, 0, 0, 4, 5, 1, 2, 6, 3]"
2026-05-19T23:13:03.633303,720p,Filters,gaussian_noise,0.1,GN_lvl0.1_watermarked_image_720_1.png,N:\Desktop\WORKING PAPERS\MVDW-NIKOS-PAPER\Version_22\attacked\720p\watermarked_image_720_1\Filters\GN_lvl0.1_watermarked_image_720_1.png,0,100.0,0.0,"[0, 2, 2, 5, 6, 4, 3, 2, 0, 0, 4, 5, 1, 2, 6, 3]"
2026-05-19T23:13:04.798822,720p,Filters,gaussian_noise,0.2,GN_lvl0.2_watermarked_image_720_1.png,N:\Desktop\WORKING PAPERS\MVDW-NIKOS-PAPER\Version_22\attacked\720p\watermarked_image_720_1\Filters\GN_lvl0.2_watermarked_image_720_1.png,0,100.0,0.0,"[0, 2, 2, 5, 6, 4, 3, 2, 0, 0, 4, 5, 1, 2, 6, 3]"
2026-05-19T23:13:05.974475,720p,Filters,gamma,,Gamma_watermarked_image_720_1.png,N:\Desktop\WORKING PAPERS\MVDW-NIKOS-PAPER\Version_22\attacked\720p\watermarked_image_720_1\Filters\Gamma_watermarked_image_720_1.png,0,93.75,0.0017,"[0, 2, 2, 5, 6, 4, 3, 2, 0, 'X', 4, 5, 1, 2, 6, 3]"
2026-05-19T23:13:07.132929,720p,Filters,histogram_equalization,,HEQ_watermarked_image_720_1.png,N:\Desktop\WORKING PAPERS\MVDW-NIKOS-PAPER\Version_22\attacked\720p\watermarked_image_720_1\Filters\HEQ_watermarked_image_720_1.png,0,100.0,0.0,"[0, 2, 2, 5, 6, 4, 3, 2, 0, 0, 4, 5, 1, 2, 6, 3]"
2026-05-19T23:13:08.285908,720p,Filters,motion_blur,3,MB_k3_watermarked_image_720_1.png,N:\Desktop\WORKING PAPERS\MVDW-NIKOS-PAPER\Version_22\attacked\720p\watermarked_image_720_1\Filters\MB_k3_watermarked_image_720_1.png,0,100.0,0.0,"[0, 2, 2, 5, 6, 4, 3, 2, 0, 0, 4, 5, 1, 2, 6, 3]"
2026-05-19T23:13:09.484817,720p,Filters,motion_blur,5,MB_k5_watermarked_image_720_1.png,N:\Desktop\WORKING PAPERS\MVDW-NIKOS-PAPER\Version_22\attacked\720p\watermarked_image_720_1\Filters\MB_k5_watermarked_image_720_1.png,0,100.0,0.0,"[0, 2, 2, 5, 6, 4, 3, 2, 0, 0, 4, 5, 1, 2, 6, 3]"
2026-05-19T23:13:10.671619,720p,Filters,motion_blur,7,MB_k7_watermarked_image_720_1.png,N:\Desktop\WORKING PAPERS\MVDW-NIKOS-PAPER\Version_22\attacked\720p\watermarked_image_720_1\Filters\MB_k7_watermarked_image_720_1.png,0,43.75,0.1823,"[0, 'X', 2, 'X', 6, 4, 'X', 'X', 'X', 'X', 'X', 5, 'X', 2, 6, 'X']"
2026-05-19T23:13:11.851229,720p,Filters,mean_filter,3,MEAN_k3_watermarked_image_720_1.png,N:\Desktop\WORKING PAPERS\MVDW-NIKOS-PAPER\Version_22\attacked\720p\watermarked_image_720_1\Filters\MEAN_k3_watermarked_image_720_1.png,0,62.5,0.1458,"['X', 'X', 2, 5, 'X', 4, 3, 2, 'X', 0, 4, 5, 'X', 2, 6, 'X']"
2026-05-19T23:13:13.006665,720p,Filters,mean_filter,5,MEAN_k5_watermarked_image_720_1.png,N:\Desktop\WORKING PAPERS\MVDW-NIKOS-PAPER\Version_22\attacked\720p\watermarked_image_720_1\Filters\MEAN_k5_watermarked_image_720_1.png,0,81.25,0.0347,"[0, 2, 2, 'X', 6, 4, 3, 2, 'X', 0, 4, 5, 1, 2, 6, 'X']"
2026-05-19T23:13:14.157006,720p,Filters,median_filter,3,MF_k3_watermarked_image_720_1.png,N:\Desktop\WORKING PAPERS\MVDW-NIKOS-PAPER\Version_22\attacked\720p\watermarked_image_720_1\Filters\MF_k3_watermarked_image_720_1.png,0,62.5,0.0712,"[0, 2, 2, 5, 'X', 'X', 'X', 2, 'X', 'X', 4, 5, 1, 2, 'X', 3]"
2026-05-19T23:13:15.340613,720p,Filters,median_filter,5,MF_k5_watermarked_image_720_1.png,N:\Desktop\WORKING PAPERS\MVDW-NIKOS-PAPER\Version_22\attacked\720p\watermarked_image_720_1\Filters\MF_k5_watermarked_image_720_1.png,0,12.5,0.2951,"['X', 'X', 'X', 'X', 'X', 'X', 3, 'X', 'X', 'X', 'X', 'X', 'X', 'X', 6, 'X']"
2026-05-19T23:13:16.511385,720p,Filters,median_filter,7,MF_k7_watermarked_image_720_1.png,N:\Desktop\WORKING PAPERS\MVDW-NIKOS-PAPER\Version_22\attacked\720p\watermarked_image_720_1\Filters\MF_k7_watermarked_image_720_1.png,0,12.5,0.3333,"['X', 2, 'X', 'X', 'X', 'X', 'X', 2, 'X', 'X', 'X', 'X', 'X', 'X', 'X', 'X']"
2026-05-19T23:13:17.665795,720p,Filters,sharpening,,SHARP_watermarked_image_720_1.png,N:\Desktop\WORKING PAPERS\MVDW-NIKOS-PAPER\Version_22\attacked\720p\watermarked_image_720_1\Filters\SHARP_watermarked_image_720_1.png,0,100.0,0.0,"[0, 2, 2, 5, 6, 4, 3, 2, 0, 0, 4, 5, 1, 2, 6, 3]"
2026-05-19T23:13:18.836674,720p,Filters,salt_pepper,0.05,SaP_p0.05_watermarked_image_720_1.png,N:\Desktop\WORKING PAPERS\MVDW-NIKOS-PAPER\Version_22\attacked\720p\watermarked_image_720_1\Filters\SaP_p0.05_watermarked_image_720_1.png,0,12.5,0.2014,"[0, 'X', 'X', 'X', 'X', 'X', 'X', 'X', 'X', 'X', 'X', 'X', 'X', 2, 'X', 'X']"
2026-05-19T23:13:20.039347,720p,Filters,salt_pepper,0.1,SaP_p0.1_watermarked_image_720_1.png,N:\Desktop\WORKING PAPERS\MVDW-NIKOS-PAPER\Version_22\attacked\720p\watermarked_image_720_1\Filters\SaP_p0.1_watermarked_image_720_1.png,0,12.5,0.2691,"['X', 2, 'X', 'X', 'X', 'X', 'X', 'X', 'X', 'X', 4, 'X', 'X', 'X', 'X', 'X']"
2026-05-19T23:13:21.231047,720p,Filters,salt_pepper,0.2,SaP_p0.2_watermarked_image_720_1.png,N:\Desktop\WORKING PAPERS\MVDW-NIKOS-PAPER\Version_22\attacked\720p\watermarked_image_720_1\Filters\SaP_p0.2_watermarked_image_720_1.png,0,6.25,0.3038,"['X', 'X', 'X', 'X', 'X', 'X', 'X', 2, 'X', 'X', 'X', 'X', 'X', 'X', 'X', 'X']"
2026-05-19T23:13:22.381471,720p,Geometric,horizontal_flip,,HFLIP_watermarked_image_720_1.png,N:\Desktop\WORKING PAPERS\MVDW-NIKOS-PAPER\Version_22\attacked\720p\watermarked_image_720_1\Geometric\HFLIP_watermarked_image_720_1.png,0,6.25,0.3247,"['X', 'X', 'X', 'X', 'X', 'X', 'X', 2, 'X', 'X', 'X', 'X', 'X', 'X', 'X', 'X']"
2026-05-19T23:13:23.536452,720p,Geometric,rotation,-10,ROT_-10_watermarked_image_720_1.png,N:\Desktop\WORKING PAPERS\MVDW-NIKOS-PAPER\Version_22\attacked\720p\watermarked_image_720_1\Geometric\ROT_-10_watermarked_image_720_1.png,0,12.5,0.3455,"['X', 'X', 'X', 'X', 'X', 'X', 'X', 'X', 'X', 'X', 'X', 5, 'X', 'X', 6, 'X']"
2026-05-19T23:13:24.699446,720p,Geometric,rotation,10,ROT_10_watermarked_image_720_1.png,N:\Desktop\WORKING PAPERS\MVDW-NIKOS-PAPER\Version_22\attacked\720p\watermarked_image_720_1\Geometric\ROT_10_watermarked_image_720_1.png,0,12.5,0.3333,"['X', 'X', 'X', 'X', 'X', 'X', 'X', 'X', 'X', 'X', 4, 'X', 'X', 'X', 6, 'X']"
2026-05-19T23:13:25.896238,720p,Geometric,rotation,5,ROT_5_watermarked_image_720_1.png,N:\Desktop\WORKING PAPERS\MVDW-NIKOS-PAPER\Version_22\attacked\720p\watermarked_image_720_1\Geometric\ROT_5_watermarked_image_720_1.png,0,0.0,0.3455,"['X', 'X', 'X', 'X', 'X', 'X', 'X', 'X', 'X', 'X', 'X', 'X', 'X', 'X', 'X', 'X']"
2026-05-19T23:13:27.056783,720p,Geometric,translation,x10_y10,TRANS_x10_y10_watermarked_image_720_1.png,N:\Desktop\WORKING PAPERS\MVDW-NIKOS-PAPER\Version_22\attacked\720p\watermarked_image_720_1\Geometric\TRANS_x10_y10_watermarked_image_720_1.png,0,37.5,0.2951,"['X', 'X', 2, 5, 6, 'X', 3, 'X', 'X', 'X', 4, 5, 'X', 'X', 'X', 'X']"
2026-05-19T23:13:28.211872,720p,Geometric,translation,x5_y5,TRANS_x5_y5_watermarked_image_720_1.png,N:\Desktop\WORKING PAPERS\MVDW-NIKOS-PAPER\Version_22\attacked\720p\watermarked_image_720_1\Geometric\TRANS_x5_y5_watermarked_image_720_1.png,0,18.75,0.2969,"['X', 'X', 'X', 'X', 'X', 'X', 3, 'X', 'X', 'X', 'X', 'X', 1, 2, 'X', 'X']"
2026-05-19T23:13:29.368697,720p,Resize,resize,110,RESIZE_110_watermarked_image_720_1.png,N:\Desktop\WORKING PAPERS\MVDW-NIKOS-PAPER\Version_22\attacked\720p\watermarked_image_720_1\Resize\RESIZE_110_watermarked_image_720_1.png,0,100.0,0.0,"[0, 2, 2, 5, 6, 4, 3, 2, 0, 0, 4, 5, 1, 2, 6, 3]"
2026-05-19T23:13:30.576494,720p,Resize,resize,90,RESIZE_90_watermarked_image_720_1.png,N:\Desktop\WORKING PAPERS\MVDW-NIKOS-PAPER\Version_22\attacked\720p\watermarked_image_720_1\Resize\RESIZE_90_watermarked_image_720_1.png,0,50.0,0.0799,"['X', 'X', 'X', 5, 6, 4, 3, 2, 'X', 'X', 4, 'X', 'X', 2, 6, 'X']"
2026-05-19T23:13:31.755079,720p,Crops,crop,BothHorizontal_25,Croped_BothHorizontal_25_watermarked_image_720_2.png,N:\Desktop\WORKING PAPERS\MVDW-NIKOS-PAPER\Version_22\attacked\720p\watermarked_image_720_2\Crops\Croped_BothHorizontal_25_watermarked_image_720_2.png,0,87.5,0.0677,"['X', 2, 'X', 5, 6, 4, 3, 2, 0, 0, 4, 5, 1, 2, 6, 3]"
2026-05-19T23:13:32.874778,720p,Crops,crop,BothHorizontal_50,Croped_BothHorizontal_50_watermarked_image_720_2.png,N:\Desktop\WORKING PAPERS\MVDW-NIKOS-PAPER\Version_22\attacked\720p\watermarked_image_720_2\Crops\Croped_BothHorizontal_50_watermarked_image_720_2.png,0,50.0,0.1979,"['X', 'X', 'X', 'X', 6, 4, 3, 2, 0, 0, 4, 5, 'X', 'X', 'X', 'X']"
2026-05-19T23:13:33.971404,720p,Crops,crop,BothHorizontal_75,Croped_BothHorizontal_75_watermarked_image_720_2.png,N:\Desktop\WORKING PAPERS\MVDW-NIKOS-PAPER\Version_22\attacked\720p\watermarked_image_720_2\Crops\Croped_BothHorizontal_75_watermarked_image_720_2.png,0,18.75,0.2899,"['X', 'X', 'X', 'X', 'X', 'X', 3, 2, 0, 'X', 'X', 'X', 'X', 'X', 'X', 'X']"
2026-05-19T23:13:35.160889,720p,Crops,crop,BothVertical_25,Croped_BothVertical_25_watermarked_image_720_2.png,N:\Desktop\WORKING PAPERS\MVDW-NIKOS-PAPER\Version_22\attacked\720p\watermarked_image_720_2\Crops\Croped_BothVertical_25_watermarked_image_720_2.png,0,87.5,0.0486,"[0, 2, 2, 5, 'X', 4, 3, 2, 0, 0, 4, 5, 1, 2, 6, 'X']"
2026-05-19T23:13:36.310928,720p,Crops,crop,BothVertical_50,Croped_BothVertical_50_watermarked_image_720_2.png,N:\Desktop\WORKING PAPERS\MVDW-NIKOS-PAPER\Version_22\attacked\720p\watermarked_image_720_2\Crops\Croped_BothVertical_50_watermarked_image_720_2.png,0,50.0,0.1875,"['X', 2, 2, 'X', 'X', 4, 3, 'X', 'X', 0, 4, 'X', 'X', 2, 6, 'X']"
2026-05-19T23:13:37.405669,720p,Crops,crop,BothVertical_75,Croped_BothVertical_75_watermarked_image_720_2.png,N:\Desktop\WORKING PAPERS\MVDW-NIKOS-PAPER\Version_22\attacked\720p\watermarked_image_720_2\Crops\Croped_BothVertical_75_watermarked_image_720_2.png,0,12.5,0.2986,"['X', 'X', 'X', 'X', 'X', 'X', 3, 'X', 'X', 'X', 4, 'X', 'X', 'X', 'X', 'X']"
2026-05-19T23:13:38.543761,720p,Crops,crop,Bottom_25,Croped_Bottom_25_watermarked_image_720_2.png,N:\Desktop\WORKING PAPERS\MVDW-NIKOS-PAPER\Version_22\attacked\720p\watermarked_image_720_2\Crops\Croped_Bottom_25_watermarked_image_720_2.png,0,75.0,0.1076,"[0, 2, 2, 5, 6, 4, 3, 2, 0, 0, 4, 5, 'X', 'X', 'X', 'X']"
2026-05-19T23:13:39.664235,720p,Crops,crop,Bottom_50,Croped_Bottom_50_watermarked_image_720_2.png,N:\Desktop\WORKING PAPERS\MVDW-NIKOS-PAPER\Version_22\attacked\720p\watermarked_image_720_2\Crops\Croped_Bottom_50_watermarked_image_720_2.png,0,50.0,0.2014,"[0, 2, 2, 5, 6, 4, 3, 2, 'X', 'X', 'X', 'X', 'X', 'X', 'X', 'X']"
2026-05-19T23:13:40.805586,720p,Crops,crop,Bottom_75,Croped_Bottom_75_watermarked_image_720_2.png,N:\Desktop\WORKING PAPERS\MVDW-NIKOS-PAPER\Version_22\attacked\720p\watermarked_image_720_2\Crops\Croped_Bottom_75_watermarked_image_720_2.png,0,25.0,0.2778,"[0, 2, 2, 5, 'X', 'X', 'X', 'X', 'X', 'X', 'X', 'X', 'X', 'X', 'X', 'X']"
2026-05-19T23:13:41.962329,720p,Crops,crop,Left_25,Croped_Left_25_watermarked_image_720_2.png,N:\Desktop\WORKING PAPERS\MVDW-NIKOS-PAPER\Version_22\attacked\720p\watermarked_image_720_2\Crops\Croped_Left_25_watermarked_image_720_2.png,0,75.0,0.1215,"['X', 2, 2, 5, 'X', 4, 3, 2, 'X', 0, 4, 5, 'X', 2, 6, 3]"
2026-05-19T23:13:43.080538,720p,Crops,crop,Left_50,Croped_Left_50_watermarked_image_720_2.png,N:\Desktop\WORKING PAPERS\MVDW-NIKOS-PAPER\Version_22\attacked\720p\watermarked_image_720_2\Crops\Croped_Left_50_watermarked_image_720_2.png,0,50.0,0.2153,"['X', 'X', 2, 5, 'X', 'X', 3, 2, 'X', 'X', 4, 5, 'X', 'X', 6, 3]"
2026-05-19T23:13:44.174662,720p,Crops,crop,Left_75,Croped_Left_75_watermarked_image_720_2.png,N:\Desktop\WORKING PAPERS\MVDW-NIKOS-PAPER\Version_22\attacked\720p\watermarked_image_720_2\Crops\Croped_Left_75_watermarked_image_720_2.png,0,25.0,0.3021,"['X', 'X', 'X', 5, 'X', 'X', 'X', 2, 'X', 'X', 'X', 5, 'X', 'X', 'X', 3]"
2026-05-19T23:13:45.358540,720p,Crops,crop,Right_25,Croped_Right_25_watermarked_image_720_2.png,N:\Desktop\WORKING PAPERS\MVDW-NIKOS-PAPER\Version_22\attacked\720p\watermarked_image_720_2\Crops\Croped_Right_25_watermarked_image_720_2.png,0,75.0,0.1076,"[0, 2, 2, 'X', 6, 4, 3, 'X', 0, 0, 4, 'X', 1, 2, 6, 'X']"
2026-05-19T23:13:46.497898,720p,Crops,crop,Right_50,Croped_Right_50_watermarked_image_720_2.png,N:\Desktop\WORKING PAPERS\MVDW-NIKOS-PAPER\Version_22\attacked\720p\watermarked_image_720_2\Crops\Croped_Right_50_watermarked_image_720_2.png,0,50.0,0.1944,"[0, 2, 'X', 'X', 6, 4, 'X', 'X', 0, 0, 'X', 'X', 1, 2, 'X', 'X']"
2026-05-19T23:13:47.608124,720p,Crops,crop,Right_75,Croped_Right_75_watermarked_image_720_2.png,N:\Desktop\WORKING PAPERS\MVDW-NIKOS-PAPER\Version_22\attacked\720p\watermarked_image_720_2\Crops\Croped_Right_75_watermarked_image_720_2.png,0,25.0,0.2882,"[0, 'X', 'X', 'X', 6, 'X', 'X', 'X', 0, 'X', 'X', 'X', 1, 'X', 'X', 'X']"
2026-05-19T23:13:48.749479,720p,Crops,crop,Top_25,Croped_Top_25_watermarked_image_720_2.png,N:\Desktop\WORKING PAPERS\MVDW-NIKOS-PAPER\Version_22\attacked\720p\watermarked_image_720_2\Crops\Croped_Top_25_watermarked_image_720_2.png,0,75.0,0.1319,"['X', 'X', 'X', 'X', 6, 4, 3, 2, 0, 0, 4, 5, 1, 2, 6, 3]"
2026-05-19T23:13:49.871447,720p,Crops,crop,Top_50,Croped_Top_50_watermarked_image_720_2.png,N:\Desktop\WORKING PAPERS\MVDW-NIKOS-PAPER\Version_22\attacked\720p\watermarked_image_720_2\Crops\Croped_Top_50_watermarked_image_720_2.png,0,50.0,0.2083,"['X', 'X', 'X', 'X', 'X', 'X', 'X', 'X', 0, 0, 4, 5, 1, 2, 6, 3]"
2026-05-19T23:13:51.008915,720p,Crops,crop,Top_75,Croped_Top_75_watermarked_image_720_2.png,N:\Desktop\WORKING PAPERS\MVDW-NIKOS-PAPER\Version_22\attacked\720p\watermarked_image_720_2\Crops\Croped_Top_75_watermarked_image_720_2.png,0,25.0,0.3021,"['X', 'X', 'X', 'X', 'X', 'X', 'X', 'X', 'X', 'X', 'X', 'X', 1, 2, 6, 3]"
2026-05-19T23:13:52.184766,720p,Filters,jpeg,50,Compressed_q50_watermarked_image_720_2.jpg,N:\Desktop\WORKING PAPERS\MVDW-NIKOS-PAPER\Version_22\attacked\720p\watermarked_image_720_2\Filters\Compressed_q50_watermarked_image_720_2.jpg,0,25.0,0.2292,"['X', 'X', 'X', 'X', 'X', 'X', 'X', 'X', 'X', 0, 4, 5, 1, 'X', 'X', 'X']"
2026-05-19T23:13:53.342106,720p,Filters,jpeg,70,Compressed_q70_watermarked_image_720_2.jpg,N:\Desktop\WORKING PAPERS\MVDW-NIKOS-PAPER\Version_22\attacked\720p\watermarked_image_720_2\Filters\Compressed_q70_watermarked_image_720_2.jpg,0,75.0,0.1059,"['X', 2, 2, 5, 'X', 4, 3, 2, 0, 0, 4, 5, 1, 2, 'X', 'X']"
2026-05-19T23:13:54.486692,720p,Filters,jpeg,90,Compressed_q90_watermarked_image_720_2.jpg,N:\Desktop\WORKING PAPERS\MVDW-NIKOS-PAPER\Version_22\attacked\720p\watermarked_image_720_2\Filters\Compressed_q90_watermarked_image_720_2.jpg,0,75.0,0.0521,"[0, 2, 'X', 'X', 'X', 4, 3, 2, 0, 0, 4, 5, 1, 2, 6, 'X']"
2026-05-19T23:13:55.658183,720p,Filters,gaussian_blur,3,GB_k3_watermarked_image_720_2.png,N:\Desktop\WORKING PAPERS\MVDW-NIKOS-PAPER\Version_22\attacked\720p\watermarked_image_720_2\Filters\GB_k3_watermarked_image_720_2.png,0,12.5,0.309,"['X', 'X', 'X', 'X', 'X', 'X', 'X', 2, 'X', 'X', 'X', 5, 'X', 'X', 'X', 'X']"
2026-05-19T23:13:56.827316,720p,Filters,gaussian_blur,5,GB_k5_watermarked_image_720_2.png,N:\Desktop\WORKING PAPERS\MVDW-NIKOS-PAPER\Version_22\attacked\720p\watermarked_image_720_2\Filters\GB_k5_watermarked_image_720_2.png,0,6.25,0.4167,"['X', 'X', 'X', 'X', 'X', 'X', 'X', 'X', 'X', 'X', 'X', 'X', 1, 'X', 'X', 'X']"
2026-05-19T23:13:58.034225,720p,Filters,gaussian_blur,7,GB_k7_watermarked_image_720_2.png,N:\Desktop\WORKING PAPERS\MVDW-NIKOS-PAPER\Version_22\attacked\720p\watermarked_image_720_2\Filters\GB_k7_watermarked_image_720_2.png,0,0.0,0.4132,"['X', 'X', 'X', 'X', 'X', 'X', 'X', 'X', 'X', 'X', 'X', 'X', 'X', 'X', 'X', 'X']"
2026-05-19T23:13:59.165437,720p,Filters,gaussian_noise,0.05,GN_lvl0.05_watermarked_image_720_2.png,N:\Desktop\WORKING PAPERS\MVDW-NIKOS-PAPER\Version_22\attacked\720p\watermarked_image_720_2\Filters\GN_lvl0.05_watermarked_image_720_2.png,0,100.0,0.0417,"[0, 2, 2, 5, 6, 4, 3, 2, 0, 0, 4, 5, 1, 2, 6, 3]"
2026-05-19T23:14:00.346930,720p,Filters,gaussian_noise,0.1,GN_lvl0.1_watermarked_image_720_2.png,N:\Desktop\WORKING PAPERS\MVDW-NIKOS-PAPER\Version_22\attacked\720p\watermarked_image_720_2\Filters\GN_lvl0.1_watermarked_image_720_2.png,0,100.0,0.0417,"[0, 2, 2, 5, 6, 4, 3, 2, 0, 0, 4, 5, 1, 2, 6, 3]"
2026-05-19T23:14:01.543825,720p,Filters,gaussian_noise,0.2,GN_lvl0.2_watermarked_image_720_2.png,N:\Desktop\WORKING PAPERS\MVDW-NIKOS-PAPER\Version_22\attacked\720p\watermarked_image_720_2\Filters\GN_lvl0.2_watermarked_image_720_2.png,0,100.0,0.0417,"[0, 2, 2, 5, 6, 4, 3, 2, 0, 0, 4, 5, 1, 2, 6, 3]"
2026-05-19T23:14:02.717463,720p,Filters,gamma,,Gamma_watermarked_image_720_2.png,N:\Desktop\WORKING PAPERS\MVDW-NIKOS-PAPER\Version_22\attacked\720p\watermarked_image_720_2\Filters\Gamma_watermarked_image_720_2.png,0,56.25,0.0625,"[0, 2, 2, 'X', 'X', 'X', 3, 'X', 'X', 0, 'X', 5, 1, 2, 6, 'X']"
2026-05-19T23:14:03.877143,720p,Filters,histogram_equalization,,HEQ_watermarked_image_720_2.png,N:\Desktop\WORKING PAPERS\MVDW-NIKOS-PAPER\Version_22\attacked\720p\watermarked_image_720_2\Filters\HEQ_watermarked_image_720_2.png,0,75.0,0.0382,"['X', 2, 'X', 'X', 6, 4, 3, 2, 0, 0, 4, 5, 1, 2, 6, 'X']"
2026-05-19T23:14:05.035202,720p,Filters,motion_blur,3,MB_k3_watermarked_image_720_2.png,N:\Desktop\WORKING PAPERS\MVDW-NIKOS-PAPER\Version_22\attacked\720p\watermarked_image_720_2\Filters\MB_k3_watermarked_image_720_2.png,0,75.0,0.0642,"['X', 2, 'X', 'X', 6, 4, 3, 2, 0, 0, 4, 5, 1, 2, 6, 'X']"
2026-05-19T23:14:06.224075,720p,Filters,motion_blur,5,MB_k5_watermarked_image_720_2.png,N:\Desktop\WORKING PAPERS\MVDW-NIKOS-PAPER\Version_22\attacked\720p\watermarked_image_720_2\Filters\MB_k5_watermarked_image_720_2.png,0,75.0,0.0608,"[0, 2, 'X', 'X', 'X', 4, 3, 2, 0, 0, 4, 5, 1, 2, 6, 'X']"
2026-05-19T23:14:07.412093,720p,Filters,motion_blur,7,MB_k7_watermarked_image_720_2.png,N:\Desktop\WORKING PAPERS\MVDW-NIKOS-PAPER\Version_22\attacked\720p\watermarked_image_720_2\Filters\MB_k7_watermarked_image_720_2.png,0,31.25,0.191,"['X', 'X', 'X', 'X', 'X', 'X', 'X', 2, 'X', 0, 'X', 5, 'X', 2, 6, 'X']"
2026-05-19T23:14:08.570652,720p,Filters,mean_filter,3,MEAN_k3_watermarked_image_720_2.png,N:\Desktop\WORKING PAPERS\MVDW-NIKOS-PAPER\Version_22\attacked\720p\watermarked_image_720_2\Filters\MEAN_k3_watermarked_image_720_2.png,0,56.25,0.1875,"['X', 2, 'X', 5, 'X', 'X', 3, 'X', 'X', 0, 'X', 5, 1, 2, 6, 3]"
2026-05-19T23:14:09.761304,720p,Filters,mean_filter,5,MEAN_k5_watermarked_image_720_2.png,N:\Desktop\WORKING PAPERS\MVDW-NIKOS-PAPER\Version_22\attacked\720p\watermarked_image_720_2\Filters\MEAN_k5_watermarked_image_720_2.png,0,18.75,0.1892,"['X', 'X', 'X', 'X', 'X', 'X', 'X', 'X', 'X', 0, 'X', 5, 1, 'X', 'X', 'X']"
2026-05-19T23:14:10.970499,720p,Filters,median_filter,3,MF_k3_watermarked_image_720_2.png,N:\Desktop\WORKING PAPERS\MVDW-NIKOS-PAPER\Version_22\attacked\720p\watermarked_image_720_2\Filters\MF_k3_watermarked_image_720_2.png,0,18.75,0.2274,"['X', 'X', 2, 'X', 'X', 'X', 'X', 2, 'X', 'X', 'X', 'X', 'X', 'X', 6, 'X']"
2026-05-19T23:14:12.141593,720p,Filters,median_filter,5,MF_k5_watermarked_image_720_2.png,N:\Desktop\WORKING PAPERS\MVDW-NIKOS-PAPER\Version_22\attacked\720p\watermarked_image_720_2\Filters\MF_k5_watermarked_image_720_2.png,0,6.25,0.3385,"['X', 2, 'X', 'X', 'X', 'X', 'X', 'X', 'X', 'X', 'X', 'X', 'X', 'X', 'X', 'X']"
2026-05-19T23:14:13.305143,720p,Filters,median_filter,7,MF_k7_watermarked_image_720_2.png,N:\Desktop\WORKING PAPERS\MVDW-NIKOS-PAPER\Version_22\attacked\720p\watermarked_image_720_2\Filters\MF_k7_watermarked_image_720_2.png,0,0.0,0.3906,"['X', 'X', 'X', 'X', 'X', 'X', 'X', 'X', 'X', 'X', 'X', 'X', 'X', 'X', 'X', 'X']"
2026-05-19T23:14:14.473914,720p,Filters,sharpening,,SHARP_watermarked_image_720_2.png,N:\Desktop\WORKING PAPERS\MVDW-NIKOS-PAPER\Version_22\attacked\720p\watermarked_image_720_2\Filters\SHARP_watermarked_image_720_2.png,0,100.0,0.0399,"[0, 2, 2, 5, 6, 4, 3, 2, 0, 0, 4, 5, 1, 2, 6, 3]"
2026-05-19T23:14:15.660519,720p,Filters,salt_pepper,0.05,SaP_p0.05_watermarked_image_720_2.png,N:\Desktop\WORKING PAPERS\MVDW-NIKOS-PAPER\Version_22\attacked\720p\watermarked_image_720_2\Filters\SaP_p0.05_watermarked_image_720_2.png,0,18.75,0.2483,"['X', 2, 2, 'X', 'X', 'X', 'X', 'X', 'X', 'X', 'X', 'X', 'X', 'X', 'X', 3]"
2026-05-19T23:14:16.854881,720p,Filters,salt_pepper,0.1,SaP_p0.1_watermarked_image_720_2.png,N:\Desktop\WORKING PAPERS\MVDW-NIKOS-PAPER\Version_22\attacked\720p\watermarked_image_720_2\Filters\SaP_p0.1_watermarked_image_720_2.png,0,31.25,0.316,"['X', 'X', 'X', 'X', 6, 4, 'X', 2, 'X', 'X', 'X', 5, 'X', 'X', 'X', 3]"
2026-05-19T23:14:18.033842,720p,Filters,salt_pepper,0.2,SaP_p0.2_watermarked_image_720_2.png,N:\Desktop\WORKING PAPERS\MVDW-NIKOS-PAPER\Version_22\attacked\720p\watermarked_image_720_2\Filters\SaP_p0.2_watermarked_image_720_2.png,0,6.25,0.3611,"['X', 'X', 'X', 'X', 'X', 'X', 'X', 'X', 'X', 0, 'X', 'X', 'X', 'X', 'X', 'X']"
2026-05-19T23:14:19.211041,720p,Geometric,horizontal_flip,,HFLIP_watermarked_image_720_2.png,N:\Desktop\WORKING PAPERS\MVDW-NIKOS-PAPER\Version_22\attacked\720p\watermarked_image_720_2\Geometric\HFLIP_watermarked_image_720_2.png,0,6.25,0.3264,"['X', 'X', 'X', 'X', 'X', 'X', 'X', 'X', 'X', 'X', 'X', 'X', 'X', 'X', 'X', 3]"
2026-05-19T23:14:20.376757,720p,Geometric,rotation,-10,ROT_-10_watermarked_image_720_2.png,N:\Desktop\WORKING PAPERS\MVDW-NIKOS-PAPER\Version_22\attacked\720p\watermarked_image_720_2\Geometric\ROT_-10_watermarked_image_720_2.png,0,0.0,0.4028,"['X', 'X', 'X', 'X', 'X', 'X', 'X', 'X', 'X', 'X', 'X', 'X', 'X', 'X', 'X', 'X']"
2026-05-19T23:14:21.582468,720p,Geometric,rotation,10,ROT_10_watermarked_image_720_2.png,N:\Desktop\WORKING PAPERS\MVDW-NIKOS-PAPER\Version_22\attacked\720p\watermarked_image_720_2\Geometric\ROT_10_watermarked_image_720_2.png,0,6.25,0.3194,"['X', 'X', 'X', 'X', 'X', 'X', 'X', 'X', 'X', 'X', 4, 'X', 'X', 'X', 'X', 'X']"
2026-05-19T23:14:22.752336,720p,Geometric,rotation,5,ROT_5_watermarked_image_720_2.png,N:\Desktop\WORKING PAPERS\MVDW-NIKOS-PAPER\Version_22\attacked\720p\watermarked_image_720_2\Geometric\ROT_5_watermarked_image_720_2.png,0,6.25,0.4132,"['X', 'X', 'X', 'X', 'X', 'X', 'X', 'X', 'X', 'X', 'X', 'X', 'X', 2, 'X', 'X']"
2026-05-19T23:14:23.918559,720p,Geometric,translation,x10_y10,TRANS_x10_y10_watermarked_image_720_2.png,N:\Desktop\WORKING PAPERS\MVDW-NIKOS-PAPER\Version_22\attacked\720p\watermarked_image_720_2\Geometric\TRANS_x10_y10_watermarked_image_720_2.png,0,0.0,0.3385,"['X', 'X', 'X', 'X', 'X', 'X', 'X', 'X', 'X', 'X', 'X', 'X', 'X', 'X', 'X', 'X']"
2026-05-19T23:14:25.072905,720p,Geometric,translation,x5_y5,TRANS_x5_y5_watermarked_image_720_2.png,N:\Desktop\WORKING PAPERS\MVDW-NIKOS-PAPER\Version_22\attacked\720p\watermarked_image_720_2\Geometric\TRANS_x5_y5_watermarked_image_720_2.png,0,0.0,0.3212,"['X', 'X', 'X', 'X', 'X', 'X', 'X', 'X', 'X', 'X', 'X', 'X', 'X', 'X', 'X', 'X']"
2026-05-19T23:14:26.270451,720p,Resize,resize,110,RESIZE_110_watermarked_image_720_2.png,N:\Desktop\WORKING PAPERS\MVDW-NIKOS-PAPER\Version_22\attacked\720p\watermarked_image_720_2\Resize\RESIZE_110_watermarked_image_720_2.png,0,93.75,0.0486,"[0, 2, 2, 5, 'X', 4, 3, 2, 0, 0, 4, 5, 1, 2, 6, 3]"
2026-05-19T23:14:27.441849,720p,Resize,resize,90,RESIZE_90_watermarked_image_720_2.png,N:\Desktop\WORKING PAPERS\MVDW-NIKOS-PAPER\Version_22\attacked\720p\watermarked_image_720_2\Resize\RESIZE_90_watermarked_image_720_2.png,0,75.0,0.1215,"[0, 2, 'X', 5, 'X', 'X', 3, 2, 'X', 0, 4, 5, 1, 2, 6, 3]"
2026-05-19T23:14:28.573925,720p,Crops,crop,BothHorizontal_25,Croped_BothHorizontal_25_watermarked_image_720_3.png,N:\Desktop\WORKING PAPERS\MVDW-NIKOS-PAPER\Version_22\attacked\720p\watermarked_image_720_3\Crops\Croped_BothHorizontal_25_watermarked_image_720_3.png,0,62.5,0.125,"[0, 'X', 'X', 'X', 6, 4, 3, 2, 0, 0, 4, 5, 1, 'X', 'X', 'X']"
2026-05-19T23:14:29.692897,720p,Crops,crop,BothHorizontal_50,Croped_BothHorizontal_50_watermarked_image_720_3.png,N:\Desktop\WORKING PAPERS\MVDW-NIKOS-PAPER\Version_22\attacked\720p\watermarked_image_720_3\Crops\Croped_BothHorizontal_50_watermarked_image_720_3.png,0,50.0,0.1875,"['X', 'X', 'X', 'X', 6, 4, 3, 2, 0, 0, 4, 5, 'X', 'X', 'X', 'X']"
2026-05-19T23:14:30.825175,720p,Crops,crop,BothHorizontal_75,Croped_BothHorizontal_75_watermarked_image_720_3.png,N:\Desktop\WORKING PAPERS\MVDW-NIKOS-PAPER\Version_22\attacked\720p\watermarked_image_720_3\Crops\Croped_BothHorizontal_75_watermarked_image_720_3.png,0,25.0,0.2604,"['X', 'X', 'X', 'X', 'X', 4, 'X', 'X', 0, 'X', 4, 5, 'X', 'X', 'X', 'X']"
2026-05-19T23:14:32.011603,720p,Crops,crop,BothVertical_25,Croped_BothVertical_25_watermarked_image_720_3.png,N:\Desktop\WORKING PAPERS\MVDW-NIKOS-PAPER\Version_22\attacked\720p\watermarked_image_720_3\Crops\Croped_BothVertical_25_watermarked_image_720_3.png,0,68.75,0.1146,"['X', 2, 2, 5, 'X', 4, 3, 2, 'X', 0, 4, 5, 'X', 2, 6, 'X']"
2026-05-19T23:14:33.131646,720p,Crops,crop,BothVertical_50,Croped_BothVertical_50_watermarked_image_720_3.png,N:\Desktop\WORKING PAPERS\MVDW-NIKOS-PAPER\Version_22\attacked\720p\watermarked_image_720_3\Crops\Croped_BothVertical_50_watermarked_image_720_3.png,0,50.0,0.1875,"['X', 2, 2, 'X', 'X', 4, 3, 'X', 'X', 0, 4, 'X', 'X', 2, 6, 'X']"
2026-05-19T23:14:34.205668,720p,Crops,crop,BothVertical_75,Croped_BothVertical_75_watermarked_image_720_3.png,N:\Desktop\WORKING PAPERS\MVDW-NIKOS-PAPER\Version_22\attacked\720p\watermarked_image_720_3\Crops\Croped_BothVertical_75_watermarked_image_720_3.png,0,18.75,0.2986,"['X', 'X', 2, 'X', 'X', 'X', 'X', 'X', 'X', 'X', 4, 'X', 'X', 'X', 6, 'X']"
2026-05-19T23:14:35.343980,720p,Crops,crop,Bottom_25,Croped_Bottom_25_watermarked_image_720_3.png,N:\Desktop\WORKING PAPERS\MVDW-NIKOS-PAPER\Version_22\attacked\720p\watermarked_image_720_3\Crops\Croped_Bottom_25_watermarked_image_720_3.png,0,75.0,0.0903,"[0, 2, 2, 5, 6, 4, 3, 2, 0, 0, 4, 5, 'X', 'X', 'X', 'X']"
2026-05-19T23:14:36.490402,720p,Crops,crop,Bottom_50,Croped_Bottom_50_watermarked_image_720_3.png,N:\Desktop\WORKING PAPERS\MVDW-NIKOS-PAPER\Version_22\attacked\720p\watermarked_image_720_3\Crops\Croped_Bottom_50_watermarked_image_720_3.png,0,50.0,0.184,"[0, 2, 2, 5, 6, 4, 3, 2, 'X', 'X', 'X', 'X', 'X', 'X', 'X', 'X']"
2026-05-19T23:14:37.627935,720p,Crops,crop,Bottom_75,Croped_Bottom_75_watermarked_image_720_3.png,N:\Desktop\WORKING PAPERS\MVDW-NIKOS-PAPER\Version_22\attacked\720p\watermarked_image_720_3\Crops\Croped_Bottom_75_watermarked_image_720_3.png,0,25.0,0.2708,"[0, 2, 2, 5, 'X', 'X', 'X', 'X', 'X', 'X', 'X', 'X', 'X', 'X', 'X', 'X']"
2026-05-19T23:14:38.784740,720p,Crops,crop,Left_25,Croped_Left_25_watermarked_image_720_3.png,N:\Desktop\WORKING PAPERS\MVDW-NIKOS-PAPER\Version_22\attacked\720p\watermarked_image_720_3\Crops\Croped_Left_25_watermarked_image_720_3.png,0,75.0,0.0903,"['X', 2, 2, 5, 'X', 4, 3, 2, 'X', 0, 4, 5, 'X', 2, 6, 3]"
2026-05-19T23:14:39.916091,720p,Crops,crop,Left_50,Croped_Left_50_watermarked_image_720_3.png,N:\Desktop\WORKING PAPERS\MVDW-NIKOS-PAPER\Version_22\attacked\720p\watermarked_image_720_3\Crops\Croped_Left_50_watermarked_image_720_3.png,0,50.0,0.184,"['X', 'X', 2, 5, 'X', 'X', 3, 2, 'X', 'X', 4, 5, 'X', 'X', 6, 3]"
2026-05-19T23:14:41.041275,720p,Crops,crop,Left_75,Croped_Left_75_watermarked_image_720_3.png,N:\Desktop\WORKING PAPERS\MVDW-NIKOS-PAPER\Version_22\attacked\720p\watermarked_image_720_3\Crops\Croped_Left_75_watermarked_image_720_3.png,0,25.0,0.2708,"['X', 'X', 'X', 5, 'X', 'X', 'X', 2, 'X', 'X', 'X', 5, 'X', 'X', 'X', 3]"
2026-05-19T23:14:42.275270,720p,Crops,crop,Right_25,Croped_Right_25_watermarked_image_720_3.png,N:\Desktop\WORKING PAPERS\MVDW-NIKOS-PAPER\Version_22\attacked\720p\watermarked_image_720_3\Crops\Croped_Right_25_watermarked_image_720_3.png,0,75.0,0.0972,"[0, 2, 2, 'X', 6, 4, 3, 'X', 0, 0, 4, 'X', 1, 2, 6, 'X']"
2026-05-19T23:14:43.383972,720p,Crops,crop,Right_50,Croped_Right_50_watermarked_image_720_3.png,N:\Desktop\WORKING PAPERS\MVDW-NIKOS-PAPER\Version_22\attacked\720p\watermarked_image_720_3\Crops\Croped_Right_50_watermarked_image_720_3.png,0,50.0,0.184,"[0, 2, 'X', 'X', 6, 4, 'X', 'X', 0, 0, 'X', 'X', 1, 2, 'X', 'X']"
2026-05-19T23:14:44.459520,720p,Crops,crop,Right_75,Croped_Right_75_watermarked_image_720_3.png,N:\Desktop\WORKING PAPERS\MVDW-NIKOS-PAPER\Version_22\attacked\720p\watermarked_image_720_3\Crops\Croped_Right_75_watermarked_image_720_3.png,0,25.0,0.2778,"[0, 'X', 'X', 'X', 6, 'X', 'X', 'X', 0, 'X', 'X', 'X', 1, 'X', 'X', 'X']"
2026-05-19T23:14:45.601721,720p,Crops,crop,Top_25,Croped_Top_25_watermarked_image_720_3.png,N:\Desktop\WORKING PAPERS\MVDW-NIKOS-PAPER\Version_22\attacked\720p\watermarked_image_720_3\Crops\Croped_Top_25_watermarked_image_720_3.png,0,75.0,0.0972,"['X', 'X', 'X', 'X', 6, 4, 3, 2, 0, 0, 4, 5, 1, 2, 6, 3]"
2026-05-19T23:14:46.747915,720p,Crops,crop,Top_50,Croped_Top_50_watermarked_image_720_3.png,N:\Desktop\WORKING PAPERS\MVDW-NIKOS-PAPER\Version_22\attacked\720p\watermarked_image_720_3\Crops\Croped_Top_50_watermarked_image_720_3.png,0,50.0,0.184,"['X', 'X', 'X', 'X', 'X', 'X', 'X', 'X', 0, 0, 4, 5, 1, 2, 6, 3]"
2026-05-19T23:14:47.878866,720p,Crops,crop,Top_75,Croped_Top_75_watermarked_image_720_3.png,N:\Desktop\WORKING PAPERS\MVDW-NIKOS-PAPER\Version_22\attacked\720p\watermarked_image_720_3\Crops\Croped_Top_75_watermarked_image_720_3.png,0,25.0,0.2778,"['X', 'X', 'X', 'X', 'X', 'X', 'X', 'X', 'X', 'X', 'X', 'X', 1, 2, 6, 3]"
2026-05-19T23:14:49.051192,720p,Filters,jpeg,50,Compressed_q50_watermarked_image_720_3.jpg,N:\Desktop\WORKING PAPERS\MVDW-NIKOS-PAPER\Version_22\attacked\720p\watermarked_image_720_3\Filters\Compressed_q50_watermarked_image_720_3.jpg,0,18.75,0.1979,"['X', 'X', 'X', 5, 'X', 4, 'X', 2, 'X', 'X', 'X', 'X', 'X', 'X', 'X', 'X']"
2026-05-19T23:14:50.212725,720p,Filters,jpeg,70,Compressed_q70_watermarked_image_720_3.jpg,N:\Desktop\WORKING PAPERS\MVDW-NIKOS-PAPER\Version_22\attacked\720p\watermarked_image_720_3\Filters\Compressed_q70_watermarked_image_720_3.jpg,0,75.0,0.0503,"['X', 'X', 2, 5, 6, 4, 3, 2, 0, 0, 4, 5, 'X', 2, 6, 'X']"
2026-05-19T23:14:51.409412,720p,Filters,jpeg,90,Compressed_q90_watermarked_image_720_3.jpg,N:\Desktop\WORKING PAPERS\MVDW-NIKOS-PAPER\Version_22\attacked\720p\watermarked_image_720_3\Filters\Compressed_q90_watermarked_image_720_3.jpg,0,100.0,0.0,"[0, 2, 2, 5, 6, 4, 3, 2, 0, 0, 4, 5, 1, 2, 6, 3]"
2026-05-19T23:14:52.614002,720p,Filters,gaussian_blur,3,GB_k3_watermarked_image_720_3.png,N:\Desktop\WORKING PAPERS\MVDW-NIKOS-PAPER\Version_22\attacked\720p\watermarked_image_720_3\Filters\GB_k3_watermarked_image_720_3.png,0,37.5,0.2448,"[0, 2, 'X', 5, 'X', 'X', 'X', 2, 'X', 'X', 'X', 'X', 'X', 2, 6, 'X']"
2026-05-19T23:14:53.800629,720p,Filters,gaussian_blur,5,GB_k5_watermarked_image_720_3.png,N:\Desktop\WORKING PAPERS\MVDW-NIKOS-PAPER\Version_22\attacked\720p\watermarked_image_720_3\Filters\GB_k5_watermarked_image_720_3.png,0,6.25,0.3472,"['X', 'X', 'X', 'X', 'X', 'X', 'X', 'X', 'X', 'X', 'X', 5, 'X', 'X', 'X', 'X']"
2026-05-19T23:14:54.965086,720p,Filters,gaussian_blur,7,GB_k7_watermarked_image_720_3.png,N:\Desktop\WORKING PAPERS\MVDW-NIKOS-PAPER\Version_22\attacked\720p\watermarked_image_720_3\Filters\GB_k7_watermarked_image_720_3.png,0,18.75,0.3177,"['X', 'X', 'X', 'X', 'X', 'X', 3, 2, 'X', 'X', 'X', 'X', 'X', 'X', 6, 'X']"
2026-05-19T23:14:56.133814,720p,Filters,gaussian_noise,0.05,GN_lvl0.05_watermarked_image_720_3.png,N:\Desktop\WORKING PAPERS\MVDW-NIKOS-PAPER\Version_22\attacked\720p\watermarked_image_720_3\Filters\GN_lvl0.05_watermarked_image_720_3.png,0,100.0,0.0,"[0, 2, 2, 5, 6, 4, 3, 2, 0, 0, 4, 5, 1, 2, 6, 3]"
2026-05-19T23:14:57.316015,720p,Filters,gaussian_noise,0.1,GN_lvl0.1_watermarked_image_720_3.png,N:\Desktop\WORKING PAPERS\MVDW-NIKOS-PAPER\Version_22\attacked\720p\watermarked_image_720_3\Filters\GN_lvl0.1_watermarked_image_720_3.png,0,100.0,0.0,"[0, 2, 2, 5, 6, 4, 3, 2, 0, 0, 4, 5, 1, 2, 6, 3]"
2026-05-19T23:14:58.508311,720p,Filters,gaussian_noise,0.2,GN_lvl0.2_watermarked_image_720_3.png,N:\Desktop\WORKING PAPERS\MVDW-NIKOS-PAPER\Version_22\attacked\720p\watermarked_image_720_3\Filters\GN_lvl0.2_watermarked_image_720_3.png,0,100.0,0.0,"[0, 2, 2, 5, 6, 4, 3, 2, 0, 0, 4, 5, 1, 2, 6, 3]"
2026-05-19T23:14:59.645986,720p,Filters,gamma,,Gamma_watermarked_image_720_3.png,N:\Desktop\WORKING PAPERS\MVDW-NIKOS-PAPER\Version_22\attacked\720p\watermarked_image_720_3\Filters\Gamma_watermarked_image_720_3.png,0,93.75,0.0017,"[0, 2, 2, 5, 6, 4, 3, 'X', 0, 0, 4, 5, 1, 2, 6, 3]"
2026-05-19T23:15:00.802776,720p,Filters,histogram_equalization,,HEQ_watermarked_image_720_3.png,N:\Desktop\WORKING PAPERS\MVDW-NIKOS-PAPER\Version_22\attacked\720p\watermarked_image_720_3\Filters\HEQ_watermarked_image_720_3.png,0,100.0,0.0,"[0, 2, 2, 5, 6, 4, 3, 2, 0, 0, 4, 5, 1, 2, 6, 3]"
2026-05-19T23:15:01.995136,720p,Filters,motion_blur,3,MB_k3_watermarked_image_720_3.png,N:\Desktop\WORKING PAPERS\MVDW-NIKOS-PAPER\Version_22\attacked\720p\watermarked_image_720_3\Filters\MB_k3_watermarked_image_720_3.png,0,93.75,0.0052,"[0, 2, 2, 'X', 6, 4, 3, 2, 0, 0, 4, 5, 1, 2, 6, 3]"
2026-05-19T23:15:03.164559,720p,Filters,motion_blur,5,MB_k5_watermarked_image_720_3.png,N:\Desktop\WORKING PAPERS\MVDW-NIKOS-PAPER\Version_22\attacked\720p\watermarked_image_720_3\Filters\MB_k5_watermarked_image_720_3.png,0,93.75,0.0069,"[0, 2, 2, 'X', 6, 4, 3, 2, 0, 0, 4, 5, 1, 2, 6, 3]"
2026-05-19T23:15:04.325674,720p,Filters,motion_blur,7,MB_k7_watermarked_image_720_3.png,N:\Desktop\WORKING PAPERS\MVDW-NIKOS-PAPER\Version_22\attacked\720p\watermarked_image_720_3\Filters\MB_k7_watermarked_image_720_3.png,0,56.25,0.1198,"[0, 2, 'X', 5, 'X', 'X', 3, 2, 'X', 0, 4, 5, 'X', 2, 'X', 'X']"
2026-05-19T23:15:05.491594,720p,Filters,mean_filter,3,MEAN_k3_watermarked_image_720_3.png,N:\Desktop\WORKING PAPERS\MVDW-NIKOS-PAPER\Version_22\attacked\720p\watermarked_image_720_3\Filters\MEAN_k3_watermarked_image_720_3.png,0,68.75,0.1146,"['X', 2, 2, 5, 6, 4, 'X', 2, 0, 0, 4, 5, 'X', 2, 'X', 'X']"
2026-05-19T23:15:06.653097,720p,Filters,mean_filter,5,MEAN_k5_watermarked_image_720_3.png,N:\Desktop\WORKING PAPERS\MVDW-NIKOS-PAPER\Version_22\attacked\720p\watermarked_image_720_3\Filters\MEAN_k5_watermarked_image_720_3.png,0,68.75,0.0417,"[0, 2, 2, 'X', 'X', 4, 3, 2, 0, 0, 4, 5, 'X', 2, 'X', 'X']"
2026-05-19T23:15:07.841292,720p,Filters,median_filter,3,MF_k3_watermarked_image_720_3.png,N:\Desktop\WORKING PAPERS\MVDW-NIKOS-PAPER\Version_22\attacked\720p\watermarked_image_720_3\Filters\MF_k3_watermarked_image_720_3.png,0,56.25,0.0538,"[0, 2, 2, 'X', 'X', 'X', 'X', 2, 'X', 'X', 4, 'X', 1, 2, 6, 3]"
2026-05-19T23:15:09.017630,720p,Filters,median_filter,5,MF_k5_watermarked_image_720_3.png,N:\Desktop\WORKING PAPERS\MVDW-NIKOS-PAPER\Version_22\attacked\720p\watermarked_image_720_3\Filters\MF_k5_watermarked_image_720_3.png,0,18.75,0.2899,"['X', 2, 'X', 'X', 'X', 'X', 3, 'X', 'X', 'X', 4, 'X', 'X', 'X', 'X', 'X']"
2026-05-19T23:15:10.190629,720p,Filters,median_filter,7,MF_k7_watermarked_image_720_3.png,N:\Desktop\WORKING PAPERS\MVDW-NIKOS-PAPER\Version_22\attacked\720p\watermarked_image_720_3\Filters\MF_k7_watermarked_image_720_3.png,0,12.5,0.3385,"['X', 2, 2, 'X', 'X', 'X', 'X', 'X', 'X', 'X', 'X', 'X', 'X', 'X', 'X', 'X']"
2026-05-19T23:15:11.347065,720p,Filters,sharpening,,SHARP_watermarked_image_720_3.png,N:\Desktop\WORKING PAPERS\MVDW-NIKOS-PAPER\Version_22\attacked\720p\watermarked_image_720_3\Filters\SHARP_watermarked_image_720_3.png,0,100.0,0.0,"[0, 2, 2, 5, 6, 4, 3, 2, 0, 0, 4, 5, 1, 2, 6, 3]"
2026-05-19T23:15:12.532049,720p,Filters,salt_pepper,0.05,SaP_p0.05_watermarked_image_720_3.png,N:\Desktop\WORKING PAPERS\MVDW-NIKOS-PAPER\Version_22\attacked\720p\watermarked_image_720_3\Filters\SaP_p0.05_watermarked_image_720_3.png,0,50.0,0.1389,"['X', 2, 'X', 'X', 6, 'X', 3, 'X', 'X', 0, 4, 5, 'X', 'X', 6, 3]"
2026-05-19T23:15:13.701792,720p,Filters,salt_pepper,0.1,SaP_p0.1_watermarked_image_720_3.png,N:\Desktop\WORKING PAPERS\MVDW-NIKOS-PAPER\Version_22\attacked\720p\watermarked_image_720_3\Filters\SaP_p0.1_watermarked_image_720_3.png,0,37.5,0.25,"['X', 'X', 'X', 5, 6, 'X', 'X', 2, 'X', 0, 4, 'X', 'X', 'X', 6, 'X']"
2026-05-19T23:15:14.860065,720p,Filters,salt_pepper,0.2,SaP_p0.2_watermarked_image_720_3.png,N:\Desktop\WORKING PAPERS\MVDW-NIKOS-PAPER\Version_22\attacked\720p\watermarked_image_720_3\Filters\SaP_p0.2_watermarked_image_720_3.png,0,18.75,0.349,"['X', 'X', 'X', 'X', 'X', 'X', 3, 'X', 'X', 'X', 4, 'X', 'X', 'X', 6, 'X']"
2026-05-19T23:15:16.032201,720p,Geometric,horizontal_flip,,HFLIP_watermarked_image_720_3.png,N:\Desktop\WORKING PAPERS\MVDW-NIKOS-PAPER\Version_22\attacked\720p\watermarked_image_720_3\Geometric\HFLIP_watermarked_image_720_3.png,0,12.5,0.2726,"['X', 'X', 'X', 'X', 6, 'X', 'X', 'X', 'X', 'X', 'X', 'X', 'X', 2, 'X', 'X']"
2026-05-19T23:15:17.240273,720p,Geometric,rotation,-10,ROT_-10_watermarked_image_720_3.png,N:\Desktop\WORKING PAPERS\MVDW-NIKOS-PAPER\Version_22\attacked\720p\watermarked_image_720_3\Geometric\ROT_-10_watermarked_image_720_3.png,0,12.5,0.3247,"['X', 'X', 'X', 'X', 'X', 'X', 'X', 'X', 'X', 'X', 'X', 'X', 1, 'X', 6, 'X']"
2026-05-19T23:15:18.437102,720p,Geometric,rotation,10,ROT_10_watermarked_image_720_3.png,N:\Desktop\WORKING PAPERS\MVDW-NIKOS-PAPER\Version_22\attacked\720p\watermarked_image_720_3\Geometric\ROT_10_watermarked_image_720_3.png,0,25.0,0.3073,"['X', 'X', 'X', 5, 'X', 'X', 'X', 'X', 'X', 'X', 4, 5, 'X', 'X', 'X', 3]"
2026-05-19T23:15:19.587265,720p,Geometric,rotation,5,ROT_5_watermarked_image_720_3.png,N:\Desktop\WORKING PAPERS\MVDW-NIKOS-PAPER\Version_22\attacked\720p\watermarked_image_720_3\Geometric\ROT_5_watermarked_image_720_3.png,0,0.0,0.3351,"['X', 'X', 'X', 'X', 'X', 'X', 'X', 'X', 'X', 'X', 'X', 'X', 'X', 'X', 'X', 'X']"
2026-05-19T23:15:20.745799,720p,Geometric,translation,x10_y10,TRANS_x10_y10_watermarked_image_720_3.png,N:\Desktop\WORKING PAPERS\MVDW-NIKOS-PAPER\Version_22\attacked\720p\watermarked_image_720_3\Geometric\TRANS_x10_y10_watermarked_image_720_3.png,0,31.25,0.3229,"['X', 'X', 'X', 'X', 6, 4, 'X', 'X', 'X', 'X', 4, 5, 'X', 'X', 6, 'X']"
2026-05-19T23:15:21.906734,720p,Geometric,translation,x5_y5,TRANS_x5_y5_watermarked_image_720_3.png,N:\Desktop\WORKING PAPERS\MVDW-NIKOS-PAPER\Version_22\attacked\720p\watermarked_image_720_3\Geometric\TRANS_x5_y5_watermarked_image_720_3.png,0,12.5,0.3021,"['X', 'X', 'X', 'X', 'X', 'X', 3, 'X', 'X', 'X', 'X', 'X', 1, 'X', 'X', 'X']"
2026-05-19T23:15:23.101679,720p,Resize,resize,110,RESIZE_110_watermarked_image_720_3.png,N:\Desktop\WORKING PAPERS\MVDW-NIKOS-PAPER\Version_22\attacked\720p\watermarked_image_720_3\Resize\RESIZE_110_watermarked_image_720_3.png,0,100.0,0.0,"[0, 2, 2, 5, 6, 4, 3, 2, 0, 0, 4, 5, 1, 2, 6, 3]"
2026-05-19T23:15:24.301730,720p,Resize,resize,90,RESIZE_90_watermarked_image_720_3.png,N:\Desktop\WORKING PAPERS\MVDW-NIKOS-PAPER\Version_22\attacked\720p\watermarked_image_720_3\Resize\RESIZE_90_watermarked_image_720_3.png,0,56.25,0.099,"['X', 'X', 2, 5, 6, 4, 'X', 2, 'X', 'X', 'X', 5, 1, 2, 6, 'X']"
2026-05-19T23:15:25.450080,720p,Crops,crop,BothHorizontal_25,Croped_BothHorizontal_25_watermarked_image_720_4.png,N:\Desktop\WORKING PAPERS\MVDW-NIKOS-PAPER\Version_22\attacked\720p\watermarked_image_720_4\Crops\Croped_BothHorizontal_25_watermarked_image_720_4.png,0,75.0,0.0556,"['X', 'X', 'X', 'X', 6, 4, 3, 2, 0, 0, 4, 5, 1, 2, 6, 3]"
2026-05-19T23:15:26.581785,720p,Crops,crop,BothHorizontal_50,Croped_BothHorizontal_50_watermarked_image_720_4.png,N:\Desktop\WORKING PAPERS\MVDW-NIKOS-PAPER\Version_22\attacked\720p\watermarked_image_720_4\Crops\Croped_BothHorizontal_50_watermarked_image_720_4.png,0,50.0,0.1875,"['X', 'X', 'X', 'X', 6, 4, 3, 2, 0, 0, 4, 5, 'X', 'X', 'X', 'X']"
2026-05-19T23:15:27.706698,720p,Crops,crop,BothHorizontal_75,Croped_BothHorizontal_75_watermarked_image_720_4.png,N:\Desktop\WORKING PAPERS\MVDW-NIKOS-PAPER\Version_22\attacked\720p\watermarked_image_720_4\Crops\Croped_BothHorizontal_75_watermarked_image_720_4.png,0,31.25,0.2257,"['X', 'X', 'X', 'X', 'X', 4, 'X', 'X', 0, 0, 4, 5, 'X', 'X', 'X', 'X']"
2026-05-19T23:15:28.871403,720p,Crops,crop,BothVertical_25,Croped_BothVertical_25_watermarked_image_720_4.png,N:\Desktop\WORKING PAPERS\MVDW-NIKOS-PAPER\Version_22\attacked\720p\watermarked_image_720_4\Crops\Croped_BothVertical_25_watermarked_image_720_4.png,0,81.25,0.0729,"[0, 2, 2, 5, 'X', 4, 3, 'X', 0, 0, 4, 5, 'X', 2, 6, 3]"
2026-05-19T23:15:29.989916,720p,Crops,crop,BothVertical_50,Croped_BothVertical_50_watermarked_image_720_4.png,N:\Desktop\WORKING PAPERS\MVDW-NIKOS-PAPER\Version_22\attacked\720p\watermarked_image_720_4\Crops\Croped_BothVertical_50_watermarked_image_720_4.png,0,50.0,0.1875,"['X', 2, 2, 'X', 'X', 4, 3, 'X', 'X', 0, 4, 'X', 'X', 2, 6, 'X']"
2026-05-19T23:15:31.108891,720p,Crops,crop,BothVertical_75,Croped_BothVertical_75_watermarked_image_720_4.png,N:\Desktop\WORKING PAPERS\MVDW-NIKOS-PAPER\Version_22\attacked\720p\watermarked_image_720_4\Crops\Croped_BothVertical_75_watermarked_image_720_4.png,0,31.25,0.2569,"['X', 'X', 2, 'X', 'X', 'X', 'X', 'X', 'X', 0, 4, 'X', 'X', 2, 6, 'X']"
2026-05-19T23:15:32.274519,720p,Crops,crop,Bottom_25,Croped_Bottom_25_watermarked_image_720_4.png,N:\Desktop\WORKING PAPERS\MVDW-NIKOS-PAPER\Version_22\attacked\720p\watermarked_image_720_4\Crops\Croped_Bottom_25_watermarked_image_720_4.png,0,75.0,0.0972,"[0, 2, 2, 5, 6, 4, 3, 2, 0, 0, 4, 5, 'X', 'X', 'X', 'X']"
2026-05-19T23:15:33.427769,720p,Crops,crop,Bottom_50,Croped_Bottom_50_watermarked_image_720_4.png,N:\Desktop\WORKING PAPERS\MVDW-NIKOS-PAPER\Version_22\attacked\720p\watermarked_image_720_4\Crops\Croped_Bottom_50_watermarked_image_720_4.png,0,50.0,0.191,"[0, 2, 2, 5, 6, 4, 3, 2, 'X', 'X', 'X', 'X', 'X', 'X', 'X', 'X']"
2026-05-19T23:15:34.536868,720p,Crops,crop,Bottom_75,Croped_Bottom_75_watermarked_image_720_4.png,N:\Desktop\WORKING PAPERS\MVDW-NIKOS-PAPER\Version_22\attacked\720p\watermarked_image_720_4\Crops\Croped_Bottom_75_watermarked_image_720_4.png,0,25.0,0.2778,"[0, 2, 2, 5, 'X', 'X', 'X', 'X', 'X', 'X', 'X', 'X', 'X', 'X', 'X', 'X']"
2026-05-19T23:15:35.683096,720p,Crops,crop,Left_25,Croped_Left_25_watermarked_image_720_4.png,N:\Desktop\WORKING PAPERS\MVDW-NIKOS-PAPER\Version_22\attacked\720p\watermarked_image_720_4\Crops\Croped_Left_25_watermarked_image_720_4.png,0,75.0,0.0972,"['X', 2, 2, 5, 'X', 4, 3, 2, 'X', 0, 4, 5, 'X', 2, 6, 3]"
2026-05-19T23:15:36.798321,720p,Crops,crop,Left_50,Croped_Left_50_watermarked_image_720_4.png,N:\Desktop\WORKING PAPERS\MVDW-NIKOS-PAPER\Version_22\attacked\720p\watermarked_image_720_4\Crops\Croped_Left_50_watermarked_image_720_4.png,0,50.0,0.191,"['X', 'X', 2, 5, 'X', 'X', 3, 2, 'X', 'X', 4, 5, 'X', 'X', 6, 3]"
2026-05-19T23:15:37.913782,720p,Crops,crop,Left_75,Croped_Left_75_watermarked_image_720_4.png,N:\Desktop\WORKING PAPERS\MVDW-NIKOS-PAPER\Version_22\attacked\720p\watermarked_image_720_4\Crops\Croped_Left_75_watermarked_image_720_4.png,0,25.0,0.2778,"['X', 'X', 'X', 5, 'X', 'X', 'X', 2, 'X', 'X', 'X', 5, 'X', 'X', 'X', 3]"
2026-05-19T23:15:39.065435,720p,Crops,crop,Right_25,Croped_Right_25_watermarked_image_720_4.png,N:\Desktop\WORKING PAPERS\MVDW-NIKOS-PAPER\Version_22\attacked\720p\watermarked_image_720_4\Crops\Croped_Right_25_watermarked_image_720_4.png,0,75.0,0.0972,"[0, 2, 2, 'X', 6, 4, 3, 'X', 0, 0, 4, 'X', 1, 2, 6, 'X']"
2026-05-19T23:15:40.189671,720p,Crops,crop,Right_50,Croped_Right_50_watermarked_image_720_4.png,N:\Desktop\WORKING PAPERS\MVDW-NIKOS-PAPER\Version_22\attacked\720p\watermarked_image_720_4\Crops\Croped_Right_50_watermarked_image_720_4.png,0,50.0,0.184,"[0, 2, 'X', 'X', 6, 4, 'X', 'X', 0, 0, 'X', 'X', 1, 2, 'X', 'X']"
2026-05-19T23:15:41.294347,720p,Crops,crop,Right_75,Croped_Right_75_watermarked_image_720_4.png,N:\Desktop\WORKING PAPERS\MVDW-NIKOS-PAPER\Version_22\attacked\720p\watermarked_image_720_4\Crops\Croped_Right_75_watermarked_image_720_4.png,0,25.0,0.2778,"[0, 'X', 'X', 'X', 6, 'X', 'X', 'X', 0, 'X', 'X', 'X', 1, 'X', 'X', 'X']"
2026-05-19T23:15:42.458258,720p,Crops,crop,Top_25,Croped_Top_25_watermarked_image_720_4.png,N:\Desktop\WORKING PAPERS\MVDW-NIKOS-PAPER\Version_22\attacked\720p\watermarked_image_720_4\Crops\Croped_Top_25_watermarked_image_720_4.png,0,75.0,0.0972,"['X', 'X', 'X', 'X', 6, 4, 3, 2, 0, 0, 4, 5, 1, 2, 6, 3]"
2026-05-19T23:15:43.616795,720p,Crops,crop,Top_50,Croped_Top_50_watermarked_image_720_4.png,N:\Desktop\WORKING PAPERS\MVDW-NIKOS-PAPER\Version_22\attacked\720p\watermarked_image_720_4\Crops\Croped_Top_50_watermarked_image_720_4.png,0,50.0,0.184,"['X', 'X', 'X', 'X', 'X', 'X', 'X', 'X', 0, 0, 4, 5, 1, 2, 6, 3]"
2026-05-19T23:15:44.711460,720p,Crops,crop,Top_75,Croped_Top_75_watermarked_image_720_4.png,N:\Desktop\WORKING PAPERS\MVDW-NIKOS-PAPER\Version_22\attacked\720p\watermarked_image_720_4\Crops\Croped_Top_75_watermarked_image_720_4.png,0,25.0,0.2778,"['X', 'X', 'X', 'X', 'X', 'X', 'X', 'X', 'X', 'X', 'X', 'X', 1, 2, 6, 3]"
2026-05-19T23:15:45.905173,720p,Filters,jpeg,50,Compressed_q50_watermarked_image_720_4.jpg,N:\Desktop\WORKING PAPERS\MVDW-NIKOS-PAPER\Version_22\attacked\720p\watermarked_image_720_4\Filters\Compressed_q50_watermarked_image_720_4.jpg,0,56.25,0.1233,"['X', 'X', 2, 5, 6, 'X', 3, 'X', 0, 0, 4, 5, 'X', 'X', 6, 'X']"
2026-05-19T23:15:47.065315,720p,Filters,jpeg,70,Compressed_q70_watermarked_image_720_4.jpg,N:\Desktop\WORKING PAPERS\MVDW-NIKOS-PAPER\Version_22\attacked\720p\watermarked_image_720_4\Filters\Compressed_q70_watermarked_image_720_4.jpg,0,93.75,0.026,"[0, 2, 2, 5, 6, 4, 3, 2, 0, 0, 4, 5, 'X', 2, 6, 3]"
2026-05-19T23:15:48.287022,720p,Filters,jpeg,90,Compressed_q90_watermarked_image_720_4.jpg,N:\Desktop\WORKING PAPERS\MVDW-NIKOS-PAPER\Version_22\attacked\720p\watermarked_image_720_4\Filters\Compressed_q90_watermarked_image_720_4.jpg,0,87.5,0.0174,"[0, 2, 2, 'X', 6, 4, 3, 2, 0, 0, 4, 5, 'X', 2, 6, 3]"
2026-05-19T23:15:49.462768,720p,Filters,gaussian_blur,3,GB_k3_watermarked_image_720_4.png,N:\Desktop\WORKING PAPERS\MVDW-NIKOS-PAPER\Version_22\attacked\720p\watermarked_image_720_4\Filters\GB_k3_watermarked_image_720_4.png,0,62.5,0.2413,"[0, 2, 2, 5, 'X', 'X', 3, 2, 'X', 'X', 'X', 'X', 1, 2, 6, 3]"
2026-05-19T23:15:50.633319,720p,Filters,gaussian_blur,5,GB_k5_watermarked_image_720_4.png,N:\Desktop\WORKING PAPERS\MVDW-NIKOS-PAPER\Version_22\attacked\720p\watermarked_image_720_4\Filters\GB_k5_watermarked_image_720_4.png,0,25.0,0.3385,"['X', 2, 'X', 'X', 'X', 'X', 3, 2, 'X', 'X', 'X', 'X', 'X', 'X', 'X', 3]"
2026-05-19T23:15:51.785050,720p,Filters,gaussian_blur,7,GB_k7_watermarked_image_720_4.png,N:\Desktop\WORKING PAPERS\MVDW-NIKOS-PAPER\Version_22\attacked\720p\watermarked_image_720_4\Filters\GB_k7_watermarked_image_720_4.png,0,12.5,0.3438,"['X', 'X', 'X', 'X', 'X', 'X', 3, 'X', 'X', 'X', 'X', 'X', 1, 'X', 'X', 'X']"
2026-05-19T23:15:52.974061,720p,Filters,gaussian_noise,0.05,GN_lvl0.05_watermarked_image_720_4.png,N:\Desktop\WORKING PAPERS\MVDW-NIKOS-PAPER\Version_22\attacked\720p\watermarked_image_720_4\Filters\GN_lvl0.05_watermarked_image_720_4.png,0,100.0,0.0069,"[0, 2, 2, 5, 6, 4, 3, 2, 0, 0, 4, 5, 1, 2, 6, 3]"
2026-05-19T23:15:54.151171,720p,Filters,gaussian_noise,0.1,GN_lvl0.1_watermarked_image_720_4.png,N:\Desktop\WORKING PAPERS\MVDW-NIKOS-PAPER\Version_22\attacked\720p\watermarked_image_720_4\Filters\GN_lvl0.1_watermarked_image_720_4.png,0,100.0,0.0069,"[0, 2, 2, 5, 6, 4, 3, 2, 0, 0, 4, 5, 1, 2, 6, 3]"
2026-05-19T23:15:55.316119,720p,Filters,gaussian_noise,0.2,GN_lvl0.2_watermarked_image_720_4.png,N:\Desktop\WORKING PAPERS\MVDW-NIKOS-PAPER\Version_22\attacked\720p\watermarked_image_720_4\Filters\GN_lvl0.2_watermarked_image_720_4.png,0,100.0,0.0069,"[0, 2, 2, 5, 6, 4, 3, 2, 0, 0, 4, 5, 1, 2, 6, 3]"
2026-05-19T23:15:56.448248,720p,Filters,gamma,,Gamma_watermarked_image_720_4.png,N:\Desktop\WORKING PAPERS\MVDW-NIKOS-PAPER\Version_22\attacked\720p\watermarked_image_720_4\Filters\Gamma_watermarked_image_720_4.png,0,93.75,0.0052,"[0, 2, 2, 5, 6, 4, 3, 2, 0, 0, 4, 5, 1, 2, 6, 'X']"
2026-05-19T23:15:57.599297,720p,Filters,histogram_equalization,,HEQ_watermarked_image_720_4.png,N:\Desktop\WORKING PAPERS\MVDW-NIKOS-PAPER\Version_22\attacked\720p\watermarked_image_720_4\Filters\HEQ_watermarked_image_720_4.png,0,100.0,0.0069,"[0, 2, 2, 5, 6, 4, 3, 2, 0, 0, 4, 5, 1, 2, 6, 3]"
2026-05-19T23:15:58.799001,720p,Filters,motion_blur,3,MB_k3_watermarked_image_720_4.png,N:\Desktop\WORKING PAPERS\MVDW-NIKOS-PAPER\Version_22\attacked\720p\watermarked_image_720_4\Filters\MB_k3_watermarked_image_720_4.png,0,100.0,0.0104,"[0, 2, 2, 5, 6, 4, 3, 2, 0, 0, 4, 5, 1, 2, 6, 3]"
2026-05-19T23:15:59.962881,720p,Filters,motion_blur,5,MB_k5_watermarked_image_720_4.png,N:\Desktop\WORKING PAPERS\MVDW-NIKOS-PAPER\Version_22\attacked\720p\watermarked_image_720_4\Filters\MB_k5_watermarked_image_720_4.png,0,100.0,0.0122,"[0, 2, 2, 5, 6, 4, 3, 2, 0, 0, 4, 5, 1, 2, 6, 3]"
2026-05-19T23:16:01.125738,720p,Filters,motion_blur,7,MB_k7_watermarked_image_720_4.png,N:\Desktop\WORKING PAPERS\MVDW-NIKOS-PAPER\Version_22\attacked\720p\watermarked_image_720_4\Filters\MB_k7_watermarked_image_720_4.png,0,56.25,0.1181,"[0, 'X', 2, 5, 6, 'X', 3, 2, 0, 'X', 'X', 5, 1, 'X', 'X', 'X']"
2026-05-19T23:16:02.268815,720p,Filters,mean_filter,3,MEAN_k3_watermarked_image_720_4.png,N:\Desktop\WORKING PAPERS\MVDW-NIKOS-PAPER\Version_22\attacked\720p\watermarked_image_720_4\Filters\MEAN_k3_watermarked_image_720_4.png,0,18.75,0.1997,"['X', 'X', 'X', 5, 'X', 'X', 'X', 2, 0, 'X', 'X', 'X', 'X', 'X', 'X', 'X']"
2026-05-19T23:16:03.439768,720p,Filters,mean_filter,5,MEAN_k5_watermarked_image_720_4.png,N:\Desktop\WORKING PAPERS\MVDW-NIKOS-PAPER\Version_22\attacked\720p\watermarked_image_720_4\Filters\MEAN_k5_watermarked_image_720_4.png,0,56.25,0.0851,"[0, 2, 2, 5, 'X', 4, 'X', 2, 'X', 'X', 4, 'X', 'X', 'X', 6, 3]"
2026-05-19T23:16:04.607896,720p,Filters,median_filter,3,MF_k3_watermarked_image_720_4.png,N:\Desktop\WORKING PAPERS\MVDW-NIKOS-PAPER\Version_22\attacked\720p\watermarked_image_720_4\Filters\MF_k3_watermarked_image_720_4.png,0,50.0,0.191,"[0, 'X', 2, 'X', 'X', 'X', 3, 2, 'X', 'X', 'X', 'X', 1, 2, 6, 3]"
2026-05-19T23:16:05.765278,720p,Filters,median_filter,5,MF_k5_watermarked_image_720_4.png,N:\Desktop\WORKING PAPERS\MVDW-NIKOS-PAPER\Version_22\attacked\720p\watermarked_image_720_4\Filters\MF_k5_watermarked_image_720_4.png,0,12.5,0.2882,"['X', 'X', 'X', 5, 'X', 'X', 'X', 'X', 'X', 'X', 'X', 'X', 'X', 'X', 'X', 3]"
2026-05-19T23:16:06.919995,720p,Filters,median_filter,7,MF_k7_watermarked_image_720_4.png,N:\Desktop\WORKING PAPERS\MVDW-NIKOS-PAPER\Version_22\attacked\720p\watermarked_image_720_4\Filters\MF_k7_watermarked_image_720_4.png,0,0.0,0.3507,"['X', 'X', 'X', 'X', 'X', 'X', 'X', 'X', 'X', 'X', 'X', 'X', 'X', 'X', 'X', 'X']"
2026-05-19T23:16:08.091901,720p,Filters,sharpening,,SHARP_watermarked_image_720_4.png,N:\Desktop\WORKING PAPERS\MVDW-NIKOS-PAPER\Version_22\attacked\720p\watermarked_image_720_4\Filters\SHARP_watermarked_image_720_4.png,0,100.0,0.0052,"[0, 2, 2, 5, 6, 4, 3, 2, 0, 0, 4, 5, 1, 2, 6, 3]"
2026-05-19T23:16:09.287232,720p,Filters,salt_pepper,0.05,SaP_p0.05_watermarked_image_720_4.png,N:\Desktop\WORKING PAPERS\MVDW-NIKOS-PAPER\Version_22\attacked\720p\watermarked_image_720_4\Filters\SaP_p0.05_watermarked_image_720_4.png,0,37.5,0.1042,"[0, 'X', 2, 'X', 6, 4, 'X', 2, 0, 'X', 'X', 'X', 'X', 'X', 'X', 'X']"
2026-05-19T23:16:10.475888,720p,Filters,salt_pepper,0.1,SaP_p0.1_watermarked_image_720_4.png,N:\Desktop\WORKING PAPERS\MVDW-NIKOS-PAPER\Version_22\attacked\720p\watermarked_image_720_4\Filters\SaP_p0.1_watermarked_image_720_4.png,0,12.5,0.2587,"['X', 'X', 'X', 'X', 'X', 'X', 3, 'X', 'X', 'X', 'X', 5, 'X', 'X', 'X', 'X']"
2026-05-19T23:16:11.650323,720p,Filters,salt_pepper,0.2,SaP_p0.2_watermarked_image_720_4.png,N:\Desktop\WORKING PAPERS\MVDW-NIKOS-PAPER\Version_22\attacked\720p\watermarked_image_720_4\Filters\SaP_p0.2_watermarked_image_720_4.png,0,18.75,0.309,"['X', 2, 'X', 'X', 'X', 'X', 'X', 'X', 'X', 0, 'X', 'X', 'X', 'X', 6, 'X']"
2026-05-19T23:16:12.801817,720p,Geometric,horizontal_flip,,HFLIP_watermarked_image_720_4.png,N:\Desktop\WORKING PAPERS\MVDW-NIKOS-PAPER\Version_22\attacked\720p\watermarked_image_720_4\Geometric\HFLIP_watermarked_image_720_4.png,0,25.0,0.3021,"['X', 'X', 2, 'X', 'X', 4, 'X', 'X', 'X', 'X', 'X', 'X', 'X', 2, 'X', 3]"
2026-05-19T23:16:13.998244,720p,Geometric,rotation,-10,ROT_-10_watermarked_image_720_4.png,N:\Desktop\WORKING PAPERS\MVDW-NIKOS-PAPER\Version_22\attacked\720p\watermarked_image_720_4\Geometric\ROT_-10_watermarked_image_720_4.png,0,25.0,0.3212,"[0, 2, 'X', 'X', 'X', 'X', 3, 'X', 'X', 'X', 'X', 'X', 'X', 2, 'X', 'X']"
2026-05-19T23:16:15.165301,720p,Geometric,rotation,10,ROT_10_watermarked_image_720_4.png,N:\Desktop\WORKING PAPERS\MVDW-NIKOS-PAPER\Version_22\attacked\720p\watermarked_image_720_4\Geometric\ROT_10_watermarked_image_720_4.png,0,6.25,0.3194,"['X', 'X', 'X', 'X', 'X', 'X', 'X', 'X', 'X', 'X', 'X', 'X', 'X', 'X', 6, 'X']"
2026-05-19T23:16:16.320079,720p,Geometric,rotation,5,ROT_5_watermarked_image_720_4.png,N:\Desktop\WORKING PAPERS\MVDW-NIKOS-PAPER\Version_22\attacked\720p\watermarked_image_720_4\Geometric\ROT_5_watermarked_image_720_4.png,0,25.0,0.3438,"['X', 'X', 'X', 'X', 'X', 'X', 'X', 'X', 'X', 0, 'X', 5, 1, 'X', 6, 'X']"
2026-05-19T23:16:17.478452,720p,Geometric,translation,x10_y10,TRANS_x10_y10_watermarked_image_720_4.png,N:\Desktop\WORKING PAPERS\MVDW-NIKOS-PAPER\Version_22\attacked\720p\watermarked_image_720_4\Geometric\TRANS_x10_y10_watermarked_image_720_4.png,0,25.0,0.2656,"['X', 'X', 'X', 'X', 'X', 4, 'X', 'X', 'X', 'X', 4, 5, 'X', 2, 'X', 'X']"
2026-05-19T23:16:18.648971,720p,Geometric,translation,x5_y5,TRANS_x5_y5_watermarked_image_720_4.png,N:\Desktop\WORKING PAPERS\MVDW-NIKOS-PAPER\Version_22\attacked\720p\watermarked_image_720_4\Geometric\TRANS_x5_y5_watermarked_image_720_4.png,0,0.0,0.2951,"['X', 'X', 'X', 'X', 'X', 'X', 'X', 'X', 'X', 'X', 'X', 'X', 'X', 'X', 'X', 'X']"
2026-05-19T23:16:19.803871,720p,Resize,resize,110,RESIZE_110_watermarked_image_720_4.png,N:\Desktop\WORKING PAPERS\MVDW-NIKOS-PAPER\Version_22\attacked\720p\watermarked_image_720_4\Resize\RESIZE_110_watermarked_image_720_4.png,0,100.0,0.0122,"[0, 2, 2, 5, 6, 4, 3, 2, 0, 0, 4, 5, 1, 2, 6, 3]"
2026-05-19T23:16:20.957656,720p,Resize,resize,90,RESIZE_90_watermarked_image_720_4.png,N:\Desktop\WORKING PAPERS\MVDW-NIKOS-PAPER\Version_22\attacked\720p\watermarked_image_720_4\Resize\RESIZE_90_watermarked_image_720_4.png,0,56.25,0.0764,"['X', 2, 'X', 5, 6, 4, 'X', 2, 0, 0, 4, 5, 'X', 'X', 'X', 'X']"
2026-05-19T23:16:22.087674,720p,Crops,crop,BothHorizontal_25,Croped_BothHorizontal_25_watermarked_image_720_5.png,N:\Desktop\WORKING PAPERS\MVDW-NIKOS-PAPER\Version_22\attacked\720p\watermarked_image_720_5\Crops\Croped_BothHorizontal_25_watermarked_image_720_5.png,0,75.0,0.0972,"['X', 'X', 'X', 'X', 6, 4, 3, 2, 0, 0, 4, 5, 1, 2, 6, 3]"
2026-05-19T23:16:23.196625,720p,Crops,crop,BothHorizontal_50,Croped_BothHorizontal_50_watermarked_image_720_5.png,N:\Desktop\WORKING PAPERS\MVDW-NIKOS-PAPER\Version_22\attacked\720p\watermarked_image_720_5\Crops\Croped_BothHorizontal_50_watermarked_image_720_5.png,0,50.0,0.1875,"['X', 'X', 'X', 'X', 6, 4, 3, 2, 0, 0, 4, 5, 'X', 'X', 'X', 'X']"
2026-05-19T23:16:24.318940,720p,Crops,crop,BothHorizontal_75,Croped_BothHorizontal_75_watermarked_image_720_5.png,N:\Desktop\WORKING PAPERS\MVDW-NIKOS-PAPER\Version_22\attacked\720p\watermarked_image_720_5\Crops\Croped_BothHorizontal_75_watermarked_image_720_5.png,0,31.25,0.2569,"['X', 'X', 'X', 'X', 6, 'X', 'X', 2, 0, 0, 4, 'X', 'X', 'X', 'X', 'X']"
2026-05-19T23:16:25.480819,720p,Crops,crop,BothVertical_25,Croped_BothVertical_25_watermarked_image_720_5.png,N:\Desktop\WORKING PAPERS\MVDW-NIKOS-PAPER\Version_22\attacked\720p\watermarked_image_720_5\Crops\Croped_BothVertical_25_watermarked_image_720_5.png,0,75.0,0.1024,"['X', 2, 2, 5, 'X', 4, 3, 'X', 'X', 0, 4, 5, 1, 2, 6, 3]"
2026-05-19T23:16:26.584652,720p,Crops,crop,BothVertical_50,Croped_BothVertical_50_watermarked_image_720_5.png,N:\Desktop\WORKING PAPERS\MVDW-NIKOS-PAPER\Version_22\attacked\720p\watermarked_image_720_5\Crops\Croped_BothVertical_50_watermarked_image_720_5.png,0,50.0,0.2031,"['X', 2, 2, 'X', 'X', 4, 3, 'X', 'X', 0, 4, 'X', 'X', 2, 6, 'X']"
2026-05-19T23:16:27.654399,720p,Crops,crop,BothVertical_75,Croped_BothVertical_75_watermarked_image_720_5.png,N:\Desktop\WORKING PAPERS\MVDW-NIKOS-PAPER\Version_22\attacked\720p\watermarked_image_720_5\Crops\Croped_BothVertical_75_watermarked_image_720_5.png,0,18.75,0.3038,"['X', 'X', 'X', 'X', 'X', 4, 'X', 'X', 'X', 'X', 4, 'X', 'X', 'X', 6, 'X']"
2026-05-19T23:16:28.796310,720p,Crops,crop,Bottom_25,Croped_Bottom_25_watermarked_image_720_5.png,N:\Desktop\WORKING PAPERS\MVDW-NIKOS-PAPER\Version_22\attacked\720p\watermarked_image_720_5\Crops\Croped_Bottom_25_watermarked_image_720_5.png,0,75.0,0.1059,"[0, 2, 2, 5, 6, 4, 3, 2, 0, 0, 4, 5, 'X', 'X', 'X', 'X']"
2026-05-19T23:16:29.921695,720p,Crops,crop,Bottom_50,Croped_Bottom_50_watermarked_image_720_5.png,N:\Desktop\WORKING PAPERS\MVDW-NIKOS-PAPER\Version_22\attacked\720p\watermarked_image_720_5\Crops\Croped_Bottom_50_watermarked_image_720_5.png,0,50.0,0.1997,"[0, 2, 2, 5, 6, 4, 3, 2, 'X', 'X', 'X', 'X', 'X', 'X', 'X', 'X']"
2026-05-19T23:16:31.025466,720p,Crops,crop,Bottom_75,Croped_Bottom_75_watermarked_image_720_5.png,N:\Desktop\WORKING PAPERS\MVDW-NIKOS-PAPER\Version_22\attacked\720p\watermarked_image_720_5\Crops\Croped_Bottom_75_watermarked_image_720_5.png,0,25.0,0.2865,"[0, 2, 2, 5, 'X', 'X', 'X', 'X', 'X', 'X', 'X', 'X', 'X', 'X', 'X', 'X']"
2026-05-19T23:16:32.162903,720p,Crops,crop,Left_25,Croped_Left_25_watermarked_image_720_5.png,N:\Desktop\WORKING PAPERS\MVDW-NIKOS-PAPER\Version_22\attacked\720p\watermarked_image_720_5\Crops\Croped_Left_25_watermarked_image_720_5.png,0,75.0,0.1059,"['X', 2, 2, 5, 'X', 4, 3, 2, 'X', 0, 4, 5, 'X', 2, 6, 3]"
2026-05-19T23:16:33.286048,720p,Crops,crop,Left_50,Croped_Left_50_watermarked_image_720_5.png,N:\Desktop\WORKING PAPERS\MVDW-NIKOS-PAPER\Version_22\attacked\720p\watermarked_image_720_5\Crops\Croped_Left_50_watermarked_image_720_5.png,0,50.0,0.1997,"['X', 'X', 2, 5, 'X', 'X', 3, 2, 'X', 'X', 4, 5, 'X', 'X', 6, 3]"
2026-05-19T23:16:34.435520,720p,Crops,crop,Left_75,Croped_Left_75_watermarked_image_720_5.png,N:\Desktop\WORKING PAPERS\MVDW-NIKOS-PAPER\Version_22\attacked\720p\watermarked_image_720_5\Crops\Croped_Left_75_watermarked_image_720_5.png,0,25.0,0.2708,"['X', 'X', 'X', 5, 'X', 'X', 'X', 2, 'X', 'X', 'X', 5, 'X', 'X', 'X', 3]"
2026-05-19T23:16:35.611594,720p,Crops,crop,Right_25,Croped_Right_25_watermarked_image_720_5.png,N:\Desktop\WORKING PAPERS\MVDW-NIKOS-PAPER\Version_22\attacked\720p\watermarked_image_720_5\Crops\Croped_Right_25_watermarked_image_720_5.png,0,75.0,0.1128,"[0, 2, 2, 'X', 6, 4, 3, 'X', 0, 0, 4, 'X', 1, 2, 6, 'X']"
2026-05-19T23:16:36.740394,720p,Crops,crop,Right_50,Croped_Right_50_watermarked_image_720_5.png,N:\Desktop\WORKING PAPERS\MVDW-NIKOS-PAPER\Version_22\attacked\720p\watermarked_image_720_5\Crops\Croped_Right_50_watermarked_image_720_5.png,0,50.0,0.184,"[0, 2, 'X', 'X', 6, 4, 'X', 'X', 0, 0, 'X', 'X', 1, 2, 'X', 'X']"
2026-05-19T23:16:37.840257,720p,Crops,crop,Right_75,Croped_Right_75_watermarked_image_720_5.png,N:\Desktop\WORKING PAPERS\MVDW-NIKOS-PAPER\Version_22\attacked\720p\watermarked_image_720_5\Crops\Croped_Right_75_watermarked_image_720_5.png,0,25.0,0.2778,"[0, 'X', 'X', 'X', 6, 'X', 'X', 'X', 0, 'X', 'X', 'X', 1, 'X', 'X', 'X']"
2026-05-19T23:16:39.027075,720p,Crops,crop,Top_25,Croped_Top_25_watermarked_image_720_5.png,N:\Desktop\WORKING PAPERS\MVDW-NIKOS-PAPER\Version_22\attacked\720p\watermarked_image_720_5\Crops\Croped_Top_25_watermarked_image_720_5.png,0,75.0,0.0972,"['X', 'X', 'X', 'X', 6, 4, 3, 2, 0, 0, 4, 5, 1, 2, 6, 3]"
2026-05-19T23:16:40.154840,720p,Crops,crop,Top_50,Croped_Top_50_watermarked_image_720_5.png,N:\Desktop\WORKING PAPERS\MVDW-NIKOS-PAPER\Version_22\attacked\720p\watermarked_image_720_5\Crops\Croped_Top_50_watermarked_image_720_5.png,0,50.0,0.184,"['X', 'X', 'X', 'X', 'X', 'X', 'X', 'X', 0, 0, 4, 5, 1, 2, 6, 3]"
2026-05-19T23:16:41.270089,720p,Crops,crop,Top_75,Croped_Top_75_watermarked_image_720_5.png,N:\Desktop\WORKING PAPERS\MVDW-NIKOS-PAPER\Version_22\attacked\720p\watermarked_image_720_5\Crops\Croped_Top_75_watermarked_image_720_5.png,0,25.0,0.2778,"['X', 'X', 'X', 'X', 'X', 'X', 'X', 'X', 'X', 'X', 'X', 'X', 1, 2, 6, 3]"
2026-05-19T23:16:42.427495,720p,Filters,jpeg,50,Compressed_q50_watermarked_image_720_5.jpg,N:\Desktop\WORKING PAPERS\MVDW-NIKOS-PAPER\Version_22\attacked\720p\watermarked_image_720_5\Filters\Compressed_q50_watermarked_image_720_5.jpg,0,37.5,0.191,"[0, 'X', 'X', 5, 'X', 4, 'X', 'X', 'X', 'X', 4, 5, 'X', 'X', 6, 'X']"
2026-05-19T23:16:43.600614,720p,Filters,jpeg,70,Compressed_q70_watermarked_image_720_5.jpg,N:\Desktop\WORKING PAPERS\MVDW-NIKOS-PAPER\Version_22\attacked\720p\watermarked_image_720_5\Filters\Compressed_q70_watermarked_image_720_5.jpg,0,56.25,0.0955,"[0, 2, 'X', 5, 'X', 4, 'X', 2, 'X', 0, 4, 'X', 'X', 'X', 6, 3]"
2026-05-19T23:16:44.799469,720p,Filters,jpeg,90,Compressed_q90_watermarked_image_720_5.jpg,N:\Desktop\WORKING PAPERS\MVDW-NIKOS-PAPER\Version_22\attacked\720p\watermarked_image_720_5\Filters\Compressed_q90_watermarked_image_720_5.jpg,0,93.75,0.0156,"[0, 2, 2, 5, 6, 4, 3, 2, 0, 0, 4, 5, 'X', 2, 6, 3]"
2026-05-19T23:16:45.975759,720p,Filters,gaussian_blur,3,GB_k3_watermarked_image_720_5.png,N:\Desktop\WORKING PAPERS\MVDW-NIKOS-PAPER\Version_22\attacked\720p\watermarked_image_720_5\Filters\GB_k3_watermarked_image_720_5.png,0,6.25,0.3229,"['X', 'X', 'X', 'X', 'X', 'X', 'X', 'X', 'X', 0, 'X', 'X', 'X', 'X', 'X', 'X']"
2026-05-19T23:16:47.137904,720p,Filters,gaussian_blur,5,GB_k5_watermarked_image_720_5.png,N:\Desktop\WORKING PAPERS\MVDW-NIKOS-PAPER\Version_22\attacked\720p\watermarked_image_720_5\Filters\GB_k5_watermarked_image_720_5.png,0,12.5,0.3802,"['X', 'X', 'X', 'X', 'X', 'X', 'X', 'X', 'X', 'X', 'X', 'X', 'X', 2, 6, 'X']"
2026-05-19T23:16:48.303059,720p,Filters,gaussian_blur,7,GB_k7_watermarked_image_720_5.png,N:\Desktop\WORKING PAPERS\MVDW-NIKOS-PAPER\Version_22\attacked\720p\watermarked_image_720_5\Filters\GB_k7_watermarked_image_720_5.png,0,12.5,0.3594,"['X', 'X', 'X', 'X', 'X', 'X', 'X', 'X', 'X', 'X', 'X', 'X', 1, 'X', 6, 'X']"
2026-05-19T23:16:49.497234,720p,Filters,gaussian_noise,0.05,GN_lvl0.05_watermarked_image_720_5.png,N:\Desktop\WORKING PAPERS\MVDW-NIKOS-PAPER\Version_22\attacked\720p\watermarked_image_720_5\Filters\GN_lvl0.05_watermarked_image_720_5.png,0,100.0,0.0156,"[0, 2, 2, 5, 6, 4, 3, 2, 0, 0, 4, 5, 1, 2, 6, 3]"
2026-05-19T23:16:50.708491,720p,Filters,gaussian_noise,0.1,GN_lvl0.1_watermarked_image_720_5.png,N:\Desktop\WORKING PAPERS\MVDW-NIKOS-PAPER\Version_22\attacked\720p\watermarked_image_720_5\Filters\GN_lvl0.1_watermarked_image_720_5.png,0,100.0,0.0156,"[0, 2, 2, 5, 6, 4, 3, 2, 0, 0, 4, 5, 1, 2, 6, 3]"
2026-05-19T23:16:51.882779,720p,Filters,gaussian_noise,0.2,GN_lvl0.2_watermarked_image_720_5.png,N:\Desktop\WORKING PAPERS\MVDW-NIKOS-PAPER\Version_22\attacked\720p\watermarked_image_720_5\Filters\GN_lvl0.2_watermarked_image_720_5.png,0,100.0,0.0156,"[0, 2, 2, 5, 6, 4, 3, 2, 0, 0, 4, 5, 1, 2, 6, 3]"
2026-05-19T23:16:53.053651,720p,Filters,gamma,,Gamma_watermarked_image_720_5.png,N:\Desktop\WORKING PAPERS\MVDW-NIKOS-PAPER\Version_22\attacked\720p\watermarked_image_720_5\Filters\Gamma_watermarked_image_720_5.png,0,43.75,0.0868,"[0, 2, 'X', 'X', 'X', 4, 3, 'X', 'X', 'X', 'X', 5, 'X', 'X', 6, 3]"
2026-05-19T23:16:54.269066,720p,Filters,histogram_equalization,,HEQ_watermarked_image_720_5.png,N:\Desktop\WORKING PAPERS\MVDW-NIKOS-PAPER\Version_22\attacked\720p\watermarked_image_720_5\Filters\HEQ_watermarked_image_720_5.png,0,93.75,0.0226,"[0, 2, 2, 5, 6, 4, 3, 2, 0, 0, 4, 5, 'X', 2, 6, 3]"
2026-05-19T23:16:55.466755,720p,Filters,motion_blur,3,MB_k3_watermarked_image_720_5.png,N:\Desktop\WORKING PAPERS\MVDW-NIKOS-PAPER\Version_22\attacked\720p\watermarked_image_720_5\Filters\MB_k3_watermarked_image_720_5.png,0,81.25,0.0243,"[0, 2, 'X', 5, 'X', 4, 3, 2, 0, 0, 4, 5, 'X', 2, 6, 3]"
2026-05-19T23:16:56.644711,720p,Filters,motion_blur,5,MB_k5_watermarked_image_720_5.png,N:\Desktop\WORKING PAPERS\MVDW-NIKOS-PAPER\Version_22\attacked\720p\watermarked_image_720_5\Filters\MB_k5_watermarked_image_720_5.png,0,87.5,0.0226,"[0, 2, 2, 5, 'X', 4, 3, 2, 0, 0, 4, 5, 'X', 2, 6, 3]"
2026-05-19T23:16:57.810092,720p,Filters,motion_blur,7,MB_k7_watermarked_image_720_5.png,N:\Desktop\WORKING PAPERS\MVDW-NIKOS-PAPER\Version_22\attacked\720p\watermarked_image_720_5\Filters\MB_k7_watermarked_image_720_5.png,0,12.5,0.2083,"['X', 'X', 'X', 'X', 6, 'X', 'X', 2, 'X', 'X', 'X', 'X', 'X', 'X', 'X', 'X']"
2026-05-19T23:16:59.002748,720p,Filters,mean_filter,3,MEAN_k3_watermarked_image_720_5.png,N:\Desktop\WORKING PAPERS\MVDW-NIKOS-PAPER\Version_22\attacked\720p\watermarked_image_720_5\Filters\MEAN_k3_watermarked_image_720_5.png,0,25.0,0.1962,"['X', 'X', 'X', 5, 'X', 'X', 'X', 'X', 'X', 0, 4, 5, 'X', 'X', 'X', 'X']"
2026-05-19T23:17:00.196244,720p,Filters,mean_filter,5,MEAN_k5_watermarked_image_720_5.png,N:\Desktop\WORKING PAPERS\MVDW-NIKOS-PAPER\Version_22\attacked\720p\watermarked_image_720_5\Filters\MEAN_k5_watermarked_image_720_5.png,0,18.75,0.2378,"['X', 'X', 'X', 'X', 6, 'X', 'X', 2, 0, 'X', 'X', 'X', 'X', 'X', 'X', 'X']"
2026-05-19T23:17:01.368861,720p,Filters,median_filter,3,MF_k3_watermarked_image_720_5.png,N:\Desktop\WORKING PAPERS\MVDW-NIKOS-PAPER\Version_22\attacked\720p\watermarked_image_720_5\Filters\MF_k3_watermarked_image_720_5.png,0,12.5,0.2865,"['X', 'X', 'X', 'X', 'X', 4, 'X', 2, 'X', 'X', 'X', 'X', 'X', 'X', 'X', 'X']"
2026-05-19T23:17:02.548143,720p,Filters,median_filter,5,MF_k5_watermarked_image_720_5.png,N:\Desktop\WORKING PAPERS\MVDW-NIKOS-PAPER\Version_22\attacked\720p\watermarked_image_720_5\Filters\MF_k5_watermarked_image_720_5.png,0,0.0,0.3681,"['X', 'X', 'X', 'X', 'X', 'X', 'X', 'X', 'X', 'X', 'X', 'X', 'X', 'X', 'X', 'X']"
2026-05-19T23:17:03.692313,720p,Filters,median_filter,7,MF_k7_watermarked_image_720_5.png,N:\Desktop\WORKING PAPERS\MVDW-NIKOS-PAPER\Version_22\attacked\720p\watermarked_image_720_5\Filters\MF_k7_watermarked_image_720_5.png,0,6.25,0.3941,"['X', 'X', 'X', 'X', 'X', 'X', 'X', 'X', 'X', 'X', 'X', 'X', 'X', 'X', 6, 'X']"
2026-05-19T23:17:04.888971,720p,Filters,sharpening,,SHARP_watermarked_image_720_5.png,N:\Desktop\WORKING PAPERS\MVDW-NIKOS-PAPER\Version_22\attacked\720p\watermarked_image_720_5\Filters\SHARP_watermarked_image_720_5.png,0,93.75,0.0139,"[0, 2, 'X', 5, 6, 4, 3, 2, 0, 0, 4, 5, 1, 2, 6, 3]"
2026-05-19T23:17:06.065970,720p,Filters,salt_pepper,0.05,SaP_p0.05_watermarked_image_720_5.png,N:\Desktop\WORKING PAPERS\MVDW-NIKOS-PAPER\Version_22\attacked\720p\watermarked_image_720_5\Filters\SaP_p0.05_watermarked_image_720_5.png,0,25.0,0.2483,"['X', 'X', 'X', 'X', 6, 'X', 'X', 'X', 'X', 'X', 4, 5, 'X', 'X', 'X', 3]"
2026-05-19T23:17:07.225093,720p,Filters,salt_pepper,0.1,SaP_p0.1_watermarked_image_720_5.png,N:\Desktop\WORKING PAPERS\MVDW-NIKOS-PAPER\Version_22\attacked\720p\watermarked_image_720_5\Filters\SaP_p0.1_watermarked_image_720_5.png,0,6.25,0.3576,"['X', 'X', 'X', 'X', 'X', 'X', 'X', 'X', 'X', 'X', 'X', 'X', 'X', 'X', 'X', 3]"
2026-05-19T23:17:08.391044,720p,Filters,salt_pepper,0.2,SaP_p0.2_watermarked_image_720_5.png,N:\Desktop\WORKING PAPERS\MVDW-NIKOS-PAPER\Version_22\attacked\720p\watermarked_image_720_5\Filters\SaP_p0.2_watermarked_image_720_5.png,0,0.0,0.375,"['X', 'X', 'X', 'X', 'X', 'X', 'X', 'X', 'X', 'X', 'X', 'X', 'X', 'X', 'X', 'X']"
2026-05-19T23:17:09.578139,720p,Geometric,horizontal_flip,,HFLIP_watermarked_image_720_5.png,N:\Desktop\WORKING PAPERS\MVDW-NIKOS-PAPER\Version_22\attacked\720p\watermarked_image_720_5\Geometric\HFLIP_watermarked_image_720_5.png,0,0.0,0.3715,"['X', 'X', 'X', 'X', 'X', 'X', 'X', 'X', 'X', 'X', 'X', 'X', 'X', 'X', 'X', 'X']"
2026-05-19T23:17:10.760182,720p,Geometric,rotation,-10,ROT_-10_watermarked_image_720_5.png,N:\Desktop\WORKING PAPERS\MVDW-NIKOS-PAPER\Version_22\attacked\720p\watermarked_image_720_5\Geometric\ROT_-10_watermarked_image_720_5.png,0,12.5,0.3559,"['X', 'X', 'X', 'X', 'X', 4, 'X', 'X', 'X', 'X', 'X', 5, 'X', 'X', 'X', 'X']"
2026-05-19T23:17:11.940626,720p,Geometric,rotation,10,ROT_10_watermarked_image_720_5.png,N:\Desktop\WORKING PAPERS\MVDW-NIKOS-PAPER\Version_22\attacked\720p\watermarked_image_720_5\Geometric\ROT_10_watermarked_image_720_5.png,0,0.0,0.3819,"['X', 'X', 'X', 'X', 'X', 'X', 'X', 'X', 'X', 'X', 'X', 'X', 'X', 'X', 'X', 'X']"
2026-05-19T23:17:13.107337,720p,Geometric,rotation,5,ROT_5_watermarked_image_720_5.png,N:\Desktop\WORKING PAPERS\MVDW-NIKOS-PAPER\Version_22\attacked\720p\watermarked_image_720_5\Geometric\ROT_5_watermarked_image_720_5.png,0,6.25,0.3611,"['X', 'X', 'X', 'X', 'X', 4, 'X', 'X', 'X', 'X', 'X', 'X', 'X', 'X', 'X', 'X']"
2026-05-19T23:17:14.303099,720p,Geometric,translation,x10_y10,TRANS_x10_y10_watermarked_image_720_5.png,N:\Desktop\WORKING PAPERS\MVDW-NIKOS-PAPER\Version_22\attacked\720p\watermarked_image_720_5\Geometric\TRANS_x10_y10_watermarked_image_720_5.png,0,12.5,0.3785,"['X', 'X', 'X', 'X', 'X', 4, 'X', 'X', 'X', 'X', 'X', 5, 'X', 'X', 'X', 'X']"
2026-05-19T23:17:15.493697,720p,Geometric,translation,x5_y5,TRANS_x5_y5_watermarked_image_720_5.png,N:\Desktop\WORKING PAPERS\MVDW-NIKOS-PAPER\Version_22\attacked\720p\watermarked_image_720_5\Geometric\TRANS_x5_y5_watermarked_image_720_5.png,0,6.25,0.2795,"['X', 'X', 'X', 'X', 'X', 'X', 'X', 'X', 0, 'X', 'X', 'X', 'X', 'X', 'X', 'X']"
2026-05-19T23:17:16.639238,720p,Resize,resize,110,RESIZE_110_watermarked_image_720_5.png,N:\Desktop\WORKING PAPERS\MVDW-NIKOS-PAPER\Version_22\attacked\720p\watermarked_image_720_5\Resize\RESIZE_110_watermarked_image_720_5.png,0,87.5,0.0174,"[0, 2, 'X', 5, 6, 4, 3, 2, 0, 0, 4, 5, 'X', 2, 6, 3]"
2026-05-19T23:17:17.791401,720p,Resize,resize,90,RESIZE_90_watermarked_image_720_5.png,N:\Desktop\WORKING PAPERS\MVDW-NIKOS-PAPER\Version_22\attacked\720p\watermarked_image_720_5\Resize\RESIZE_90_watermarked_image_720_5.png,0,50.0,0.0903,"['X', 2, 'X', 'X', 6, 4, 3, 2, 'X', 'X', 4, 5, 'X', 'X', 6, 'X']"
2026-05-19T23:17:19.009183,R,Crops,crop,BothHorizontal_25,Croped_BothHorizontal_25_watermarked_image_R_1.png,N:\Desktop\WORKING PAPERS\MVDW-NIKOS-PAPER\Version_22\attacked\R\watermarked_image_R_1\Crops\Croped_BothHorizontal_25_watermarked_image_R_1.png,0,93.75,0.0174,"[0, 2, 2, 5, 6, 4, 3, 2, 0, 0, 4, 5, 'X', 2, 6, 3]"
2026-05-19T23:17:20.182941,R,Crops,crop,BothHorizontal_50,Croped_BothHorizontal_50_watermarked_image_R_1.png,N:\Desktop\WORKING PAPERS\MVDW-NIKOS-PAPER\Version_22\attacked\R\watermarked_image_R_1\Crops\Croped_BothHorizontal_50_watermarked_image_R_1.png,0,50.0,0.1875,"['X', 'X', 'X', 'X', 6, 4, 3, 2, 0, 0, 4, 5, 'X', 'X', 'X', 'X']"
2026-05-19T23:17:21.353962,R,Crops,crop,BothHorizontal_75,Croped_BothHorizontal_75_watermarked_image_R_1.png,N:\Desktop\WORKING PAPERS\MVDW-NIKOS-PAPER\Version_22\attacked\R\watermarked_image_R_1\Crops\Croped_BothHorizontal_75_watermarked_image_R_1.png,0,31.25,0.2431,"['X', 'X', 'X', 'X', 'X', 'X', 3, 2, 0, 0, 4, 'X', 'X', 'X', 'X', 'X']"
2026-05-19T23:17:22.549721,R,Crops,crop,BothVertical_25,Croped_BothVertical_25_watermarked_image_R_1.png,N:\Desktop\WORKING PAPERS\MVDW-NIKOS-PAPER\Version_22\attacked\R\watermarked_image_R_1\Crops\Croped_BothVertical_25_watermarked_image_R_1.png,0,93.75,0.026,"[0, 2, 2, 5, 6, 4, 3, 2, 0, 0, 4, 5, 'X', 2, 6, 3]"
2026-05-19T23:17:23.712760,R,Crops,crop,BothVertical_50,Croped_BothVertical_50_watermarked_image_R_1.png,N:\Desktop\WORKING PAPERS\MVDW-NIKOS-PAPER\Version_22\attacked\R\watermarked_image_R_1\Crops\Croped_BothVertical_50_watermarked_image_R_1.png,0,50.0,0.1875,"['X', 2, 2, 'X', 'X', 4, 3, 'X', 'X', 0, 4, 'X', 'X', 2, 6, 'X']"
2026-05-19T23:17:24.879146,R,Crops,crop,BothVertical_75,Croped_BothVertical_75_watermarked_image_R_1.png,N:\Desktop\WORKING PAPERS\MVDW-NIKOS-PAPER\Version_22\attacked\R\watermarked_image_R_1\Crops\Croped_BothVertical_75_watermarked_image_R_1.png,0,37.5,0.2378,"['X', 2, 2, 'X', 'X', 4, 'X', 'X', 'X', 0, 'X', 'X', 'X', 2, 6, 'X']"
2026-05-19T23:17:26.086608,R,Crops,crop,Bottom_25,Croped_Bottom_25_watermarked_image_R_1.png,N:\Desktop\WORKING PAPERS\MVDW-NIKOS-PAPER\Version_22\attacked\R\watermarked_image_R_1\Crops\Croped_Bottom_25_watermarked_image_R_1.png,0,75.0,0.0903,"[0, 2, 2, 5, 6, 4, 3, 2, 0, 0, 4, 5, 'X', 'X', 'X', 'X']"
2026-05-19T23:17:27.249045,R,Crops,crop,Bottom_50,Croped_Bottom_50_watermarked_image_R_1.png,N:\Desktop\WORKING PAPERS\MVDW-NIKOS-PAPER\Version_22\attacked\R\watermarked_image_R_1\Crops\Croped_Bottom_50_watermarked_image_R_1.png,0,50.0,0.184,"[0, 2, 2, 5, 6, 4, 3, 2, 'X', 'X', 'X', 'X', 'X', 'X', 'X', 'X']"
2026-05-19T23:17:28.380829,R,Crops,crop,Bottom_75,Croped_Bottom_75_watermarked_image_R_1.png,N:\Desktop\WORKING PAPERS\MVDW-NIKOS-PAPER\Version_22\attacked\R\watermarked_image_R_1\Crops\Croped_Bottom_75_watermarked_image_R_1.png,0,25.0,0.2708,"[0, 2, 2, 5, 'X', 'X', 'X', 'X', 'X', 'X', 'X', 'X', 'X', 'X', 'X', 'X']"
2026-05-19T23:17:29.593975,R,Crops,crop,Left_25,Croped_Left_25_watermarked_image_R_1.png,N:\Desktop\WORKING PAPERS\MVDW-NIKOS-PAPER\Version_22\attacked\R\watermarked_image_R_1\Crops\Croped_Left_25_watermarked_image_R_1.png,0,75.0,0.0903,"['X', 2, 2, 5, 'X', 4, 3, 2, 'X', 0, 4, 5, 'X', 2, 6, 3]"
2026-05-19T23:17:30.783883,R,Crops,crop,Left_50,Croped_Left_50_watermarked_image_R_1.png,N:\Desktop\WORKING PAPERS\MVDW-NIKOS-PAPER\Version_22\attacked\R\watermarked_image_R_1\Crops\Croped_Left_50_watermarked_image_R_1.png,0,50.0,0.184,"['X', 'X', 2, 5, 'X', 'X', 3, 2, 'X', 'X', 4, 5, 'X', 'X', 6, 3]"
2026-05-19T23:17:31.922986,R,Crops,crop,Left_75,Croped_Left_75_watermarked_image_R_1.png,N:\Desktop\WORKING PAPERS\MVDW-NIKOS-PAPER\Version_22\attacked\R\watermarked_image_R_1\Crops\Croped_Left_75_watermarked_image_R_1.png,0,25.0,0.2708,"['X', 'X', 'X', 5, 'X', 'X', 'X', 2, 'X', 'X', 'X', 5, 'X', 'X', 'X', 3]"
2026-05-19T23:17:33.098829,R,Crops,crop,Right_25,Croped_Right_25_watermarked_image_R_1.png,N:\Desktop\WORKING PAPERS\MVDW-NIKOS-PAPER\Version_22\attacked\R\watermarked_image_R_1\Crops\Croped_Right_25_watermarked_image_R_1.png,0,75.0,0.0972,"[0, 2, 2, 'X', 6, 4, 3, 'X', 0, 0, 4, 'X', 1, 2, 6, 'X']"
2026-05-19T23:17:34.250061,R,Crops,crop,Right_50,Croped_Right_50_watermarked_image_R_1.png,N:\Desktop\WORKING PAPERS\MVDW-NIKOS-PAPER\Version_22\attacked\R\watermarked_image_R_1\Crops\Croped_Right_50_watermarked_image_R_1.png,0,50.0,0.184,"[0, 2, 'X', 'X', 6, 4, 'X', 'X', 0, 0, 'X', 'X', 1, 2, 'X', 'X']"
2026-05-19T23:17:35.416548,R,Crops,crop,Right_75,Croped_Right_75_watermarked_image_R_1.png,N:\Desktop\WORKING PAPERS\MVDW-NIKOS-PAPER\Version_22\attacked\R\watermarked_image_R_1\Crops\Croped_Right_75_watermarked_image_R_1.png,0,25.0,0.2778,"[0, 'X', 'X', 'X', 6, 'X', 'X', 'X', 0, 'X', 'X', 'X', 1, 'X', 'X', 'X']"
2026-05-19T23:17:36.591735,R,Crops,crop,Top_25,Croped_Top_25_watermarked_image_R_1.png,N:\Desktop\WORKING PAPERS\MVDW-NIKOS-PAPER\Version_22\attacked\R\watermarked_image_R_1\Crops\Croped_Top_25_watermarked_image_R_1.png,0,75.0,0.0972,"['X', 'X', 'X', 'X', 6, 4, 3, 2, 0, 0, 4, 5, 1, 2, 6, 3]"
2026-05-19T23:17:37.724056,R,Crops,crop,Top_50,Croped_Top_50_watermarked_image_R_1.png,N:\Desktop\WORKING PAPERS\MVDW-NIKOS-PAPER\Version_22\attacked\R\watermarked_image_R_1\Crops\Croped_Top_50_watermarked_image_R_1.png,0,50.0,0.184,"['X', 'X', 'X', 'X', 'X', 'X', 'X', 'X', 0, 0, 4, 5, 1, 2, 6, 3]"
2026-05-19T23:17:38.835412,R,Crops,crop,Top_75,Croped_Top_75_watermarked_image_R_1.png,N:\Desktop\WORKING PAPERS\MVDW-NIKOS-PAPER\Version_22\attacked\R\watermarked_image_R_1\Crops\Croped_Top_75_watermarked_image_R_1.png,0,25.0,0.2778,"['X', 'X', 'X', 'X', 'X', 'X', 'X', 'X', 'X', 'X', 'X', 'X', 1, 2, 6, 3]"
2026-05-19T23:17:40.043998,R,Filters,jpeg,50,Compressed_q50_watermarked_image_R_1.jpg,N:\Desktop\WORKING PAPERS\MVDW-NIKOS-PAPER\Version_22\attacked\R\watermarked_image_R_1\Filters\Compressed_q50_watermarked_image_R_1.jpg,0,18.75,0.3333,"['X', 'X', 'X', 'X', 'X', 'X', 3, 'X', 'X', 'X', 'X', 'X', 1, 'X', 6, 'X']"
2026-05-19T23:17:41.271088,R,Filters,jpeg,70,Compressed_q70_watermarked_image_R_1.jpg,N:\Desktop\WORKING PAPERS\MVDW-NIKOS-PAPER\Version_22\attacked\R\watermarked_image_R_1\Filters\Compressed_q70_watermarked_image_R_1.jpg,0,18.75,0.2951,"['X', 'X', 2, 5, 'X', 'X', 'X', 2, 'X', 'X', 'X', 'X', 'X', 'X', 'X', 'X']"
2026-05-19T23:17:42.465796,R,Filters,jpeg,90,Compressed_q90_watermarked_image_R_1.jpg,N:\Desktop\WORKING PAPERS\MVDW-NIKOS-PAPER\Version_22\attacked\R\watermarked_image_R_1\Filters\Compressed_q90_watermarked_image_R_1.jpg,0,56.25,0.0868,"[0, 2, 'X', 5, 'X', 'X', 3, 2, 'X', 0, 'X', 'X', 1, 2, 6, 'X']"
2026-05-19T23:17:43.654937,R,Filters,gaussian_blur,3,GB_k3_watermarked_image_R_1.png,N:\Desktop\WORKING PAPERS\MVDW-NIKOS-PAPER\Version_22\attacked\R\watermarked_image_R_1\Filters\GB_k3_watermarked_image_R_1.png,0,25.0,0.3142,"['X', 2, 'X', 5, 'X', 'X', 3, 'X', 'X', 'X', 'X', 'X', 'X', 'X', 'X', 3]"
2026-05-19T23:17:44.868076,R,Filters,gaussian_blur,5,GB_k5_watermarked_image_R_1.png,N:\Desktop\WORKING PAPERS\MVDW-NIKOS-PAPER\Version_22\attacked\R\watermarked_image_R_1\Filters\GB_k5_watermarked_image_R_1.png,0,12.5,0.2969,"['X', 'X', 'X', 'X', 'X', 'X', 3, 'X', 'X', 'X', 'X', 'X', 'X', 'X', 'X', 3]"
2026-05-19T23:17:46.096335,R,Filters,gaussian_blur,7,GB_k7_watermarked_image_R_1.png,N:\Desktop\WORKING PAPERS\MVDW-NIKOS-PAPER\Version_22\attacked\R\watermarked_image_R_1\Filters\GB_k7_watermarked_image_R_1.png,0,18.75,0.2812,"['X', 2, 'X', 'X', 'X', 'X', 'X', 'X', 'X', 'X', 4, 5, 'X', 'X', 'X', 'X']"
2026-05-19T23:17:47.316982,R,Filters,gaussian_noise,0.05,GN_lvl0.05_watermarked_image_R_1.png,N:\Desktop\WORKING PAPERS\MVDW-NIKOS-PAPER\Version_22\attacked\R\watermarked_image_R_1\Filters\GN_lvl0.05_watermarked_image_R_1.png,0,100.0,0.0,"[0, 2, 2, 5, 6, 4, 3, 2, 0, 0, 4, 5, 1, 2, 6, 3]"
2026-05-19T23:17:48.546930,R,Filters,gaussian_noise,0.1,GN_lvl0.1_watermarked_image_R_1.png,N:\Desktop\WORKING PAPERS\MVDW-NIKOS-PAPER\Version_22\attacked\R\watermarked_image_R_1\Filters\GN_lvl0.1_watermarked_image_R_1.png,0,100.0,0.0,"[0, 2, 2, 5, 6, 4, 3, 2, 0, 0, 4, 5, 1, 2, 6, 3]"
2026-05-19T23:17:49.746530,R,Filters,gaussian_noise,0.2,GN_lvl0.2_watermarked_image_R_1.png,N:\Desktop\WORKING PAPERS\MVDW-NIKOS-PAPER\Version_22\attacked\R\watermarked_image_R_1\Filters\GN_lvl0.2_watermarked_image_R_1.png,0,100.0,0.0,"[0, 2, 2, 5, 6, 4, 3, 2, 0, 0, 4, 5, 1, 2, 6, 3]"
2026-05-19T23:17:50.990089,R,Filters,gamma,,Gamma_watermarked_image_R_1.png,N:\Desktop\WORKING PAPERS\MVDW-NIKOS-PAPER\Version_22\attacked\R\watermarked_image_R_1\Filters\Gamma_watermarked_image_R_1.png,0,75.0,0.0243,"[0, 'X', 2, 5, 6, 4, 3, 2, 0, 0, 'X', 5, 'X', 2, 6, 'X']"
2026-05-19T23:17:52.178591,R,Filters,histogram_equalization,,HEQ_watermarked_image_R_1.png,N:\Desktop\WORKING PAPERS\MVDW-NIKOS-PAPER\Version_22\attacked\R\watermarked_image_R_1\Filters\HEQ_watermarked_image_R_1.png,0,100.0,0.0,"[0, 2, 2, 5, 6, 4, 3, 2, 0, 0, 4, 5, 1, 2, 6, 3]"
2026-05-19T23:17:53.373877,R,Filters,motion_blur,3,MB_k3_watermarked_image_R_1.png,N:\Desktop\WORKING PAPERS\MVDW-NIKOS-PAPER\Version_22\attacked\R\watermarked_image_R_1\Filters\MB_k3_watermarked_image_R_1.png,0,93.75,0.0174,"[0, 2, 2, 5, 6, 4, 3, 2, 0, 0, 4, 5, 'X', 2, 6, 3]"
2026-05-19T23:17:54.557994,R,Filters,motion_blur,5,MB_k5_watermarked_image_R_1.png,N:\Desktop\WORKING PAPERS\MVDW-NIKOS-PAPER\Version_22\attacked\R\watermarked_image_R_1\Filters\MB_k5_watermarked_image_R_1.png,0,87.5,0.0122,"[0, 2, 2, 5, 6, 4, 3, 2, 0, 0, 4, 5, 'X', 2, 6, 'X']"
2026-05-19T23:17:55.782195,R,Filters,motion_blur,7,MB_k7_watermarked_image_R_1.png,N:\Desktop\WORKING PAPERS\MVDW-NIKOS-PAPER\Version_22\attacked\R\watermarked_image_R_1\Filters\MB_k7_watermarked_image_R_1.png,0,37.5,0.2205,"['X', 2, 'X', 5, 'X', 'X', 3, 'X', 0, 0, 4, 'X', 'X', 'X', 'X', 'X']"
2026-05-19T23:17:56.986056,R,Filters,mean_filter,3,MEAN_k3_watermarked_image_R_1.png,N:\Desktop\WORKING PAPERS\MVDW-NIKOS-PAPER\Version_22\attacked\R\watermarked_image_R_1\Filters\MEAN_k3_watermarked_image_R_1.png,0,81.25,0.0365,"[0, 2, 2, 5, 'X', 4, 3, 2, 0, 0, 'X', 5, 'X', 2, 6, 3]"
2026-05-19T23:17:58.169579,R,Filters,mean_filter,5,MEAN_k5_watermarked_image_R_1.png,N:\Desktop\WORKING PAPERS\MVDW-NIKOS-PAPER\Version_22\attacked\R\watermarked_image_R_1\Filters\MEAN_k5_watermarked_image_R_1.png,0,25.0,0.1701,"['X', 2, 'X', 'X', 6, 'X', 'X', 'X', 0, 'X', 'X', 5, 'X', 'X', 'X', 'X']"
2026-05-19T23:17:59.348087,R,Filters,median_filter,3,MF_k3_watermarked_image_R_1.png,N:\Desktop\WORKING PAPERS\MVDW-NIKOS-PAPER\Version_22\attacked\R\watermarked_image_R_1\Filters\MF_k3_watermarked_image_R_1.png,0,75.0,0.0208,"[0, 'X', 2, 5, 6, 4, 'X', 2, 0, 0, 4, 5, 'X', 2, 6, 'X']"
2026-05-19T23:18:00.580418,R,Filters,median_filter,5,MF_k5_watermarked_image_R_1.png,N:\Desktop\WORKING PAPERS\MVDW-NIKOS-PAPER\Version_22\attacked\R\watermarked_image_R_1\Filters\MF_k5_watermarked_image_R_1.png,0,56.25,0.0712,"[0, 'X', 2, 'X', 6, 4, 'X', 2, 0, 0, 4, 'X', 'X', 'X', 'X', 3]"
2026-05-19T23:18:01.780166,R,Filters,median_filter,7,MF_k7_watermarked_image_R_1.png,N:\Desktop\WORKING PAPERS\MVDW-NIKOS-PAPER\Version_22\attacked\R\watermarked_image_R_1\Filters\MF_k7_watermarked_image_R_1.png,0,50.0,0.2812,"[0, 2, 2, 5, 'X', 'X', 3, 2, 'X', 'X', 4, 5, 'X', 'X', 'X', 'X']"
2026-05-19T23:18:02.978191,R,Filters,sharpening,,SHARP_watermarked_image_R_1.png,N:\Desktop\WORKING PAPERS\MVDW-NIKOS-PAPER\Version_22\attacked\R\watermarked_image_R_1\Filters\SHARP_watermarked_image_R_1.png,0,100.0,0.0,"[0, 2, 2, 5, 6, 4, 3, 2, 0, 0, 4, 5, 1, 2, 6, 3]"
2026-05-19T23:18:04.162032,R,Filters,salt_pepper,0.05,SaP_p0.05_watermarked_image_R_1.png,N:\Desktop\WORKING PAPERS\MVDW-NIKOS-PAPER\Version_22\attacked\R\watermarked_image_R_1\Filters\SaP_p0.05_watermarked_image_R_1.png,0,18.75,0.2743,"['X', 'X', 'X', 'X', 'X', 'X', 'X', 2, 'X', 'X', 'X', 'X', 'X', 'X', 6, 3]"
2026-05-19T23:18:05.375733,R,Filters,salt_pepper,0.1,SaP_p0.1_watermarked_image_R_1.png,N:\Desktop\WORKING PAPERS\MVDW-NIKOS-PAPER\Version_22\attacked\R\watermarked_image_R_1\Filters\SaP_p0.1_watermarked_image_R_1.png,0,12.5,0.3351,"['X', 'X', 'X', 'X', 'X', 'X', 'X', 'X', 'X', 'X', 4, 5, 'X', 'X', 'X', 'X']"
2026-05-19T23:18:06.617703,R,Filters,salt_pepper,0.2,SaP_p0.2_watermarked_image_R_1.png,N:\Desktop\WORKING PAPERS\MVDW-NIKOS-PAPER\Version_22\attacked\R\watermarked_image_R_1\Filters\SaP_p0.2_watermarked_image_R_1.png,0,18.75,0.3316,"['X', 'X', 'X', 'X', 'X', 4, 3, 'X', 'X', 'X', 'X', 'X', 'X', 'X', 'X', 3]"
2026-05-19T23:18:07.804311,R,Geometric,horizontal_flip,,HFLIP_watermarked_image_R_1.png,N:\Desktop\WORKING PAPERS\MVDW-NIKOS-PAPER\Version_22\attacked\R\watermarked_image_R_1\Geometric\HFLIP_watermarked_image_R_1.png,0,18.75,0.3368,"['X', 2, 'X', 5, 'X', 'X', 'X', 'X', 'X', 'X', 'X', 'X', 'X', 'X', 'X', 3]"
2026-05-19T23:18:08.990458,R,Geometric,rotation,-10,ROT_-10_watermarked_image_R_1.png,N:\Desktop\WORKING PAPERS\MVDW-NIKOS-PAPER\Version_22\attacked\R\watermarked_image_R_1\Geometric\ROT_-10_watermarked_image_R_1.png,0,12.5,0.3108,"['X', 'X', 'X', 'X', 'X', 4, 'X', 'X', 'X', 'X', 'X', 'X', 'X', 'X', 6, 'X']"
2026-05-19T23:18:10.191776,R,Geometric,rotation,10,ROT_10_watermarked_image_R_1.png,N:\Desktop\WORKING PAPERS\MVDW-NIKOS-PAPER\Version_22\attacked\R\watermarked_image_R_1\Geometric\ROT_10_watermarked_image_R_1.png,0,12.5,0.2969,"['X', 2, 'X', 'X', 'X', 'X', 'X', 'X', 'X', 'X', 'X', 'X', 'X', 'X', 6, 'X']"
2026-05-19T23:18:11.429244,R,Geometric,rotation,5,ROT_5_watermarked_image_R_1.png,N:\Desktop\WORKING PAPERS\MVDW-NIKOS-PAPER\Version_22\attacked\R\watermarked_image_R_1\Geometric\ROT_5_watermarked_image_R_1.png,0,37.5,0.3403,"['X', 2, 'X', 'X', 'X', 'X', 3, 'X', 0, 'X', 4, 'X', 'X', 2, 6, 'X']"
2026-05-19T23:18:12.636751,R,Geometric,translation,x10_y10,TRANS_x10_y10_watermarked_image_R_1.png,N:\Desktop\WORKING PAPERS\MVDW-NIKOS-PAPER\Version_22\attacked\R\watermarked_image_R_1\Geometric\TRANS_x10_y10_watermarked_image_R_1.png,0,18.75,0.3299,"['X', 'X', 'X', 'X', 'X', 4, 'X', 2, 'X', 'X', 'X', 5, 'X', 'X', 'X', 'X']"
2026-05-19T23:18:13.841237,R,Geometric,translation,x5_y5,TRANS_x5_y5_watermarked_image_R_1.png,N:\Desktop\WORKING PAPERS\MVDW-NIKOS-PAPER\Version_22\attacked\R\watermarked_image_R_1\Geometric\TRANS_x5_y5_watermarked_image_R_1.png,0,12.5,0.276,"[0, 'X', 'X', 'X', 'X', 4, 'X', 'X', 'X', 'X', 'X', 'X', 'X', 'X', 'X', 'X']"
2026-05-19T23:18:15.045053,R,Resize,resize,110,RESIZE_110_watermarked_image_R_1.png,N:\Desktop\WORKING PAPERS\MVDW-NIKOS-PAPER\Version_22\attacked\R\watermarked_image_R_1\Resize\RESIZE_110_watermarked_image_R_1.png,0,93.75,0.0017,"[0, 2, 2, 5, 6, 4, 3, 2, 0, 0, 4, 5, 1, 2, 6, 'X']"
2026-05-19T23:18:16.282144,R,Resize,resize,90,RESIZE_90_watermarked_image_R_1.png,N:\Desktop\WORKING PAPERS\MVDW-NIKOS-PAPER\Version_22\attacked\R\watermarked_image_R_1\Resize\RESIZE_90_watermarked_image_R_1.png,0,31.25,0.1406,"['X', 2, 'X', 'X', 6, 'X', 'X', 'X', 'X', 0, 'X', 'X', 'X', 'X', 6, 3]"
2026-05-19T23:18:18.650886,R,Crops,crop,BothHorizontal_25,Croped_BothHorizontal_25_watermarked_image_R_2.png,N:\Desktop\WORKING PAPERS\MVDW-NIKOS-PAPER\Version_22\attacked\R\watermarked_image_R_2\Crops\Croped_BothHorizontal_25_watermarked_image_R_2.png,0,75.0,0.0972,"['X', 2, 'X', 'X', 6, 4, 3, 2, 0, 0, 4, 5, 'X', 2, 6, 3]"
2026-05-19T23:18:20.926527,R,Crops,crop,BothHorizontal_50,Croped_BothHorizontal_50_watermarked_image_R_2.png,N:\Desktop\WORKING PAPERS\MVDW-NIKOS-PAPER\Version_22\attacked\R\watermarked_image_R_2\Crops\Croped_BothHorizontal_50_watermarked_image_R_2.png,0,50.0,0.1875,"['X', 'X', 'X', 'X', 6, 4, 3, 2, 0, 0, 4, 5, 'X', 'X', 'X', 'X']"
2026-05-19T23:18:23.120329,R,Crops,crop,BothHorizontal_75,Croped_BothHorizontal_75_watermarked_image_R_2.png,N:\Desktop\WORKING PAPERS\MVDW-NIKOS-PAPER\Version_22\attacked\R\watermarked_image_R_2\Crops\Croped_BothHorizontal_75_watermarked_image_R_2.png,0,18.75,0.2726,"['X', 'X', 'X', 'X', 'X', 'X', 'X', 'X', 0, 0, 'X', 5, 'X', 'X', 'X', 'X']"
2026-05-19T23:18:25.509124,R,Crops,crop,BothVertical_25,Croped_BothVertical_25_watermarked_image_R_2.png,N:\Desktop\WORKING PAPERS\MVDW-NIKOS-PAPER\Version_22\attacked\R\watermarked_image_R_2\Crops\Croped_BothVertical_25_watermarked_image_R_2.png,0,81.25,0.0694,"[0, 2, 2, 5, 6, 4, 3, 2, 'X', 0, 4, 'X', 'X', 2, 6, 3]"
2026-05-19T23:18:27.789250,R,Crops,crop,BothVertical_50,Croped_BothVertical_50_watermarked_image_R_2.png,N:\Desktop\WORKING PAPERS\MVDW-NIKOS-PAPER\Version_22\attacked\R\watermarked_image_R_2\Crops\Croped_BothVertical_50_watermarked_image_R_2.png,0,50.0,0.1875,"['X', 2, 2, 'X', 'X', 4, 3, 'X', 'X', 0, 4, 'X', 'X', 2, 6, 'X']"
2026-05-19T23:18:29.959625,R,Crops,crop,BothVertical_75,Croped_BothVertical_75_watermarked_image_R_2.png,N:\Desktop\WORKING PAPERS\MVDW-NIKOS-PAPER\Version_22\attacked\R\watermarked_image_R_2\Crops\Croped_BothVertical_75_watermarked_image_R_2.png,0,12.5,0.3194,"['X', 'X', 'X', 'X', 'X', 'X', 3, 'X', 'X', 'X', 4, 'X', 'X', 'X', 'X', 'X']"
2026-05-19T23:18:32.336195,R,Crops,crop,Bottom_25,Croped_Bottom_25_watermarked_image_R_2.png,N:\Desktop\WORKING PAPERS\MVDW-NIKOS-PAPER\Version_22\attacked\R\watermarked_image_R_2\Crops\Croped_Bottom_25_watermarked_image_R_2.png,0,75.0,0.0903,"[0, 2, 2, 5, 6, 4, 3, 2, 0, 0, 4, 5, 'X', 'X', 'X', 'X']"
2026-05-19T23:18:34.583870,R,Crops,crop,Bottom_50,Croped_Bottom_50_watermarked_image_R_2.png,N:\Desktop\WORKING PAPERS\MVDW-NIKOS-PAPER\Version_22\attacked\R\watermarked_image_R_2\Crops\Croped_Bottom_50_watermarked_image_R_2.png,0,50.0,0.184,"[0, 2, 2, 5, 6, 4, 3, 2, 'X', 'X', 'X', 'X', 'X', 'X', 'X', 'X']"
2026-05-19T23:18:36.880459,R,Crops,crop,Bottom_75,Croped_Bottom_75_watermarked_image_R_2.png,N:\Desktop\WORKING PAPERS\MVDW-NIKOS-PAPER\Version_22\attacked\R\watermarked_image_R_2\Crops\Croped_Bottom_75_watermarked_image_R_2.png,0,25.0,0.2708,"[0, 2, 2, 5, 'X', 'X', 'X', 'X', 'X', 'X', 'X', 'X', 'X', 'X', 'X', 'X']"
2026-05-19T23:18:39.234489,R,Crops,crop,Left_25,Croped_Left_25_watermarked_image_R_2.png,N:\Desktop\WORKING PAPERS\MVDW-NIKOS-PAPER\Version_22\attacked\R\watermarked_image_R_2\Crops\Croped_Left_25_watermarked_image_R_2.png,0,75.0,0.0903,"['X', 2, 2, 5, 'X', 4, 3, 2, 'X', 0, 4, 5, 'X', 2, 6, 3]"
2026-05-19T23:18:41.562732,R,Crops,crop,Left_50,Croped_Left_50_watermarked_image_R_2.png,N:\Desktop\WORKING PAPERS\MVDW-NIKOS-PAPER\Version_22\attacked\R\watermarked_image_R_2\Crops\Croped_Left_50_watermarked_image_R_2.png,0,50.0,0.184,"['X', 'X', 2, 5, 'X', 'X', 3, 2, 'X', 'X', 4, 5, 'X', 'X', 6, 3]"
2026-05-19T23:18:43.779858,R,Crops,crop,Left_75,Croped_Left_75_watermarked_image_R_2.png,N:\Desktop\WORKING PAPERS\MVDW-NIKOS-PAPER\Version_22\attacked\R\watermarked_image_R_2\Crops\Croped_Left_75_watermarked_image_R_2.png,0,25.0,0.2708,"['X', 'X', 'X', 5, 'X', 'X', 'X', 2, 'X', 'X', 'X', 5, 'X', 'X', 'X', 3]"
2026-05-19T23:18:46.134897,R,Crops,crop,Right_25,Croped_Right_25_watermarked_image_R_2.png,N:\Desktop\WORKING PAPERS\MVDW-NIKOS-PAPER\Version_22\attacked\R\watermarked_image_R_2\Crops\Croped_Right_25_watermarked_image_R_2.png,0,75.0,0.0972,"[0, 2, 2, 'X', 6, 4, 3, 'X', 0, 0, 4, 'X', 1, 2, 6, 'X']"
2026-05-19T23:18:48.399671,R,Crops,crop,Right_50,Croped_Right_50_watermarked_image_R_2.png,N:\Desktop\WORKING PAPERS\MVDW-NIKOS-PAPER\Version_22\attacked\R\watermarked_image_R_2\Crops\Croped_Right_50_watermarked_image_R_2.png,0,50.0,0.184,"[0, 2, 'X', 'X', 6, 4, 'X', 'X', 0, 0, 'X', 'X', 1, 2, 'X', 'X']"
2026-05-19T23:18:50.569989,R,Crops,crop,Right_75,Croped_Right_75_watermarked_image_R_2.png,N:\Desktop\WORKING PAPERS\MVDW-NIKOS-PAPER\Version_22\attacked\R\watermarked_image_R_2\Crops\Croped_Right_75_watermarked_image_R_2.png,0,25.0,0.2778,"[0, 'X', 'X', 'X', 6, 'X', 'X', 'X', 0, 'X', 'X', 'X', 1, 'X', 'X', 'X']"
2026-05-19T23:18:52.954357,R,Crops,crop,Top_25,Croped_Top_25_watermarked_image_R_2.png,N:\Desktop\WORKING PAPERS\MVDW-NIKOS-PAPER\Version_22\attacked\R\watermarked_image_R_2\Crops\Croped_Top_25_watermarked_image_R_2.png,0,75.0,0.0972,"['X', 'X', 'X', 'X', 6, 4, 3, 2, 0, 0, 4, 5, 1, 2, 6, 3]"
2026-05-19T23:18:55.219937,R,Crops,crop,Top_50,Croped_Top_50_watermarked_image_R_2.png,N:\Desktop\WORKING PAPERS\MVDW-NIKOS-PAPER\Version_22\attacked\R\watermarked_image_R_2\Crops\Croped_Top_50_watermarked_image_R_2.png,0,50.0,0.184,"['X', 'X', 'X', 'X', 'X', 'X', 'X', 'X', 0, 0, 4, 5, 1, 2, 6, 3]"
2026-05-19T23:18:57.453748,R,Crops,crop,Top_75,Croped_Top_75_watermarked_image_R_2.png,N:\Desktop\WORKING PAPERS\MVDW-NIKOS-PAPER\Version_22\attacked\R\watermarked_image_R_2\Crops\Croped_Top_75_watermarked_image_R_2.png,0,25.0,0.2778,"['X', 'X', 'X', 'X', 'X', 'X', 'X', 'X', 'X', 'X', 'X', 'X', 1, 2, 6, 3]"
2026-05-19T23:18:59.835721,R,Filters,jpeg,50,Compressed_q50_watermarked_image_R_2.jpg,N:\Desktop\WORKING PAPERS\MVDW-NIKOS-PAPER\Version_22\attacked\R\watermarked_image_R_2\Filters\Compressed_q50_watermarked_image_R_2.jpg,0,0.0,0.3316,"['X', 'X', 'X', 'X', 'X', 'X', 'X', 'X', 'X', 'X', 'X', 'X', 'X', 'X', 'X', 'X']"
2026-05-19T23:19:02.267317,R,Filters,jpeg,70,Compressed_q70_watermarked_image_R_2.jpg,N:\Desktop\WORKING PAPERS\MVDW-NIKOS-PAPER\Version_22\attacked\R\watermarked_image_R_2\Filters\Compressed_q70_watermarked_image_R_2.jpg,0,6.25,0.3993,"['X', 'X', 'X', 'X', 'X', 'X', 'X', 'X', 'X', 'X', 'X', 'X', 'X', 'X', 6, 'X']"
2026-05-19T23:19:04.684385,R,Filters,jpeg,90,Compressed_q90_watermarked_image_R_2.jpg,N:\Desktop\WORKING PAPERS\MVDW-NIKOS-PAPER\Version_22\attacked\R\watermarked_image_R_2\Filters\Compressed_q90_watermarked_image_R_2.jpg,0,87.5,0.0139,"[0, 2, 2, 5, 'X', 4, 3, 2, 0, 0, 4, 'X', 1, 2, 6, 3]"
2026-05-19T23:19:07.135394,R,Filters,gaussian_blur,3,GB_k3_watermarked_image_R_2.png,N:\Desktop\WORKING PAPERS\MVDW-NIKOS-PAPER\Version_22\attacked\R\watermarked_image_R_2\Filters\GB_k3_watermarked_image_R_2.png,0,6.25,0.3767,"['X', 'X', 'X', 5, 'X', 'X', 'X', 'X', 'X', 'X', 'X', 'X', 'X', 'X', 'X', 'X']"
2026-05-19T23:19:09.555995,R,Filters,gaussian_blur,5,GB_k5_watermarked_image_R_2.png,N:\Desktop\WORKING PAPERS\MVDW-NIKOS-PAPER\Version_22\attacked\R\watermarked_image_R_2\Filters\GB_k5_watermarked_image_R_2.png,0,6.25,0.3733,"['X', 'X', 'X', 5, 'X', 'X', 'X', 'X', 'X', 'X', 'X', 'X', 'X', 'X', 'X', 'X']"
2026-05-19T23:19:11.996113,R,Filters,gaussian_blur,7,GB_k7_watermarked_image_R_2.png,N:\Desktop\WORKING PAPERS\MVDW-NIKOS-PAPER\Version_22\attacked\R\watermarked_image_R_2\Filters\GB_k7_watermarked_image_R_2.png,0,0.0,0.3837,"['X', 'X', 'X', 'X', 'X', 'X', 'X', 'X', 'X', 'X', 'X', 'X', 'X', 'X', 'X', 'X']"
2026-05-19T23:19:14.452123,R,Filters,gaussian_noise,0.05,GN_lvl0.05_watermarked_image_R_2.png,N:\Desktop\WORKING PAPERS\MVDW-NIKOS-PAPER\Version_22\attacked\R\watermarked_image_R_2\Filters\GN_lvl0.05_watermarked_image_R_2.png,0,100.0,0.0,"[0, 2, 2, 5, 6, 4, 3, 2, 0, 0, 4, 5, 1, 2, 6, 3]"
2026-05-19T23:19:16.919924,R,Filters,gaussian_noise,0.1,GN_lvl0.1_watermarked_image_R_2.png,N:\Desktop\WORKING PAPERS\MVDW-NIKOS-PAPER\Version_22\attacked\R\watermarked_image_R_2\Filters\GN_lvl0.1_watermarked_image_R_2.png,0,100.0,0.0,"[0, 2, 2, 5, 6, 4, 3, 2, 0, 0, 4, 5, 1, 2, 6, 3]"
2026-05-19T23:19:19.357171,R,Filters,gaussian_noise,0.2,GN_lvl0.2_watermarked_image_R_2.png,N:\Desktop\WORKING PAPERS\MVDW-NIKOS-PAPER\Version_22\attacked\R\watermarked_image_R_2\Filters\GN_lvl0.2_watermarked_image_R_2.png,0,100.0,0.0,"[0, 2, 2, 5, 6, 4, 3, 2, 0, 0, 4, 5, 1, 2, 6, 3]"
2026-05-19T23:19:21.684235,R,Filters,gamma,,Gamma_watermarked_image_R_2.png,N:\Desktop\WORKING PAPERS\MVDW-NIKOS-PAPER\Version_22\attacked\R\watermarked_image_R_2\Filters\Gamma_watermarked_image_R_2.png,0,56.25,0.1545,"['X', 2, 'X', 'X', 6, 4, 'X', 2, 0, 0, 4, 'X', 'X', 2, 'X', 3]"
2026-05-19T23:19:24.163011,R,Filters,histogram_equalization,,HEQ_watermarked_image_R_2.png,N:\Desktop\WORKING PAPERS\MVDW-NIKOS-PAPER\Version_22\attacked\R\watermarked_image_R_2\Filters\HEQ_watermarked_image_R_2.png,0,100.0,0.0,"[0, 2, 2, 5, 6, 4, 3, 2, 0, 0, 4, 5, 1, 2, 6, 3]"
2026-05-19T23:19:26.613542,R,Filters,motion_blur,3,MB_k3_watermarked_image_R_2.png,N:\Desktop\WORKING PAPERS\MVDW-NIKOS-PAPER\Version_22\attacked\R\watermarked_image_R_2\Filters\MB_k3_watermarked_image_R_2.png,0,100.0,0.0,"[0, 2, 2, 5, 6, 4, 3, 2, 0, 0, 4, 5, 1, 2, 6, 3]"
2026-05-19T23:19:29.059721,R,Filters,motion_blur,5,MB_k5_watermarked_image_R_2.png,N:\Desktop\WORKING PAPERS\MVDW-NIKOS-PAPER\Version_22\attacked\R\watermarked_image_R_2\Filters\MB_k5_watermarked_image_R_2.png,0,100.0,0.0,"[0, 2, 2, 5, 6, 4, 3, 2, 0, 0, 4, 5, 1, 2, 6, 3]"
2026-05-19T23:19:31.566560,R,Filters,motion_blur,7,MB_k7_watermarked_image_R_2.png,N:\Desktop\WORKING PAPERS\MVDW-NIKOS-PAPER\Version_22\attacked\R\watermarked_image_R_2\Filters\MB_k7_watermarked_image_R_2.png,0,100.0,0.0087,"[0, 2, 2, 5, 6, 4, 3, 2, 0, 0, 4, 5, 1, 2, 6, 3]"
2026-05-19T23:19:34.056683,R,Filters,mean_filter,3,MEAN_k3_watermarked_image_R_2.png,N:\Desktop\WORKING PAPERS\MVDW-NIKOS-PAPER\Version_22\attacked\R\watermarked_image_R_2\Filters\MEAN_k3_watermarked_image_R_2.png,0,81.25,0.0226,"[0, 2, 2, 5, 'X', 4, 3, 'X', 0, 0, 4, 5, 1, 'X', 6, 3]"
2026-05-19T23:19:36.517890,R,Filters,mean_filter,5,MEAN_k5_watermarked_image_R_2.png,N:\Desktop\WORKING PAPERS\MVDW-NIKOS-PAPER\Version_22\attacked\R\watermarked_image_R_2\Filters\MEAN_k5_watermarked_image_R_2.png,0,81.25,0.026,"[0, 'X', 2, 5, 'X', 4, 3, 'X', 0, 0, 4, 5, 1, 2, 6, 3]"
2026-05-19T23:19:38.976033,R,Filters,median_filter,3,MF_k3_watermarked_image_R_2.png,N:\Desktop\WORKING PAPERS\MVDW-NIKOS-PAPER\Version_22\attacked\R\watermarked_image_R_2\Filters\MF_k3_watermarked_image_R_2.png,0,93.75,0.0035,"[0, 2, 2, 5, 6, 'X', 3, 2, 0, 0, 4, 5, 1, 2, 6, 3]"
2026-05-19T23:19:41.447549,R,Filters,median_filter,5,MF_k5_watermarked_image_R_2.png,N:\Desktop\WORKING PAPERS\MVDW-NIKOS-PAPER\Version_22\attacked\R\watermarked_image_R_2\Filters\MF_k5_watermarked_image_R_2.png,0,56.25,0.0729,"[0, 'X', 'X', 5, 6, 'X', 3, 2, 0, 'X', 'X', 5, 1, 2, 'X', 'X']"
2026-05-19T23:19:43.946764,R,Filters,median_filter,7,MF_k7_watermarked_image_R_2.png,N:\Desktop\WORKING PAPERS\MVDW-NIKOS-PAPER\Version_22\attacked\R\watermarked_image_R_2\Filters\MF_k7_watermarked_image_R_2.png,0,56.25,0.0972,"[0, 'X', 'X', 5, 6, 'X', 3, 'X', 0, 0, 'X', 5, 'X', 2, 6, 'X']"
2026-05-19T23:19:46.429936,R,Filters,sharpening,,SHARP_watermarked_image_R_2.png,N:\Desktop\WORKING PAPERS\MVDW-NIKOS-PAPER\Version_22\attacked\R\watermarked_image_R_2\Filters\SHARP_watermarked_image_R_2.png,0,100.0,0.0,"[0, 2, 2, 5, 6, 4, 3, 2, 0, 0, 4, 5, 1, 2, 6, 3]"
2026-05-19T23:19:48.952778,R,Filters,salt_pepper,0.05,SaP_p0.05_watermarked_image_R_2.png,N:\Desktop\WORKING PAPERS\MVDW-NIKOS-PAPER\Version_22\attacked\R\watermarked_image_R_2\Filters\SaP_p0.05_watermarked_image_R_2.png,0,6.25,0.3142,"['X', 'X', 'X', 'X', 6, 'X', 'X', 'X', 'X', 'X', 'X', 'X', 'X', 'X', 'X', 'X']"
2026-05-19T23:19:51.429588,R,Filters,salt_pepper,0.1,SaP_p0.1_watermarked_image_R_2.png,N:\Desktop\WORKING PAPERS\MVDW-NIKOS-PAPER\Version_22\attacked\R\watermarked_image_R_2\Filters\SaP_p0.1_watermarked_image_R_2.png,0,6.25,0.3403,"['X', 'X', 'X', 'X', 'X', 'X', 'X', 2, 'X', 'X', 'X', 'X', 'X', 'X', 'X', 'X']"
2026-05-19T23:19:53.940862,R,Filters,salt_pepper,0.2,SaP_p0.2_watermarked_image_R_2.png,N:\Desktop\WORKING PAPERS\MVDW-NIKOS-PAPER\Version_22\attacked\R\watermarked_image_R_2\Filters\SaP_p0.2_watermarked_image_R_2.png,0,0.0,0.342,"['X', 'X', 'X', 'X', 'X', 'X', 'X', 'X', 'X', 'X', 'X', 'X', 'X', 'X', 'X', 'X']"
2026-05-19T23:19:56.386865,R,Geometric,horizontal_flip,,HFLIP_watermarked_image_R_2.png,N:\Desktop\WORKING PAPERS\MVDW-NIKOS-PAPER\Version_22\attacked\R\watermarked_image_R_2\Geometric\HFLIP_watermarked_image_R_2.png,0,0.0,0.3368,"['X', 'X', 'X', 'X', 'X', 'X', 'X', 'X', 'X', 'X', 'X', 'X', 'X', 'X', 'X', 'X']"
2026-05-19T23:19:58.860454,R,Geometric,rotation,-10,ROT_-10_watermarked_image_R_2.png,N:\Desktop\WORKING PAPERS\MVDW-NIKOS-PAPER\Version_22\attacked\R\watermarked_image_R_2\Geometric\ROT_-10_watermarked_image_R_2.png,0,6.25,0.375,"['X', 'X', 'X', 'X', 'X', 'X', 'X', 'X', 'X', 'X', 'X', 'X', 'X', 'X', 'X', 3]"
2026-05-19T23:20:01.308479,R,Geometric,rotation,10,ROT_10_watermarked_image_R_2.png,N:\Desktop\WORKING PAPERS\MVDW-NIKOS-PAPER\Version_22\attacked\R\watermarked_image_R_2\Geometric\ROT_10_watermarked_image_R_2.png,0,6.25,0.3802,"['X', 'X', 'X', 'X', 'X', 'X', 'X', 'X', 'X', 'X', 4, 'X', 'X', 'X', 'X', 'X']"
2026-05-19T23:20:03.801601,R,Geometric,rotation,5,ROT_5_watermarked_image_R_2.png,N:\Desktop\WORKING PAPERS\MVDW-NIKOS-PAPER\Version_22\attacked\R\watermarked_image_R_2\Geometric\ROT_5_watermarked_image_R_2.png,0,6.25,0.3646,"['X', 'X', 'X', 5, 'X', 'X', 'X', 'X', 'X', 'X', 'X', 'X', 'X', 'X', 'X', 'X']"
2026-05-19T23:20:06.268135,R,Geometric,translation,x10_y10,TRANS_x10_y10_watermarked_image_R_2.png,N:\Desktop\WORKING PAPERS\MVDW-NIKOS-PAPER\Version_22\attacked\R\watermarked_image_R_2\Geometric\TRANS_x10_y10_watermarked_image_R_2.png,0,6.25,0.2604,"['X', 'X', 'X', 'X', 'X', 'X', 'X', 'X', 'X', 'X', 'X', 'X', 'X', 'X', 'X', 3]"
2026-05-19T23:20:08.826396,R,Geometric,translation,x5_y5,TRANS_x5_y5_watermarked_image_R_2.png,N:\Desktop\WORKING PAPERS\MVDW-NIKOS-PAPER\Version_22\attacked\R\watermarked_image_R_2\Geometric\TRANS_x5_y5_watermarked_image_R_2.png,0,43.75,0.1181,"['X', 'X', 2, 'X', 'X', 4, 3, 'X', 0, 'X', 'X', 'X', 1, 2, 6, 'X']"
2026-05-19T23:20:11.258923,R,Resize,resize,110,RESIZE_110_watermarked_image_R_2.png,N:\Desktop\WORKING PAPERS\MVDW-NIKOS-PAPER\Version_22\attacked\R\watermarked_image_R_2\Resize\RESIZE_110_watermarked_image_R_2.png,0,100.0,0.0,"[0, 2, 2, 5, 6, 4, 3, 2, 0, 0, 4, 5, 1, 2, 6, 3]"
2026-05-19T23:20:13.708876,R,Resize,resize,90,RESIZE_90_watermarked_image_R_2.png,N:\Desktop\WORKING PAPERS\MVDW-NIKOS-PAPER\Version_22\attacked\R\watermarked_image_R_2\Resize\RESIZE_90_watermarked_image_R_2.png,0,100.0,0.0,"[0, 2, 2, 5, 6, 4, 3, 2, 0, 0, 4, 5, 1, 2, 6, 3]"
2026-05-19T23:20:15.161164,R,Crops,crop,BothHorizontal_25,Croped_BothHorizontal_25_watermarked_image_R_3.png,N:\Desktop\WORKING PAPERS\MVDW-NIKOS-PAPER\Version_22\attacked\R\watermarked_image_R_3\Crops\Croped_BothHorizontal_25_watermarked_image_R_3.png,0,75.0,0.092,"[0, 'X', 2, 'X', 6, 4, 3, 2, 0, 0, 4, 5, 1, 'X', 6, 'X']"
2026-05-19T23:20:16.586761,R,Crops,crop,BothHorizontal_50,Croped_BothHorizontal_50_watermarked_image_R_3.png,N:\Desktop\WORKING PAPERS\MVDW-NIKOS-PAPER\Version_22\attacked\R\watermarked_image_R_3\Crops\Croped_BothHorizontal_50_watermarked_image_R_3.png,0,50.0,0.1875,"['X', 'X', 'X', 'X', 6, 4, 3, 2, 0, 0, 4, 5, 'X', 'X', 'X', 'X']"
2026-05-19T23:20:17.979378,R,Crops,crop,BothHorizontal_75,Croped_BothHorizontal_75_watermarked_image_R_3.png,N:\Desktop\WORKING PAPERS\MVDW-NIKOS-PAPER\Version_22\attacked\R\watermarked_image_R_3\Crops\Croped_BothHorizontal_75_watermarked_image_R_3.png,0,12.5,0.3177,"['X', 'X', 'X', 'X', 'X', 'X', 'X', 'X', 'X', 0, 4, 'X', 'X', 'X', 'X', 'X']"
2026-05-19T23:20:19.456695,R,Crops,crop,BothVertical_25,Croped_BothVertical_25_watermarked_image_R_3.png,N:\Desktop\WORKING PAPERS\MVDW-NIKOS-PAPER\Version_22\attacked\R\watermarked_image_R_3\Crops\Croped_BothVertical_25_watermarked_image_R_3.png,0,75.0,0.0903,"[0, 2, 2, 5, 'X', 4, 3, 2, 'X', 0, 4, 'X', 1, 2, 6, 'X']"
2026-05-19T23:20:20.887440,R,Crops,crop,BothVertical_50,Croped_BothVertical_50_watermarked_image_R_3.png,N:\Desktop\WORKING PAPERS\MVDW-NIKOS-PAPER\Version_22\attacked\R\watermarked_image_R_3\Crops\Croped_BothVertical_50_watermarked_image_R_3.png,0,50.0,0.1875,"['X', 2, 2, 'X', 'X', 4, 3, 'X', 'X', 0, 4, 'X', 'X', 2, 6, 'X']"
2026-05-19T23:20:22.290331,R,Crops,crop,BothVertical_75,Croped_BothVertical_75_watermarked_image_R_3.png,N:\Desktop\WORKING PAPERS\MVDW-NIKOS-PAPER\Version_22\attacked\R\watermarked_image_R_3\Crops\Croped_BothVertical_75_watermarked_image_R_3.png,0,31.25,0.2569,"['X', 2, 'X', 'X', 'X', 'X', 'X', 'X', 'X', 0, 4, 'X', 'X', 2, 6, 'X']"
2026-05-19T23:20:23.782127,R,Crops,crop,Bottom_25,Croped_Bottom_25_watermarked_image_R_3.png,N:\Desktop\WORKING PAPERS\MVDW-NIKOS-PAPER\Version_22\attacked\R\watermarked_image_R_3\Crops\Croped_Bottom_25_watermarked_image_R_3.png,0,75.0,0.0903,"[0, 2, 2, 5, 6, 4, 3, 2, 0, 0, 4, 5, 'X', 'X', 'X', 'X']"
2026-05-19T23:20:25.199719,R,Crops,crop,Bottom_50,Croped_Bottom_50_watermarked_image_R_3.png,N:\Desktop\WORKING PAPERS\MVDW-NIKOS-PAPER\Version_22\attacked\R\watermarked_image_R_3\Crops\Croped_Bottom_50_watermarked_image_R_3.png,0,50.0,0.184,"[0, 2, 2, 5, 6, 4, 3, 2, 'X', 'X', 'X', 'X', 'X', 'X', 'X', 'X']"
2026-05-19T23:20:26.590506,R,Crops,crop,Bottom_75,Croped_Bottom_75_watermarked_image_R_3.png,N:\Desktop\WORKING PAPERS\MVDW-NIKOS-PAPER\Version_22\attacked\R\watermarked_image_R_3\Crops\Croped_Bottom_75_watermarked_image_R_3.png,0,25.0,0.2708,"[0, 2, 2, 5, 'X', 'X', 'X', 'X', 'X', 'X', 'X', 'X', 'X', 'X', 'X', 'X']"
2026-05-19T23:20:28.046042,R,Crops,crop,Left_25,Croped_Left_25_watermarked_image_R_3.png,N:\Desktop\WORKING PAPERS\MVDW-NIKOS-PAPER\Version_22\attacked\R\watermarked_image_R_3\Crops\Croped_Left_25_watermarked_image_R_3.png,0,75.0,0.0903,"['X', 2, 2, 5, 'X', 4, 3, 2, 'X', 0, 4, 5, 'X', 2, 6, 3]"
2026-05-19T23:20:29.490650,R,Crops,crop,Left_50,Croped_Left_50_watermarked_image_R_3.png,N:\Desktop\WORKING PAPERS\MVDW-NIKOS-PAPER\Version_22\attacked\R\watermarked_image_R_3\Crops\Croped_Left_50_watermarked_image_R_3.png,0,50.0,0.184,"['X', 'X', 2, 5, 'X', 'X', 3, 2, 'X', 'X', 4, 5, 'X', 'X', 6, 3]"
2026-05-19T23:20:30.888077,R,Crops,crop,Left_75,Croped_Left_75_watermarked_image_R_3.png,N:\Desktop\WORKING PAPERS\MVDW-NIKOS-PAPER\Version_22\attacked\R\watermarked_image_R_3\Crops\Croped_Left_75_watermarked_image_R_3.png,0,25.0,0.2708,"['X', 'X', 'X', 5, 'X', 'X', 'X', 2, 'X', 'X', 'X', 5, 'X', 'X', 'X', 3]"
2026-05-19T23:20:32.337031,R,Crops,crop,Right_25,Croped_Right_25_watermarked_image_R_3.png,N:\Desktop\WORKING PAPERS\MVDW-NIKOS-PAPER\Version_22\attacked\R\watermarked_image_R_3\Crops\Croped_Right_25_watermarked_image_R_3.png,0,75.0,0.0972,"[0, 2, 2, 'X', 6, 4, 3, 'X', 0, 0, 4, 'X', 1, 2, 6, 'X']"
2026-05-19T23:20:33.800348,R,Crops,crop,Right_50,Croped_Right_50_watermarked_image_R_3.png,N:\Desktop\WORKING PAPERS\MVDW-NIKOS-PAPER\Version_22\attacked\R\watermarked_image_R_3\Crops\Croped_Right_50_watermarked_image_R_3.png,0,50.0,0.184,"[0, 2, 'X', 'X', 6, 4, 'X', 'X', 0, 0, 'X', 'X', 1, 2, 'X', 'X']"
2026-05-19T23:20:35.229735,R,Crops,crop,Right_75,Croped_Right_75_watermarked_image_R_3.png,N:\Desktop\WORKING PAPERS\MVDW-NIKOS-PAPER\Version_22\attacked\R\watermarked_image_R_3\Crops\Croped_Right_75_watermarked_image_R_3.png,0,25.0,0.2778,"[0, 'X', 'X', 'X', 6, 'X', 'X', 'X', 0, 'X', 'X', 'X', 1, 'X', 'X', 'X']"
2026-05-19T23:20:36.683334,R,Crops,crop,Top_25,Croped_Top_25_watermarked_image_R_3.png,N:\Desktop\WORKING PAPERS\MVDW-NIKOS-PAPER\Version_22\attacked\R\watermarked_image_R_3\Crops\Croped_Top_25_watermarked_image_R_3.png,0,75.0,0.0972,"['X', 'X', 'X', 'X', 6, 4, 3, 2, 0, 0, 4, 5, 1, 2, 6, 3]"
2026-05-19T23:20:38.115502,R,Crops,crop,Top_50,Croped_Top_50_watermarked_image_R_3.png,N:\Desktop\WORKING PAPERS\MVDW-NIKOS-PAPER\Version_22\attacked\R\watermarked_image_R_3\Crops\Croped_Top_50_watermarked_image_R_3.png,0,50.0,0.184,"['X', 'X', 'X', 'X', 'X', 'X', 'X', 'X', 0, 0, 4, 5, 1, 2, 6, 3]"
2026-05-19T23:20:39.523987,R,Crops,crop,Top_75,Croped_Top_75_watermarked_image_R_3.png,N:\Desktop\WORKING PAPERS\MVDW-NIKOS-PAPER\Version_22\attacked\R\watermarked_image_R_3\Crops\Croped_Top_75_watermarked_image_R_3.png,0,25.0,0.2778,"['X', 'X', 'X', 'X', 'X', 'X', 'X', 'X', 'X', 'X', 'X', 'X', 1, 2, 6, 3]"
2026-05-19T23:20:41.023030,R,Filters,jpeg,50,Compressed_q50_watermarked_image_R_3.jpg,N:\Desktop\WORKING PAPERS\MVDW-NIKOS-PAPER\Version_22\attacked\R\watermarked_image_R_3\Filters\Compressed_q50_watermarked_image_R_3.jpg,0,12.5,0.3715,"['X', 'X', 'X', 'X', 'X', 'X', 'X', 'X', 'X', 'X', 'X', 5, 'X', 'X', 6, 'X']"
2026-05-19T23:20:42.520400,R,Filters,jpeg,70,Compressed_q70_watermarked_image_R_3.jpg,N:\Desktop\WORKING PAPERS\MVDW-NIKOS-PAPER\Version_22\attacked\R\watermarked_image_R_3\Filters\Compressed_q70_watermarked_image_R_3.jpg,0,50.0,0.1701,"['X', 'X', 2, 'X', 6, 4, 3, 'X', 0, 'X', 4, 5, 'X', 'X', 'X', 3]"
2026-05-19T23:20:44.052114,R,Filters,jpeg,90,Compressed_q90_watermarked_image_R_3.jpg,N:\Desktop\WORKING PAPERS\MVDW-NIKOS-PAPER\Version_22\attacked\R\watermarked_image_R_3\Filters\Compressed_q90_watermarked_image_R_3.jpg,0,100.0,0.0,"[0, 2, 2, 5, 6, 4, 3, 2, 0, 0, 4, 5, 1, 2, 6, 3]"
2026-05-19T23:20:45.562151,R,Filters,gaussian_blur,3,GB_k3_watermarked_image_R_3.png,N:\Desktop\WORKING PAPERS\MVDW-NIKOS-PAPER\Version_22\attacked\R\watermarked_image_R_3\Filters\GB_k3_watermarked_image_R_3.png,0,12.5,0.3837,"['X', 'X', 2, 'X', 'X', 'X', 'X', 'X', 'X', 'X', 'X', 'X', 'X', 'X', 6, 'X']"
2026-05-19T23:20:47.066743,R,Filters,gaussian_blur,5,GB_k5_watermarked_image_R_3.png,N:\Desktop\WORKING PAPERS\MVDW-NIKOS-PAPER\Version_22\attacked\R\watermarked_image_R_3\Filters\GB_k5_watermarked_image_R_3.png,0,12.5,0.4028,"['X', 'X', 2, 'X', 'X', 'X', 'X', 'X', 'X', 'X', 'X', 'X', 'X', 'X', 6, 'X']"
2026-05-19T23:20:48.625246,R,Filters,gaussian_blur,7,GB_k7_watermarked_image_R_3.png,N:\Desktop\WORKING PAPERS\MVDW-NIKOS-PAPER\Version_22\attacked\R\watermarked_image_R_3\Filters\GB_k7_watermarked_image_R_3.png,0,12.5,0.3646,"[0, 'X', 'X', 'X', 'X', 'X', 'X', 'X', 'X', 'X', 'X', 'X', 'X', 'X', 6, 'X']"
2026-05-19T23:20:50.141939,R,Filters,gaussian_noise,0.05,GN_lvl0.05_watermarked_image_R_3.png,N:\Desktop\WORKING PAPERS\MVDW-NIKOS-PAPER\Version_22\attacked\R\watermarked_image_R_3\Filters\GN_lvl0.05_watermarked_image_R_3.png,0,100.0,0.0,"[0, 2, 2, 5, 6, 4, 3, 2, 0, 0, 4, 5, 1, 2, 6, 3]"
2026-05-19T23:20:51.643324,R,Filters,gaussian_noise,0.1,GN_lvl0.1_watermarked_image_R_3.png,N:\Desktop\WORKING PAPERS\MVDW-NIKOS-PAPER\Version_22\attacked\R\watermarked_image_R_3\Filters\GN_lvl0.1_watermarked_image_R_3.png,0,100.0,0.0,"[0, 2, 2, 5, 6, 4, 3, 2, 0, 0, 4, 5, 1, 2, 6, 3]"
2026-05-19T23:20:53.147850,R,Filters,gaussian_noise,0.2,GN_lvl0.2_watermarked_image_R_3.png,N:\Desktop\WORKING PAPERS\MVDW-NIKOS-PAPER\Version_22\attacked\R\watermarked_image_R_3\Filters\GN_lvl0.2_watermarked_image_R_3.png,0,100.0,0.0,"[0, 2, 2, 5, 6, 4, 3, 2, 0, 0, 4, 5, 1, 2, 6, 3]"
2026-05-19T23:20:54.654247,R,Filters,gamma,,Gamma_watermarked_image_R_3.png,N:\Desktop\WORKING PAPERS\MVDW-NIKOS-PAPER\Version_22\attacked\R\watermarked_image_R_3\Filters\Gamma_watermarked_image_R_3.png,0,81.25,0.0399,"[0, 2, 2, 5, 'X', 4, 'X', 'X', 0, 0, 4, 5, 1, 2, 6, 3]"
2026-05-19T23:20:56.174374,R,Filters,histogram_equalization,,HEQ_watermarked_image_R_3.png,N:\Desktop\WORKING PAPERS\MVDW-NIKOS-PAPER\Version_22\attacked\R\watermarked_image_R_3\Filters\HEQ_watermarked_image_R_3.png,0,100.0,0.0,"[0, 2, 2, 5, 6, 4, 3, 2, 0, 0, 4, 5, 1, 2, 6, 3]"
2026-05-19T23:20:57.674128,R,Filters,motion_blur,3,MB_k3_watermarked_image_R_3.png,N:\Desktop\WORKING PAPERS\MVDW-NIKOS-PAPER\Version_22\attacked\R\watermarked_image_R_3\Filters\MB_k3_watermarked_image_R_3.png,0,100.0,0.0,"[0, 2, 2, 5, 6, 4, 3, 2, 0, 0, 4, 5, 1, 2, 6, 3]"
2026-05-19T23:20:59.219213,R,Filters,motion_blur,5,MB_k5_watermarked_image_R_3.png,N:\Desktop\WORKING PAPERS\MVDW-NIKOS-PAPER\Version_22\attacked\R\watermarked_image_R_3\Filters\MB_k5_watermarked_image_R_3.png,0,100.0,0.0,"[0, 2, 2, 5, 6, 4, 3, 2, 0, 0, 4, 5, 1, 2, 6, 3]"
2026-05-19T23:21:00.738694,R,Filters,motion_blur,7,MB_k7_watermarked_image_R_3.png,N:\Desktop\WORKING PAPERS\MVDW-NIKOS-PAPER\Version_22\attacked\R\watermarked_image_R_3\Filters\MB_k7_watermarked_image_R_3.png,0,93.75,0.0087,"[0, 2, 2, 5, 6, 4, 'X', 2, 0, 0, 4, 5, 1, 2, 6, 3]"
2026-05-19T23:21:02.246296,R,Filters,mean_filter,3,MEAN_k3_watermarked_image_R_3.png,N:\Desktop\WORKING PAPERS\MVDW-NIKOS-PAPER\Version_22\attacked\R\watermarked_image_R_3\Filters\MEAN_k3_watermarked_image_R_3.png,0,100.0,0.0,"[0, 2, 2, 5, 6, 4, 3, 2, 0, 0, 4, 5, 1, 2, 6, 3]"
2026-05-19T23:21:03.759770,R,Filters,mean_filter,5,MEAN_k5_watermarked_image_R_3.png,N:\Desktop\WORKING PAPERS\MVDW-NIKOS-PAPER\Version_22\attacked\R\watermarked_image_R_3\Filters\MEAN_k5_watermarked_image_R_3.png,0,37.5,0.151,"[0, 2, 2, 'X', 'X', 'X', 3, 'X', 'X', 'X', 4, 'X', 'X', 'X', 'X', 3]"
2026-05-19T23:21:05.276787,R,Filters,median_filter,3,MF_k3_watermarked_image_R_3.png,N:\Desktop\WORKING PAPERS\MVDW-NIKOS-PAPER\Version_22\attacked\R\watermarked_image_R_3\Filters\MF_k3_watermarked_image_R_3.png,0,93.75,0.0035,"[0, 2, 2, 5, 'X', 4, 3, 2, 0, 0, 4, 5, 1, 2, 6, 3]"
2026-05-19T23:21:06.770127,R,Filters,median_filter,5,MF_k5_watermarked_image_R_3.png,N:\Desktop\WORKING PAPERS\MVDW-NIKOS-PAPER\Version_22\attacked\R\watermarked_image_R_3\Filters\MF_k5_watermarked_image_R_3.png,0,43.75,0.1215,"[0, 'X', 'X', 'X', 'X', 'X', 'X', 2, 'X', 0, 4, 5, 'X', 'X', 6, 3]"
2026-05-19T23:21:08.289992,R,Filters,median_filter,7,MF_k7_watermarked_image_R_3.png,N:\Desktop\WORKING PAPERS\MVDW-NIKOS-PAPER\Version_22\attacked\R\watermarked_image_R_3\Filters\MF_k7_watermarked_image_R_3.png,0,37.5,0.3368,"['X', 2, 2, 5, 6, 'X', 'X', 2, 'X', 'X', 'X', 'X', 'X', 'X', 'X', 3]"
2026-05-19T23:21:09.791120,R,Filters,sharpening,,SHARP_watermarked_image_R_3.png,N:\Desktop\WORKING PAPERS\MVDW-NIKOS-PAPER\Version_22\attacked\R\watermarked_image_R_3\Filters\SHARP_watermarked_image_R_3.png,0,100.0,0.0,"[0, 2, 2, 5, 6, 4, 3, 2, 0, 0, 4, 5, 1, 2, 6, 3]"
2026-05-19T23:21:11.264064,R,Filters,salt_pepper,0.05,SaP_p0.05_watermarked_image_R_3.png,N:\Desktop\WORKING PAPERS\MVDW-NIKOS-PAPER\Version_22\attacked\R\watermarked_image_R_3\Filters\SaP_p0.05_watermarked_image_R_3.png,0,0.0,0.3472,"['X', 'X', 'X', 'X', 'X', 'X', 'X', 'X', 'X', 'X', 'X', 'X', 'X', 'X', 'X', 'X']"
2026-05-19T23:21:12.735596,R,Filters,salt_pepper,0.1,SaP_p0.1_watermarked_image_R_3.png,N:\Desktop\WORKING PAPERS\MVDW-NIKOS-PAPER\Version_22\attacked\R\watermarked_image_R_3\Filters\SaP_p0.1_watermarked_image_R_3.png,0,0.0,0.3524,"['X', 'X', 'X', 'X', 'X', 'X', 'X', 'X', 'X', 'X', 'X', 'X', 'X', 'X', 'X', 'X']"
2026-05-19T23:21:14.216543,R,Filters,salt_pepper,0.2,SaP_p0.2_watermarked_image_R_3.png,N:\Desktop\WORKING PAPERS\MVDW-NIKOS-PAPER\Version_22\attacked\R\watermarked_image_R_3\Filters\SaP_p0.2_watermarked_image_R_3.png,0,12.5,0.3472,"['X', 'X', 2, 'X', 'X', 4, 'X', 'X', 'X', 'X', 'X', 'X', 'X', 'X', 'X', 'X']"
2026-05-19T23:21:15.734484,R,Geometric,horizontal_flip,,HFLIP_watermarked_image_R_3.png,N:\Desktop\WORKING PAPERS\MVDW-NIKOS-PAPER\Version_22\attacked\R\watermarked_image_R_3\Geometric\HFLIP_watermarked_image_R_3.png,0,6.25,0.3872,"['X', 'X', 'X', 'X', 'X', 'X', 'X', 2, 'X', 'X', 'X', 'X', 'X', 'X', 'X', 'X']"
2026-05-19T23:21:17.221532,R,Geometric,rotation,-10,ROT_-10_watermarked_image_R_3.png,N:\Desktop\WORKING PAPERS\MVDW-NIKOS-PAPER\Version_22\attacked\R\watermarked_image_R_3\Geometric\ROT_-10_watermarked_image_R_3.png,0,0.0,0.3715,"['X', 'X', 'X', 'X', 'X', 'X', 'X', 'X', 'X', 'X', 'X', 'X', 'X', 'X', 'X', 'X']"
2026-05-19T23:21:18.758844,R,Geometric,rotation,10,ROT_10_watermarked_image_R_3.png,N:\Desktop\WORKING PAPERS\MVDW-NIKOS-PAPER\Version_22\attacked\R\watermarked_image_R_3\Geometric\ROT_10_watermarked_image_R_3.png,0,0.0,0.3559,"['X', 'X', 'X', 'X', 'X', 'X', 'X', 'X', 'X', 'X', 'X', 'X', 'X', 'X', 'X', 'X']"
2026-05-19T23:21:20.269735,R,Geometric,rotation,5,ROT_5_watermarked_image_R_3.png,N:\Desktop\WORKING PAPERS\MVDW-NIKOS-PAPER\Version_22\attacked\R\watermarked_image_R_3\Geometric\ROT_5_watermarked_image_R_3.png,0,0.0,0.3924,"['X', 'X', 'X', 'X', 'X', 'X', 'X', 'X', 'X', 'X', 'X', 'X', 'X', 'X', 'X', 'X']"
2026-05-19T23:21:21.751578,R,Geometric,translation,x10_y10,TRANS_x10_y10_watermarked_image_R_3.png,N:\Desktop\WORKING PAPERS\MVDW-NIKOS-PAPER\Version_22\attacked\R\watermarked_image_R_3\Geometric\TRANS_x10_y10_watermarked_image_R_3.png,0,18.75,0.2795,"['X', 'X', 'X', 'X', 'X', 4, 'X', 'X', 0, 'X', 4, 'X', 'X', 'X', 'X', 'X']"
2026-05-19T23:21:23.235996,R,Geometric,translation,x5_y5,TRANS_x5_y5_watermarked_image_R_3.png,N:\Desktop\WORKING PAPERS\MVDW-NIKOS-PAPER\Version_22\attacked\R\watermarked_image_R_3\Geometric\TRANS_x5_y5_watermarked_image_R_3.png,0,12.5,0.3177,"['X', 'X', 'X', 'X', 'X', 'X', 'X', 'X', 0, 'X', 4, 'X', 'X', 'X', 'X', 'X']"
2026-05-19T23:21:24.750429,R,Resize,resize,110,RESIZE_110_watermarked_image_R_3.png,N:\Desktop\WORKING PAPERS\MVDW-NIKOS-PAPER\Version_22\attacked\R\watermarked_image_R_3\Resize\RESIZE_110_watermarked_image_R_3.png,0,100.0,0.0,"[0, 2, 2, 5, 6, 4, 3, 2, 0, 0, 4, 5, 1, 2, 6, 3]"
2026-05-19T23:21:26.248469,R,Resize,resize,90,RESIZE_90_watermarked_image_R_3.png,N:\Desktop\WORKING PAPERS\MVDW-NIKOS-PAPER\Version_22\attacked\R\watermarked_image_R_3\Resize\RESIZE_90_watermarked_image_R_3.png,0,56.25,0.0417,"['X', 2, 'X', 5, 6, 4, 3, 'X', 'X', 0, 4, 'X', 1, 'X', 'X', 3]"
2026-05-19T23:21:27.696496,R,Crops,crop,BothHorizontal_25,Croped_BothHorizontal_25_watermarked_image_R_4.png,N:\Desktop\WORKING PAPERS\MVDW-NIKOS-PAPER\Version_22\attacked\R\watermarked_image_R_4\Crops\Croped_BothHorizontal_25_watermarked_image_R_4.png,0,62.5,0.1337,"['X', 'X', 'X', 'X', 6, 4, 3, 2, 0, 0, 4, 5, 1, 2, 'X', 'X']"
2026-05-19T23:21:29.143993,R,Crops,crop,BothHorizontal_50,Croped_BothHorizontal_50_watermarked_image_R_4.png,N:\Desktop\WORKING PAPERS\MVDW-NIKOS-PAPER\Version_22\attacked\R\watermarked_image_R_4\Crops\Croped_BothHorizontal_50_watermarked_image_R_4.png,0,50.0,0.1875,"['X', 'X', 'X', 'X', 6, 4, 3, 2, 0, 0, 4, 5, 'X', 'X', 'X', 'X']"
2026-05-19T23:21:30.576504,R,Crops,crop,BothHorizontal_75,Croped_BothHorizontal_75_watermarked_image_R_4.png,N:\Desktop\WORKING PAPERS\MVDW-NIKOS-PAPER\Version_22\attacked\R\watermarked_image_R_4\Crops\Croped_BothHorizontal_75_watermarked_image_R_4.png,0,37.5,0.2326,"['X', 'X', 'X', 'X', 6, 4, 3, 2, 0, 'X', 'X', 5, 'X', 'X', 'X', 'X']"
2026-05-19T23:21:32.030256,R,Crops,crop,BothVertical_25,Croped_BothVertical_25_watermarked_image_R_4.png,N:\Desktop\WORKING PAPERS\MVDW-NIKOS-PAPER\Version_22\attacked\R\watermarked_image_R_4\Crops\Croped_BothVertical_25_watermarked_image_R_4.png,0,75.0,0.0903,"['X', 2, 2, 'X', 'X', 4, 3, 2, 0, 0, 4, 5, 1, 2, 6, 'X']"
2026-05-19T23:21:33.480595,R,Crops,crop,BothVertical_50,Croped_BothVertical_50_watermarked_image_R_4.png,N:\Desktop\WORKING PAPERS\MVDW-NIKOS-PAPER\Version_22\attacked\R\watermarked_image_R_4\Crops\Croped_BothVertical_50_watermarked_image_R_4.png,0,50.0,0.1875,"['X', 2, 2, 'X', 'X', 4, 3, 'X', 'X', 0, 4, 'X', 'X', 2, 6, 'X']"
2026-05-19T23:21:34.911966,R,Crops,crop,BothVertical_75,Croped_BothVertical_75_watermarked_image_R_4.png,N:\Desktop\WORKING PAPERS\MVDW-NIKOS-PAPER\Version_22\attacked\R\watermarked_image_R_4\Crops\Croped_BothVertical_75_watermarked_image_R_4.png,0,37.5,0.2326,"['X', 2, 2, 'X', 'X', 'X', 'X', 'X', 'X', 0, 4, 'X', 'X', 2, 6, 'X']"
2026-05-19T23:21:36.365188,R,Crops,crop,Bottom_25,Croped_Bottom_25_watermarked_image_R_4.png,N:\Desktop\WORKING PAPERS\MVDW-NIKOS-PAPER\Version_22\attacked\R\watermarked_image_R_4\Crops\Croped_Bottom_25_watermarked_image_R_4.png,0,75.0,0.0903,"[0, 2, 2, 5, 6, 4, 3, 2, 0, 0, 4, 5, 'X', 'X', 'X', 'X']"
2026-05-19T23:21:37.788247,R,Crops,crop,Bottom_50,Croped_Bottom_50_watermarked_image_R_4.png,N:\Desktop\WORKING PAPERS\MVDW-NIKOS-PAPER\Version_22\attacked\R\watermarked_image_R_4\Crops\Croped_Bottom_50_watermarked_image_R_4.png,0,50.0,0.184,"[0, 2, 2, 5, 6, 4, 3, 2, 'X', 'X', 'X', 'X', 'X', 'X', 'X', 'X']"
2026-05-19T23:21:39.208702,R,Crops,crop,Bottom_75,Croped_Bottom_75_watermarked_image_R_4.png,N:\Desktop\WORKING PAPERS\MVDW-NIKOS-PAPER\Version_22\attacked\R\watermarked_image_R_4\Crops\Croped_Bottom_75_watermarked_image_R_4.png,0,25.0,0.2708,"[0, 2, 2, 5, 'X', 'X', 'X', 'X', 'X', 'X', 'X', 'X', 'X', 'X', 'X', 'X']"
2026-05-19T23:21:40.699578,R,Crops,crop,Left_25,Croped_Left_25_watermarked_image_R_4.png,N:\Desktop\WORKING PAPERS\MVDW-NIKOS-PAPER\Version_22\attacked\R\watermarked_image_R_4\Crops\Croped_Left_25_watermarked_image_R_4.png,0,75.0,0.0903,"['X', 2, 2, 5, 'X', 4, 3, 2, 'X', 0, 4, 5, 'X', 2, 6, 3]"
2026-05-19T23:21:42.115024,R,Crops,crop,Left_50,Croped_Left_50_watermarked_image_R_4.png,N:\Desktop\WORKING PAPERS\MVDW-NIKOS-PAPER\Version_22\attacked\R\watermarked_image_R_4\Crops\Croped_Left_50_watermarked_image_R_4.png,0,50.0,0.184,"['X', 'X', 2, 5, 'X', 'X', 3, 2, 'X', 'X', 4, 5, 'X', 'X', 6, 3]"
2026-05-19T23:21:43.513871,R,Crops,crop,Left_75,Croped_Left_75_watermarked_image_R_4.png,N:\Desktop\WORKING PAPERS\MVDW-NIKOS-PAPER\Version_22\attacked\R\watermarked_image_R_4\Crops\Croped_Left_75_watermarked_image_R_4.png,0,25.0,0.2708,"['X', 'X', 'X', 5, 'X', 'X', 'X', 2, 'X', 'X', 'X', 5, 'X', 'X', 'X', 3]"
2026-05-19T23:21:45.001502,R,Crops,crop,Right_25,Croped_Right_25_watermarked_image_R_4.png,N:\Desktop\WORKING PAPERS\MVDW-NIKOS-PAPER\Version_22\attacked\R\watermarked_image_R_4\Crops\Croped_Right_25_watermarked_image_R_4.png,0,75.0,0.0972,"[0, 2, 2, 'X', 6, 4, 3, 'X', 0, 0, 4, 'X', 1, 2, 6, 'X']"
2026-05-19T23:21:46.449208,R,Crops,crop,Right_50,Croped_Right_50_watermarked_image_R_4.png,N:\Desktop\WORKING PAPERS\MVDW-NIKOS-PAPER\Version_22\attacked\R\watermarked_image_R_4\Crops\Croped_Right_50_watermarked_image_R_4.png,0,50.0,0.184,"[0, 2, 'X', 'X', 6, 4, 'X', 'X', 0, 0, 'X', 'X', 1, 2, 'X', 'X']"
2026-05-19T23:21:47.847064,R,Crops,crop,Right_75,Croped_Right_75_watermarked_image_R_4.png,N:\Desktop\WORKING PAPERS\MVDW-NIKOS-PAPER\Version_22\attacked\R\watermarked_image_R_4\Crops\Croped_Right_75_watermarked_image_R_4.png,0,25.0,0.2778,"[0, 'X', 'X', 'X', 6, 'X', 'X', 'X', 0, 'X', 'X', 'X', 1, 'X', 'X', 'X']"
2026-05-19T23:21:49.347097,R,Crops,crop,Top_25,Croped_Top_25_watermarked_image_R_4.png,N:\Desktop\WORKING PAPERS\MVDW-NIKOS-PAPER\Version_22\attacked\R\watermarked_image_R_4\Crops\Croped_Top_25_watermarked_image_R_4.png,0,75.0,0.0972,"['X', 'X', 'X', 'X', 6, 4, 3, 2, 0, 0, 4, 5, 1, 2, 6, 3]"
2026-05-19T23:21:50.809022,R,Crops,crop,Top_50,Croped_Top_50_watermarked_image_R_4.png,N:\Desktop\WORKING PAPERS\MVDW-NIKOS-PAPER\Version_22\attacked\R\watermarked_image_R_4\Crops\Croped_Top_50_watermarked_image_R_4.png,0,50.0,0.184,"['X', 'X', 'X', 'X', 'X', 'X', 'X', 'X', 0, 0, 4, 5, 1, 2, 6, 3]"
2026-05-19T23:21:52.221706,R,Crops,crop,Top_75,Croped_Top_75_watermarked_image_R_4.png,N:\Desktop\WORKING PAPERS\MVDW-NIKOS-PAPER\Version_22\attacked\R\watermarked_image_R_4\Crops\Croped_Top_75_watermarked_image_R_4.png,0,25.0,0.2778,"['X', 'X', 'X', 'X', 'X', 'X', 'X', 'X', 'X', 'X', 'X', 'X', 1, 2, 6, 3]"
2026-05-19T23:21:53.680096,R,Filters,jpeg,50,Compressed_q50_watermarked_image_R_4.jpg,N:\Desktop\WORKING PAPERS\MVDW-NIKOS-PAPER\Version_22\attacked\R\watermarked_image_R_4\Filters\Compressed_q50_watermarked_image_R_4.jpg,0,0.0,0.3628,"['X', 'X', 'X', 'X', 'X', 'X', 'X', 'X', 'X', 'X', 'X', 'X', 'X', 'X', 'X', 'X']"
2026-05-19T23:21:55.173059,R,Filters,jpeg,70,Compressed_q70_watermarked_image_R_4.jpg,N:\Desktop\WORKING PAPERS\MVDW-NIKOS-PAPER\Version_22\attacked\R\watermarked_image_R_4\Filters\Compressed_q70_watermarked_image_R_4.jpg,0,31.25,0.2569,"[0, 'X', 2, 'X', 'X', 4, 'X', 2, 'X', 'X', 'X', 'X', 'X', 'X', 6, 'X']"
2026-05-19T23:21:56.656789,R,Filters,jpeg,90,Compressed_q90_watermarked_image_R_4.jpg,N:\Desktop\WORKING PAPERS\MVDW-NIKOS-PAPER\Version_22\attacked\R\watermarked_image_R_4\Filters\Compressed_q90_watermarked_image_R_4.jpg,0,75.0,0.0503,"[0, 2, 2, 5, 6, 4, 3, 2, 'X', 'X', 'X', 'X', 1, 2, 6, 3]"
2026-05-19T23:21:58.130231,R,Filters,gaussian_blur,3,GB_k3_watermarked_image_R_4.png,N:\Desktop\WORKING PAPERS\MVDW-NIKOS-PAPER\Version_22\attacked\R\watermarked_image_R_4\Filters\GB_k3_watermarked_image_R_4.png,0,12.5,0.2934,"['X', 'X', 'X', 5, 'X', 'X', 'X', 2, 'X', 'X', 'X', 'X', 'X', 'X', 'X', 'X']"
2026-05-19T23:21:59.642805,R,Filters,gaussian_blur,5,GB_k5_watermarked_image_R_4.png,N:\Desktop\WORKING PAPERS\MVDW-NIKOS-PAPER\Version_22\attacked\R\watermarked_image_R_4\Filters\GB_k5_watermarked_image_R_4.png,0,6.25,0.3299,"['X', 'X', 'X', 'X', 'X', 'X', 'X', 'X', 'X', 'X', 'X', 'X', 'X', 'X', 6, 'X']"
2026-05-19T23:22:01.159260,R,Filters,gaussian_blur,7,GB_k7_watermarked_image_R_4.png,N:\Desktop\WORKING PAPERS\MVDW-NIKOS-PAPER\Version_22\attacked\R\watermarked_image_R_4\Filters\GB_k7_watermarked_image_R_4.png,0,6.25,0.3941,"['X', 'X', 'X', 'X', 'X', 'X', 'X', 'X', 'X', 'X', 4, 'X', 'X', 'X', 'X', 'X']"
2026-05-19T23:22:02.641962,R,Filters,gaussian_noise,0.05,GN_lvl0.05_watermarked_image_R_4.png,N:\Desktop\WORKING PAPERS\MVDW-NIKOS-PAPER\Version_22\attacked\R\watermarked_image_R_4\Filters\GN_lvl0.05_watermarked_image_R_4.png,0,100.0,0.0,"[0, 2, 2, 5, 6, 4, 3, 2, 0, 0, 4, 5, 1, 2, 6, 3]"
2026-05-19T23:22:04.139468,R,Filters,gaussian_noise,0.1,GN_lvl0.1_watermarked_image_R_4.png,N:\Desktop\WORKING PAPERS\MVDW-NIKOS-PAPER\Version_22\attacked\R\watermarked_image_R_4\Filters\GN_lvl0.1_watermarked_image_R_4.png,0,100.0,0.0,"[0, 2, 2, 5, 6, 4, 3, 2, 0, 0, 4, 5, 1, 2, 6, 3]"
2026-05-19T23:22:05.675809,R,Filters,gaussian_noise,0.2,GN_lvl0.2_watermarked_image_R_4.png,N:\Desktop\WORKING PAPERS\MVDW-NIKOS-PAPER\Version_22\attacked\R\watermarked_image_R_4\Filters\GN_lvl0.2_watermarked_image_R_4.png,0,100.0,0.0,"[0, 2, 2, 5, 6, 4, 3, 2, 0, 0, 4, 5, 1, 2, 6, 3]"
2026-05-19T23:22:07.161117,R,Filters,gamma,,Gamma_watermarked_image_R_4.png,N:\Desktop\WORKING PAPERS\MVDW-NIKOS-PAPER\Version_22\attacked\R\watermarked_image_R_4\Filters\Gamma_watermarked_image_R_4.png,0,81.25,0.0208,"[0, 2, 2, 5, 6, 4, 3, 2, 'X', 'X', 'X', 5, 1, 2, 6, 3]"
2026-05-19T23:22:08.646036,R,Filters,histogram_equalization,,HEQ_watermarked_image_R_4.png,N:\Desktop\WORKING PAPERS\MVDW-NIKOS-PAPER\Version_22\attacked\R\watermarked_image_R_4\Filters\HEQ_watermarked_image_R_4.png,0,100.0,0.0,"[0, 2, 2, 5, 6, 4, 3, 2, 0, 0, 4, 5, 1, 2, 6, 3]"
2026-05-19T23:22:10.191835,R,Filters,motion_blur,3,MB_k3_watermarked_image_R_4.png,N:\Desktop\WORKING PAPERS\MVDW-NIKOS-PAPER\Version_22\attacked\R\watermarked_image_R_4\Filters\MB_k3_watermarked_image_R_4.png,0,93.75,0.0035,"[0, 2, 2, 5, 6, 4, 3, 2, 0, 'X', 4, 5, 1, 2, 6, 3]"
2026-05-19T23:22:11.680197,R,Filters,motion_blur,5,MB_k5_watermarked_image_R_4.png,N:\Desktop\WORKING PAPERS\MVDW-NIKOS-PAPER\Version_22\attacked\R\watermarked_image_R_4\Filters\MB_k5_watermarked_image_R_4.png,0,93.75,0.0035,"[0, 2, 2, 5, 6, 4, 3, 2, 0, 'X', 4, 5, 1, 2, 6, 3]"
2026-05-19T23:22:13.150151,R,Filters,motion_blur,7,MB_k7_watermarked_image_R_4.png,N:\Desktop\WORKING PAPERS\MVDW-NIKOS-PAPER\Version_22\attacked\R\watermarked_image_R_4\Filters\MB_k7_watermarked_image_R_4.png,0,75.0,0.0347,"[0, 2, 2, 5, 'X', 4, 3, 2, 'X', 0, 'X', 'X', 1, 2, 6, 3]"
2026-05-19T23:22:14.649989,R,Filters,mean_filter,3,MEAN_k3_watermarked_image_R_4.png,N:\Desktop\WORKING PAPERS\MVDW-NIKOS-PAPER\Version_22\attacked\R\watermarked_image_R_4\Filters\MEAN_k3_watermarked_image_R_4.png,0,75.0,0.0556,"[0, 2, 2, 5, 6, 4, 3, 2, 'X', 'X', 'X', 'X', 1, 2, 6, 3]"
2026-05-19T23:22:16.175687,R,Filters,mean_filter,5,MEAN_k5_watermarked_image_R_4.png,N:\Desktop\WORKING PAPERS\MVDW-NIKOS-PAPER\Version_22\attacked\R\watermarked_image_R_4\Filters\MEAN_k5_watermarked_image_R_4.png,0,56.25,0.1302,"[0, 2, 'X', 'X', 'X', 4, 'X', 2, 'X', 'X', 4, 'X', 1, 2, 6, 3]"
2026-05-19T23:22:17.666300,R,Filters,median_filter,3,MF_k3_watermarked_image_R_4.png,N:\Desktop\WORKING PAPERS\MVDW-NIKOS-PAPER\Version_22\attacked\R\watermarked_image_R_4\Filters\MF_k3_watermarked_image_R_4.png,0,93.75,0.0087,"[0, 2, 2, 5, 'X', 4, 3, 2, 0, 0, 4, 5, 1, 2, 6, 3]"
2026-05-19T23:22:19.165976,R,Filters,median_filter,5,MF_k5_watermarked_image_R_4.png,N:\Desktop\WORKING PAPERS\MVDW-NIKOS-PAPER\Version_22\attacked\R\watermarked_image_R_4\Filters\MF_k5_watermarked_image_R_4.png,0,68.75,0.0521,"[0, 2, 2, 5, 'X', 'X', 3, 2, 'X', 'X', 4, 5, 'X', 2, 6, 3]"
2026-05-19T23:22:20.695389,R,Filters,median_filter,7,MF_k7_watermarked_image_R_4.png,N:\Desktop\WORKING PAPERS\MVDW-NIKOS-PAPER\Version_22\attacked\R\watermarked_image_R_4\Filters\MF_k7_watermarked_image_R_4.png,0,12.5,0.2188,"['X', 'X', 'X', 'X', 'X', 'X', 'X', 'X', 'X', 'X', 'X', 'X', 'X', 2, 'X', 3]"
2026-05-19T23:22:22.201034,R,Filters,sharpening,,SHARP_watermarked_image_R_4.png,N:\Desktop\WORKING PAPERS\MVDW-NIKOS-PAPER\Version_22\attacked\R\watermarked_image_R_4\Filters\SHARP_watermarked_image_R_4.png,0,100.0,0.0,"[0, 2, 2, 5, 6, 4, 3, 2, 0, 0, 4, 5, 1, 2, 6, 3]"
2026-05-19T23:22:23.679029,R,Filters,salt_pepper,0.05,SaP_p0.05_watermarked_image_R_4.png,N:\Desktop\WORKING PAPERS\MVDW-NIKOS-PAPER\Version_22\attacked\R\watermarked_image_R_4\Filters\SaP_p0.05_watermarked_image_R_4.png,0,18.75,0.3212,"['X', 2, 'X', 'X', 'X', 'X', 'X', 2, 'X', 'X', 4, 'X', 'X', 'X', 'X', 'X']"
2026-05-19T23:22:25.173181,R,Filters,salt_pepper,0.1,SaP_p0.1_watermarked_image_R_4.png,N:\Desktop\WORKING PAPERS\MVDW-NIKOS-PAPER\Version_22\attacked\R\watermarked_image_R_4\Filters\SaP_p0.1_watermarked_image_R_4.png,0,18.75,0.3472,"['X', 'X', 'X', 5, 'X', 'X', 'X', 'X', 'X', 'X', 'X', 'X', 'X', 2, 'X', 3]"
2026-05-19T23:22:26.688567,R,Filters,salt_pepper,0.2,SaP_p0.2_watermarked_image_R_4.png,N:\Desktop\WORKING PAPERS\MVDW-NIKOS-PAPER\Version_22\attacked\R\watermarked_image_R_4\Filters\SaP_p0.2_watermarked_image_R_4.png,0,12.5,0.3611,"['X', 'X', 'X', 'X', 'X', 'X', 3, 'X', 'X', 'X', 4, 'X', 'X', 'X', 'X', 'X']"
2026-05-19T23:22:28.179739,R,Geometric,horizontal_flip,,HFLIP_watermarked_image_R_4.png,N:\Desktop\WORKING PAPERS\MVDW-NIKOS-PAPER\Version_22\attacked\R\watermarked_image_R_4\Geometric\HFLIP_watermarked_image_R_4.png,0,12.5,0.401,"['X', 2, 'X', 'X', 'X', 'X', 'X', 2, 'X', 'X', 'X', 'X', 'X', 'X', 'X', 'X']"
2026-05-19T23:22:29.699969,R,Geometric,rotation,-10,ROT_-10_watermarked_image_R_4.png,N:\Desktop\WORKING PAPERS\MVDW-NIKOS-PAPER\Version_22\attacked\R\watermarked_image_R_4\Geometric\ROT_-10_watermarked_image_R_4.png,0,18.75,0.3767,"['X', 2, 'X', 5, 'X', 'X', 'X', 'X', 'X', 'X', 'X', 'X', 'X', 'X', 'X', 3]"
2026-05-19T23:22:31.250089,R,Geometric,rotation,10,ROT_10_watermarked_image_R_4.png,N:\Desktop\WORKING PAPERS\MVDW-NIKOS-PAPER\Version_22\attacked\R\watermarked_image_R_4\Geometric\ROT_10_watermarked_image_R_4.png,0,0.0,0.3628,"['X', 'X', 'X', 'X', 'X', 'X', 'X', 'X', 'X', 'X', 'X', 'X', 'X', 'X', 'X', 'X']"
2026-05-19T23:22:32.735079,R,Geometric,rotation,5,ROT_5_watermarked_image_R_4.png,N:\Desktop\WORKING PAPERS\MVDW-NIKOS-PAPER\Version_22\attacked\R\watermarked_image_R_4\Geometric\ROT_5_watermarked_image_R_4.png,0,6.25,0.3837,"['X', 'X', 'X', 'X', 'X', 'X', 3, 'X', 'X', 'X', 'X', 'X', 'X', 'X', 'X', 'X']"
2026-05-19T23:22:34.218514,R,Geometric,translation,x10_y10,TRANS_x10_y10_watermarked_image_R_4.png,N:\Desktop\WORKING PAPERS\MVDW-NIKOS-PAPER\Version_22\attacked\R\watermarked_image_R_4\Geometric\TRANS_x10_y10_watermarked_image_R_4.png,0,12.5,0.2812,"['X', 'X', 'X', 'X', 'X', 4, 'X', 'X', 'X', 'X', 'X', 'X', 1, 'X', 'X', 'X']"
2026-05-19T23:22:35.751198,R,Geometric,translation,x5_y5,TRANS_x5_y5_watermarked_image_R_4.png,N:\Desktop\WORKING PAPERS\MVDW-NIKOS-PAPER\Version_22\attacked\R\watermarked_image_R_4\Geometric\TRANS_x5_y5_watermarked_image_R_4.png,0,6.25,0.2743,"['X', 'X', 'X', 'X', 'X', 'X', 'X', 'X', 'X', 'X', 'X', 'X', 1, 'X', 'X', 'X']"
2026-05-19T23:22:37.259970,R,Resize,resize,110,RESIZE_110_watermarked_image_R_4.png,N:\Desktop\WORKING PAPERS\MVDW-NIKOS-PAPER\Version_22\attacked\R\watermarked_image_R_4\Resize\RESIZE_110_watermarked_image_R_4.png,0,100.0,0.0,"[0, 2, 2, 5, 6, 4, 3, 2, 0, 0, 4, 5, 1, 2, 6, 3]"
2026-05-19T23:22:38.749706,R,Resize,resize,90,RESIZE_90_watermarked_image_R_4.png,N:\Desktop\WORKING PAPERS\MVDW-NIKOS-PAPER\Version_22\attacked\R\watermarked_image_R_4\Resize\RESIZE_90_watermarked_image_R_4.png,0,56.25,0.0556,"[0, 2, 2, 5, 'X', 'X', 3, 2, 'X', 0, 4, 'X', 'X', 2, 'X', 'X']"
2026-05-19T23:22:40.227210,R,Crops,crop,BothHorizontal_25,Croped_BothHorizontal_25_watermarked_image_R_5.png,N:\Desktop\WORKING PAPERS\MVDW-NIKOS-PAPER\Version_22\attacked\R\watermarked_image_R_5\Crops\Croped_BothHorizontal_25_watermarked_image_R_5.png,0,75.0,0.0972,"['X', 'X', 'X', 'X', 6, 4, 3, 2, 0, 0, 4, 5, 1, 2, 6, 3]"
2026-05-19T23:22:41.688133,R,Crops,crop,BothHorizontal_50,Croped_BothHorizontal_50_watermarked_image_R_5.png,N:\Desktop\WORKING PAPERS\MVDW-NIKOS-PAPER\Version_22\attacked\R\watermarked_image_R_5\Crops\Croped_BothHorizontal_50_watermarked_image_R_5.png,0,50.0,0.1875,"['X', 'X', 'X', 'X', 6, 4, 3, 2, 0, 0, 4, 5, 'X', 'X', 'X', 'X']"
2026-05-19T23:22:43.061458,R,Crops,crop,BothHorizontal_75,Croped_BothHorizontal_75_watermarked_image_R_5.png,N:\Desktop\WORKING PAPERS\MVDW-NIKOS-PAPER\Version_22\attacked\R\watermarked_image_R_5\Crops\Croped_BothHorizontal_75_watermarked_image_R_5.png,0,18.75,0.3003,"['X', 'X', 'X', 'X', 6, 4, 'X', 'X', 0, 'X', 'X', 'X', 'X', 'X', 'X', 'X']"
2026-05-19T23:22:44.472774,R,Crops,crop,BothVertical_25,Croped_BothVertical_25_watermarked_image_R_5.png,N:\Desktop\WORKING PAPERS\MVDW-NIKOS-PAPER\Version_22\attacked\R\watermarked_image_R_5\Crops\Croped_BothVertical_25_watermarked_image_R_5.png,0,62.5,0.1389,"[0, 2, 2, 5, 'X', 4, 3, 'X', 'X', 0, 4, 'X', 'X', 2, 6, 'X']"
2026-05-19T23:22:45.923836,R,Crops,crop,BothVertical_50,Croped_BothVertical_50_watermarked_image_R_5.png,N:\Desktop\WORKING PAPERS\MVDW-NIKOS-PAPER\Version_22\attacked\R\watermarked_image_R_5\Crops\Croped_BothVertical_50_watermarked_image_R_5.png,0,50.0,0.1875,"['X', 2, 2, 'X', 'X', 4, 3, 'X', 'X', 0, 4, 'X', 'X', 2, 6, 'X']"
2026-05-19T23:22:47.338250,R,Crops,crop,BothVertical_75,Croped_BothVertical_75_watermarked_image_R_5.png,N:\Desktop\WORKING PAPERS\MVDW-NIKOS-PAPER\Version_22\attacked\R\watermarked_image_R_5\Crops\Croped_BothVertical_75_watermarked_image_R_5.png,0,25.0,0.2743,"['X', 2, 2, 'X', 'X', 'X', 3, 'X', 'X', 'X', 'X', 'X', 'X', 'X', 6, 'X']"
2026-05-19T23:22:48.789445,R,Crops,crop,Bottom_25,Croped_Bottom_25_watermarked_image_R_5.png,N:\Desktop\WORKING PAPERS\MVDW-NIKOS-PAPER\Version_22\attacked\R\watermarked_image_R_5\Crops\Croped_Bottom_25_watermarked_image_R_5.png,0,75.0,0.0903,"[0, 2, 2, 5, 6, 4, 3, 2, 0, 0, 4, 5, 'X', 'X', 'X', 'X']"
2026-05-19T23:22:50.247160,R,Crops,crop,Bottom_50,Croped_Bottom_50_watermarked_image_R_5.png,N:\Desktop\WORKING PAPERS\MVDW-NIKOS-PAPER\Version_22\attacked\R\watermarked_image_R_5\Crops\Croped_Bottom_50_watermarked_image_R_5.png,0,50.0,0.184,"[0, 2, 2, 5, 6, 4, 3, 2, 'X', 'X', 'X', 'X', 'X', 'X', 'X', 'X']"
2026-05-19T23:22:51.673049,R,Crops,crop,Bottom_75,Croped_Bottom_75_watermarked_image_R_5.png,N:\Desktop\WORKING PAPERS\MVDW-NIKOS-PAPER\Version_22\attacked\R\watermarked_image_R_5\Crops\Croped_Bottom_75_watermarked_image_R_5.png,0,25.0,0.2708,"[0, 2, 2, 5, 'X', 'X', 'X', 'X', 'X', 'X', 'X', 'X', 'X', 'X', 'X', 'X']"
2026-05-19T23:22:53.116088,R,Crops,crop,Left_25,Croped_Left_25_watermarked_image_R_5.png,N:\Desktop\WORKING PAPERS\MVDW-NIKOS-PAPER\Version_22\attacked\R\watermarked_image_R_5\Crops\Croped_Left_25_watermarked_image_R_5.png,0,75.0,0.0903,"['X', 2, 2, 5, 'X', 4, 3, 2, 'X', 0, 4, 5, 'X', 2, 6, 3]"
2026-05-19T23:22:54.542815,R,Crops,crop,Left_50,Croped_Left_50_watermarked_image_R_5.png,N:\Desktop\WORKING PAPERS\MVDW-NIKOS-PAPER\Version_22\attacked\R\watermarked_image_R_5\Crops\Croped_Left_50_watermarked_image_R_5.png,0,50.0,0.184,"['X', 'X', 2, 5, 'X', 'X', 3, 2, 'X', 'X', 4, 5, 'X', 'X', 6, 3]"
2026-05-19T23:22:55.977589,R,Crops,crop,Left_75,Croped_Left_75_watermarked_image_R_5.png,N:\Desktop\WORKING PAPERS\MVDW-NIKOS-PAPER\Version_22\attacked\R\watermarked_image_R_5\Crops\Croped_Left_75_watermarked_image_R_5.png,0,25.0,0.2708,"['X', 'X', 'X', 5, 'X', 'X', 'X', 2, 'X', 'X', 'X', 5, 'X', 'X', 'X', 3]"
2026-05-19T23:22:57.439027,R,Crops,crop,Right_25,Croped_Right_25_watermarked_image_R_5.png,N:\Desktop\WORKING PAPERS\MVDW-NIKOS-PAPER\Version_22\attacked\R\watermarked_image_R_5\Crops\Croped_Right_25_watermarked_image_R_5.png,0,75.0,0.0972,"[0, 2, 2, 'X', 6, 4, 3, 'X', 0, 0, 4, 'X', 1, 2, 6, 'X']"
2026-05-19T23:22:58.877789,R,Crops,crop,Right_50,Croped_Right_50_watermarked_image_R_5.png,N:\Desktop\WORKING PAPERS\MVDW-NIKOS-PAPER\Version_22\attacked\R\watermarked_image_R_5\Crops\Croped_Right_50_watermarked_image_R_5.png,0,50.0,0.184,"[0, 2, 'X', 'X', 6, 4, 'X', 'X', 0, 0, 'X', 'X', 1, 2, 'X', 'X']"
2026-05-19T23:23:00.310455,R,Crops,crop,Right_75,Croped_Right_75_watermarked_image_R_5.png,N:\Desktop\WORKING PAPERS\MVDW-NIKOS-PAPER\Version_22\attacked\R\watermarked_image_R_5\Crops\Croped_Right_75_watermarked_image_R_5.png,0,25.0,0.2778,"[0, 'X', 'X', 'X', 6, 'X', 'X', 'X', 0, 'X', 'X', 'X', 1, 'X', 'X', 'X']"
2026-05-19T23:23:01.780824,R,Crops,crop,Top_25,Croped_Top_25_watermarked_image_R_5.png,N:\Desktop\WORKING PAPERS\MVDW-NIKOS-PAPER\Version_22\attacked\R\watermarked_image_R_5\Crops\Croped_Top_25_watermarked_image_R_5.png,0,75.0,0.0972,"['X', 'X', 'X', 'X', 6, 4, 3, 2, 0, 0, 4, 5, 1, 2, 6, 3]"
2026-05-19T23:23:03.214607,R,Crops,crop,Top_50,Croped_Top_50_watermarked_image_R_5.png,N:\Desktop\WORKING PAPERS\MVDW-NIKOS-PAPER\Version_22\attacked\R\watermarked_image_R_5\Crops\Croped_Top_50_watermarked_image_R_5.png,0,50.0,0.184,"['X', 'X', 'X', 'X', 'X', 'X', 'X', 'X', 0, 0, 4, 5, 1, 2, 6, 3]"
2026-05-19T23:23:04.603604,R,Crops,crop,Top_75,Croped_Top_75_watermarked_image_R_5.png,N:\Desktop\WORKING PAPERS\MVDW-NIKOS-PAPER\Version_22\attacked\R\watermarked_image_R_5\Crops\Croped_Top_75_watermarked_image_R_5.png,0,25.0,0.2778,"['X', 'X', 'X', 'X', 'X', 'X', 'X', 'X', 'X', 'X', 'X', 'X', 1, 2, 6, 3]"
2026-05-19T23:23:06.078384,R,Filters,jpeg,50,Compressed_q50_watermarked_image_R_5.jpg,N:\Desktop\WORKING PAPERS\MVDW-NIKOS-PAPER\Version_22\attacked\R\watermarked_image_R_5\Filters\Compressed_q50_watermarked_image_R_5.jpg,0,6.25,0.3229,"['X', 'X', 'X', 'X', 'X', 'X', 'X', 'X', 'X', 'X', 'X', 'X', 'X', 'X', 6, 'X']"
2026-05-19T23:23:07.507124,R,Filters,jpeg,70,Compressed_q70_watermarked_image_R_5.jpg,N:\Desktop\WORKING PAPERS\MVDW-NIKOS-PAPER\Version_22\attacked\R\watermarked_image_R_5\Filters\Compressed_q70_watermarked_image_R_5.jpg,0,31.25,0.2205,"['X', 'X', 'X', 'X', 'X', 'X', 'X', 'X', 'X', 0, 4, 'X', 'X', 2, 6, 3]"
2026-05-19T23:23:08.978006,R,Filters,jpeg,90,Compressed_q90_watermarked_image_R_5.jpg,N:\Desktop\WORKING PAPERS\MVDW-NIKOS-PAPER\Version_22\attacked\R\watermarked_image_R_5\Filters\Compressed_q90_watermarked_image_R_5.jpg,0,68.75,0.033,"[0, 2, 2, 'X', 'X', 4, 3, 2, 0, 0, 4, 'X', 'X', 2, 6, 'X']"
2026-05-19T23:23:10.490856,R,Filters,gaussian_blur,3,GB_k3_watermarked_image_R_5.png,N:\Desktop\WORKING PAPERS\MVDW-NIKOS-PAPER\Version_22\attacked\R\watermarked_image_R_5\Filters\GB_k3_watermarked_image_R_5.png,0,12.5,0.2743,"['X', 'X', 'X', 'X', 'X', 'X', 'X', 'X', 'X', 'X', 'X', 'X', 1, 'X', 6, 'X']"
2026-05-19T23:23:11.987029,R,Filters,gaussian_blur,5,GB_k5_watermarked_image_R_5.png,N:\Desktop\WORKING PAPERS\MVDW-NIKOS-PAPER\Version_22\attacked\R\watermarked_image_R_5\Filters\GB_k5_watermarked_image_R_5.png,0,18.75,0.2622,"['X', 'X', 'X', 5, 'X', 'X', 'X', 'X', 'X', 'X', 'X', 'X', 1, 'X', 'X', 3]"
2026-05-19T23:23:13.454110,R,Filters,gaussian_blur,7,GB_k7_watermarked_image_R_5.png,N:\Desktop\WORKING PAPERS\MVDW-NIKOS-PAPER\Version_22\attacked\R\watermarked_image_R_5\Filters\GB_k7_watermarked_image_R_5.png,0,25.0,0.3212,"['X', 'X', 2, 'X', 'X', 4, 3, 'X', 'X', 'X', 'X', 'X', 'X', 'X', 6, 'X']"
2026-05-19T23:23:14.926993,R,Filters,gaussian_noise,0.05,GN_lvl0.05_watermarked_image_R_5.png,N:\Desktop\WORKING PAPERS\MVDW-NIKOS-PAPER\Version_22\attacked\R\watermarked_image_R_5\Filters\GN_lvl0.05_watermarked_image_R_5.png,0,100.0,0.0,"[0, 2, 2, 5, 6, 4, 3, 2, 0, 0, 4, 5, 1, 2, 6, 3]"
2026-05-19T23:23:16.483704,R,Filters,gaussian_noise,0.1,GN_lvl0.1_watermarked_image_R_5.png,N:\Desktop\WORKING PAPERS\MVDW-NIKOS-PAPER\Version_22\attacked\R\watermarked_image_R_5\Filters\GN_lvl0.1_watermarked_image_R_5.png,0,100.0,0.0,"[0, 2, 2, 5, 6, 4, 3, 2, 0, 0, 4, 5, 1, 2, 6, 3]"
2026-05-19T23:23:17.960523,R,Filters,gaussian_noise,0.2,GN_lvl0.2_watermarked_image_R_5.png,N:\Desktop\WORKING PAPERS\MVDW-NIKOS-PAPER\Version_22\attacked\R\watermarked_image_R_5\Filters\GN_lvl0.2_watermarked_image_R_5.png,0,100.0,0.0,"[0, 2, 2, 5, 6, 4, 3, 2, 0, 0, 4, 5, 1, 2, 6, 3]"
2026-05-19T23:23:19.421469,R,Filters,gamma,,Gamma_watermarked_image_R_5.png,N:\Desktop\WORKING PAPERS\MVDW-NIKOS-PAPER\Version_22\attacked\R\watermarked_image_R_5\Filters\Gamma_watermarked_image_R_5.png,0,100.0,0.0,"[0, 2, 2, 5, 6, 4, 3, 2, 0, 0, 4, 5, 1, 2, 6, 3]"
2026-05-19T23:23:20.904645,R,Filters,histogram_equalization,,HEQ_watermarked_image_R_5.png,N:\Desktop\WORKING PAPERS\MVDW-NIKOS-PAPER\Version_22\attacked\R\watermarked_image_R_5\Filters\HEQ_watermarked_image_R_5.png,0,100.0,0.0,"[0, 2, 2, 5, 6, 4, 3, 2, 0, 0, 4, 5, 1, 2, 6, 3]"
2026-05-19T23:23:22.380013,R,Filters,motion_blur,3,MB_k3_watermarked_image_R_5.png,N:\Desktop\WORKING PAPERS\MVDW-NIKOS-PAPER\Version_22\attacked\R\watermarked_image_R_5\Filters\MB_k3_watermarked_image_R_5.png,0,100.0,0.0,"[0, 2, 2, 5, 6, 4, 3, 2, 0, 0, 4, 5, 1, 2, 6, 3]"
2026-05-19T23:23:23.839499,R,Filters,motion_blur,5,MB_k5_watermarked_image_R_5.png,N:\Desktop\WORKING PAPERS\MVDW-NIKOS-PAPER\Version_22\attacked\R\watermarked_image_R_5\Filters\MB_k5_watermarked_image_R_5.png,0,100.0,0.0,"[0, 2, 2, 5, 6, 4, 3, 2, 0, 0, 4, 5, 1, 2, 6, 3]"
2026-05-19T23:23:25.321187,R,Filters,motion_blur,7,MB_k7_watermarked_image_R_5.png,N:\Desktop\WORKING PAPERS\MVDW-NIKOS-PAPER\Version_22\attacked\R\watermarked_image_R_5\Filters\MB_k7_watermarked_image_R_5.png,0,87.5,0.0156,"[0, 2, 2, 5, 6, 4, 3, 2, 'X', 0, 4, 5, 'X', 2, 6, 3]"
2026-05-19T23:23:26.864279,R,Filters,mean_filter,3,MEAN_k3_watermarked_image_R_5.png,N:\Desktop\WORKING PAPERS\MVDW-NIKOS-PAPER\Version_22\attacked\R\watermarked_image_R_5\Filters\MEAN_k3_watermarked_image_R_5.png,0,68.75,0.0625,"['X', 2, 2, 5, 'X', 4, 3, 2, 'X', 0, 4, 5, 'X', 2, 6, 'X']"
2026-05-19T23:23:28.325279,R,Filters,mean_filter,5,MEAN_k5_watermarked_image_R_5.png,N:\Desktop\WORKING PAPERS\MVDW-NIKOS-PAPER\Version_22\attacked\R\watermarked_image_R_5\Filters\MEAN_k5_watermarked_image_R_5.png,0,62.5,0.1024,"['X', 2, 2, 'X', 'X', 4, 3, 'X', 'X', 0, 4, 5, 1, 2, 6, 'X']"
2026-05-19T23:23:29.797933,R,Filters,median_filter,3,MF_k3_watermarked_image_R_5.png,N:\Desktop\WORKING PAPERS\MVDW-NIKOS-PAPER\Version_22\attacked\R\watermarked_image_R_5\Filters\MF_k3_watermarked_image_R_5.png,0,100.0,0.0017,"[0, 2, 2, 5, 6, 4, 3, 2, 0, 0, 4, 5, 1, 2, 6, 3]"
2026-05-19T23:23:31.292964,R,Filters,median_filter,5,MF_k5_watermarked_image_R_5.png,N:\Desktop\WORKING PAPERS\MVDW-NIKOS-PAPER\Version_22\attacked\R\watermarked_image_R_5\Filters\MF_k5_watermarked_image_R_5.png,0,93.75,0.0069,"[0, 2, 2, 5, 6, 4, 3, 2, 0, 0, 'X', 5, 1, 2, 6, 3]"
2026-05-19T23:23:32.752912,R,Filters,median_filter,7,MF_k7_watermarked_image_R_5.png,N:\Desktop\WORKING PAPERS\MVDW-NIKOS-PAPER\Version_22\attacked\R\watermarked_image_R_5\Filters\MF_k7_watermarked_image_R_5.png,0,68.75,0.0903,"['X', 2, 2, 5, 6, 4, 3, 'X', 'X', 0, 'X', 'X', 1, 2, 6, 3]"
2026-05-19T23:23:34.231510,R,Filters,sharpening,,SHARP_watermarked_image_R_5.png,N:\Desktop\WORKING PAPERS\MVDW-NIKOS-PAPER\Version_22\attacked\R\watermarked_image_R_5\Filters\SHARP_watermarked_image_R_5.png,0,100.0,0.0,"[0, 2, 2, 5, 6, 4, 3, 2, 0, 0, 4, 5, 1, 2, 6, 3]"
2026-05-19T23:23:35.727648,R,Filters,salt_pepper,0.05,SaP_p0.05_watermarked_image_R_5.png,N:\Desktop\WORKING PAPERS\MVDW-NIKOS-PAPER\Version_22\attacked\R\watermarked_image_R_5\Filters\SaP_p0.05_watermarked_image_R_5.png,0,12.5,0.3212,"['X', 'X', 'X', 'X', 6, 'X', 'X', 'X', 'X', 'X', 'X', 'X', 'X', 'X', 'X', 3]"
2026-05-19T23:23:37.248971,R,Filters,salt_pepper,0.1,SaP_p0.1_watermarked_image_R_5.png,N:\Desktop\WORKING PAPERS\MVDW-NIKOS-PAPER\Version_22\attacked\R\watermarked_image_R_5\Filters\SaP_p0.1_watermarked_image_R_5.png,0,12.5,0.3194,"['X', 'X', 'X', 'X', 'X', 'X', 'X', 'X', 'X', 'X', 4, 5, 'X', 'X', 'X', 'X']"
2026-05-19T23:23:38.706912,R,Filters,salt_pepper,0.2,SaP_p0.2_watermarked_image_R_5.png,N:\Desktop\WORKING PAPERS\MVDW-NIKOS-PAPER\Version_22\attacked\R\watermarked_image_R_5\Filters\SaP_p0.2_watermarked_image_R_5.png,0,6.25,0.3559,"['X', 'X', 'X', 'X', 6, 'X', 'X', 'X', 'X', 'X', 'X', 'X', 'X', 'X', 'X', 'X']"
2026-05-19T23:23:40.157740,R,Geometric,horizontal_flip,,HFLIP_watermarked_image_R_5.png,N:\Desktop\WORKING PAPERS\MVDW-NIKOS-PAPER\Version_22\attacked\R\watermarked_image_R_5\Geometric\HFLIP_watermarked_image_R_5.png,0,6.25,0.349,"['X', 'X', 'X', 'X', 'X', 'X', 'X', 'X', 'X', 'X', 'X', 5, 'X', 'X', 'X', 'X']"
2026-05-19T23:23:41.660278,R,Geometric,rotation,-10,ROT_-10_watermarked_image_R_5.png,N:\Desktop\WORKING PAPERS\MVDW-NIKOS-PAPER\Version_22\attacked\R\watermarked_image_R_5\Geometric\ROT_-10_watermarked_image_R_5.png,0,37.5,0.2847,"['X', 2, 'X', 5, 'X', 4, 3, 'X', 'X', 'X', 'X', 5, 'X', 'X', 6, 'X']"
2026-05-19T23:23:43.155107,R,Geometric,rotation,10,ROT_10_watermarked_image_R_5.png,N:\Desktop\WORKING PAPERS\MVDW-NIKOS-PAPER\Version_22\attacked\R\watermarked_image_R_5\Geometric\ROT_10_watermarked_image_R_5.png,0,25.0,0.2899,"['X', 'X', 'X', 'X', 'X', 'X', 'X', 2, 'X', 'X', 'X', 'X', 'X', 2, 6, 3]"
2026-05-19T23:23:44.656584,R,Geometric,rotation,5,ROT_5_watermarked_image_R_5.png,N:\Desktop\WORKING PAPERS\MVDW-NIKOS-PAPER\Version_22\attacked\R\watermarked_image_R_5\Geometric\ROT_5_watermarked_image_R_5.png,0,0.0,0.375,"['X', 'X', 'X', 'X', 'X', 'X', 'X', 'X', 'X', 'X', 'X', 'X', 'X', 'X', 'X', 'X']"
2026-05-19T23:23:46.155502,R,Geometric,translation,x10_y10,TRANS_x10_y10_watermarked_image_R_5.png,N:\Desktop\WORKING PAPERS\MVDW-NIKOS-PAPER\Version_22\attacked\R\watermarked_image_R_5\Geometric\TRANS_x10_y10_watermarked_image_R_5.png,0,12.5,0.2812,"['X', 'X', 'X', 'X', 'X', 4, 'X', 'X', 'X', 'X', 4, 'X', 'X', 'X', 'X', 'X']"
2026-05-19T23:23:47.660008,R,Geometric,translation,x5_y5,TRANS_x5_y5_watermarked_image_R_5.png,N:\Desktop\WORKING PAPERS\MVDW-NIKOS-PAPER\Version_22\attacked\R\watermarked_image_R_5\Geometric\TRANS_x5_y5_watermarked_image_R_5.png,0,31.25,0.2639,"['X', 'X', 'X', 'X', 6, 'X', 'X', 'X', 'X', 0, 4, 'X', 1, 'X', 'X', 3]"
2026-05-19T23:23:49.156957,R,Resize,resize,110,RESIZE_110_watermarked_image_R_5.png,N:\Desktop\WORKING PAPERS\MVDW-NIKOS-PAPER\Version_22\attacked\R\watermarked_image_R_5\Resize\RESIZE_110_watermarked_image_R_5.png,0,100.0,0.0,"[0, 2, 2, 5, 6, 4, 3, 2, 0, 0, 4, 5, 1, 2, 6, 3]"
2026-05-19T23:23:50.656412,R,Resize,resize,90,RESIZE_90_watermarked_image_R_5.png,N:\Desktop\WORKING PAPERS\MVDW-NIKOS-PAPER\Version_22\attacked\R\watermarked_image_R_5\Resize\RESIZE_90_watermarked_image_R_5.png,0,87.5,0.0226,"[0, 2, 2, 5, 6, 4, 3, 2, 0, 0, 'X', 'X', 1, 2, 6, 3]"
