timestamp,group,category,attack_type,attack_level,attacked_image_name,attacked_image_path,return_code,extraction_rate_percent,ber,extracted_code
2026-05-20T20:12:01.804188,1024p,Crops,crop,BothHorizontal_25,Croped_BothHorizontal_25_watermarked_image_1024_1.png,N:\Desktop\WORKING PAPERS\MVDW-NIKOS-PAPER\Version_22\attacked\1024p\watermarked_image_1024_1\Crops\Croped_BothHorizontal_25_watermarked_image_1024_1.png,0,87.5,0.0486,"[0, 'X', 2, 'X', 6, 4, 3, 2, 0, 0, 4, 5, 1, 2, 6, 3]"
2026-05-20T20:12:03.222404,1024p,Crops,crop,BothHorizontal_50,Croped_BothHorizontal_50_watermarked_image_1024_1.png,N:\Desktop\WORKING PAPERS\MVDW-NIKOS-PAPER\Version_22\attacked\1024p\watermarked_image_1024_1\Crops\Croped_BothHorizontal_50_watermarked_image_1024_1.png,0,50.0,0.1875,"['X', 'X', 'X', 'X', 6, 4, 3, 2, 0, 0, 4, 5, 'X', 'X', 'X', 'X']"
2026-05-20T20:12:04.623187,1024p,Crops,crop,BothHorizontal_75,Croped_BothHorizontal_75_watermarked_image_1024_1.png,N:\Desktop\WORKING PAPERS\MVDW-NIKOS-PAPER\Version_22\attacked\1024p\watermarked_image_1024_1\Crops\Croped_BothHorizontal_75_watermarked_image_1024_1.png,0,31.25,0.2604,"['X', 'X', 'X', 'X', 6, 4, 'X', 2, 0, 'X', 4, 'X', 'X', 'X', 'X', 'X']"
2026-05-20T20:12:06.081507,1024p,Crops,crop,BothVertical_25,Croped_BothVertical_25_watermarked_image_1024_1.png,N:\Desktop\WORKING PAPERS\MVDW-NIKOS-PAPER\Version_22\attacked\1024p\watermarked_image_1024_1\Crops\Croped_BothVertical_25_watermarked_image_1024_1.png,0,56.25,0.1493,"['X', 2, 2, 5, 'X', 4, 3, 'X', 'X', 0, 4, 'X', 'X', 2, 6, 'X']"
2026-05-20T20:12:07.541413,1024p,Crops,crop,BothVertical_50,Croped_BothVertical_50_watermarked_image_1024_1.png,N:\Desktop\WORKING PAPERS\MVDW-NIKOS-PAPER\Version_22\attacked\1024p\watermarked_image_1024_1\Crops\Croped_BothVertical_50_watermarked_image_1024_1.png,0,50.0,0.1875,"['X', 2, 2, 'X', 'X', 4, 3, 'X', 'X', 0, 4, 'X', 'X', 2, 6, 'X']"
2026-05-20T20:12:08.940554,1024p,Crops,crop,BothVertical_75,Croped_BothVertical_75_watermarked_image_1024_1.png,N:\Desktop\WORKING PAPERS\MVDW-NIKOS-PAPER\Version_22\attacked\1024p\watermarked_image_1024_1\Crops\Croped_BothVertical_75_watermarked_image_1024_1.png,0,18.75,0.2865,"['X', 'X', 2, 'X', 'X', 'X', 'X', 'X', 'X', 0, 4, 'X', 'X', 'X', 'X', 'X']"
2026-05-20T20:12:10.387471,1024p,Crops,crop,Bottom_25,Croped_Bottom_25_watermarked_image_1024_1.png,N:\Desktop\WORKING PAPERS\MVDW-NIKOS-PAPER\Version_22\attacked\1024p\watermarked_image_1024_1\Crops\Croped_Bottom_25_watermarked_image_1024_1.png,0,75.0,0.0903,"[0, 2, 2, 5, 6, 4, 3, 2, 0, 0, 4, 5, 'X', 'X', 'X', 'X']"
2026-05-20T20:12:11.822271,1024p,Crops,crop,Bottom_50,Croped_Bottom_50_watermarked_image_1024_1.png,N:\Desktop\WORKING PAPERS\MVDW-NIKOS-PAPER\Version_22\attacked\1024p\watermarked_image_1024_1\Crops\Croped_Bottom_50_watermarked_image_1024_1.png,0,50.0,0.184,"[0, 2, 2, 5, 6, 4, 3, 2, 'X', 'X', 'X', 'X', 'X', 'X', 'X', 'X']"
2026-05-20T20:12:13.266810,1024p,Crops,crop,Bottom_75,Croped_Bottom_75_watermarked_image_1024_1.png,N:\Desktop\WORKING PAPERS\MVDW-NIKOS-PAPER\Version_22\attacked\1024p\watermarked_image_1024_1\Crops\Croped_Bottom_75_watermarked_image_1024_1.png,0,25.0,0.2708,"[0, 2, 2, 5, 'X', 'X', 'X', 'X', 'X', 'X', 'X', 'X', 'X', 'X', 'X', 'X']"
2026-05-20T20:12:14.749107,1024p,Crops,crop,Left_25,Croped_Left_25_watermarked_image_1024_1.png,N:\Desktop\WORKING PAPERS\MVDW-NIKOS-PAPER\Version_22\attacked\1024p\watermarked_image_1024_1\Crops\Croped_Left_25_watermarked_image_1024_1.png,0,75.0,0.0903,"['X', 2, 2, 5, 'X', 4, 3, 2, 'X', 0, 4, 5, 'X', 2, 6, 3]"
2026-05-20T20:12:16.215622,1024p,Crops,crop,Left_50,Croped_Left_50_watermarked_image_1024_1.png,N:\Desktop\WORKING PAPERS\MVDW-NIKOS-PAPER\Version_22\attacked\1024p\watermarked_image_1024_1\Crops\Croped_Left_50_watermarked_image_1024_1.png,0,50.0,0.184,"['X', 'X', 2, 5, 'X', 'X', 3, 2, 'X', 'X', 4, 5, 'X', 'X', 6, 3]"
2026-05-20T20:12:17.625503,1024p,Crops,crop,Left_75,Croped_Left_75_watermarked_image_1024_1.png,N:\Desktop\WORKING PAPERS\MVDW-NIKOS-PAPER\Version_22\attacked\1024p\watermarked_image_1024_1\Crops\Croped_Left_75_watermarked_image_1024_1.png,0,25.0,0.2708,"['X', 'X', 'X', 5, 'X', 'X', 'X', 2, 'X', 'X', 'X', 5, 'X', 'X', 'X', 3]"
2026-05-20T20:12:19.082593,1024p,Crops,crop,Right_25,Croped_Right_25_watermarked_image_1024_1.png,N:\Desktop\WORKING PAPERS\MVDW-NIKOS-PAPER\Version_22\attacked\1024p\watermarked_image_1024_1\Crops\Croped_Right_25_watermarked_image_1024_1.png,0,75.0,0.0972,"[0, 2, 2, 'X', 6, 4, 3, 'X', 0, 0, 4, 'X', 1, 2, 6, 'X']"
2026-05-20T20:12:20.534161,1024p,Crops,crop,Right_50,Croped_Right_50_watermarked_image_1024_1.png,N:\Desktop\WORKING PAPERS\MVDW-NIKOS-PAPER\Version_22\attacked\1024p\watermarked_image_1024_1\Crops\Croped_Right_50_watermarked_image_1024_1.png,0,50.0,0.184,"[0, 2, 'X', 'X', 6, 4, 'X', 'X', 0, 0, 'X', 'X', 1, 2, 'X', 'X']"
2026-05-20T20:12:21.938685,1024p,Crops,crop,Right_75,Croped_Right_75_watermarked_image_1024_1.png,N:\Desktop\WORKING PAPERS\MVDW-NIKOS-PAPER\Version_22\attacked\1024p\watermarked_image_1024_1\Crops\Croped_Right_75_watermarked_image_1024_1.png,0,25.0,0.2778,"[0, 'X', 'X', 'X', 6, 'X', 'X', 'X', 0, 'X', 'X', 'X', 1, 'X', 'X', 'X']"
2026-05-20T20:12:23.401153,1024p,Crops,crop,Top_25,Croped_Top_25_watermarked_image_1024_1.png,N:\Desktop\WORKING PAPERS\MVDW-NIKOS-PAPER\Version_22\attacked\1024p\watermarked_image_1024_1\Crops\Croped_Top_25_watermarked_image_1024_1.png,0,75.0,0.0972,"['X', 'X', 'X', 'X', 6, 4, 3, 2, 0, 0, 4, 5, 1, 2, 6, 3]"
2026-05-20T20:12:24.835516,1024p,Crops,crop,Top_50,Croped_Top_50_watermarked_image_1024_1.png,N:\Desktop\WORKING PAPERS\MVDW-NIKOS-PAPER\Version_22\attacked\1024p\watermarked_image_1024_1\Crops\Croped_Top_50_watermarked_image_1024_1.png,0,50.0,0.184,"['X', 'X', 'X', 'X', 'X', 'X', 'X', 'X', 0, 0, 4, 5, 1, 2, 6, 3]"
2026-05-20T20:12:26.242460,1024p,Crops,crop,Top_75,Croped_Top_75_watermarked_image_1024_1.png,N:\Desktop\WORKING PAPERS\MVDW-NIKOS-PAPER\Version_22\attacked\1024p\watermarked_image_1024_1\Crops\Croped_Top_75_watermarked_image_1024_1.png,0,25.0,0.2778,"['X', 'X', 'X', 'X', 'X', 'X', 'X', 'X', 'X', 'X', 'X', 'X', 1, 2, 6, 3]"
2026-05-20T20:12:27.735201,1024p,Filters,jpeg,70,Compressed_q70_watermarked_image_1024_1.jpg,N:\Desktop\WORKING PAPERS\MVDW-NIKOS-PAPER\Version_22\attacked\1024p\watermarked_image_1024_1\Filters\Compressed_q70_watermarked_image_1024_1.jpg,0,31.25,0.2326,"[0, 2, 'X', 5, 'X', 'X', 'X', 'X', 'X', 'X', 4, 'X', 'X', 2, 'X', 'X']"
2026-05-20T20:12:29.216612,1024p,Filters,jpeg,80,Compressed_q80_watermarked_image_1024_1.jpg,N:\Desktop\WORKING PAPERS\MVDW-NIKOS-PAPER\Version_22\attacked\1024p\watermarked_image_1024_1\Filters\Compressed_q80_watermarked_image_1024_1.jpg,0,25.0,0.2569,"[0, 2, 'X', 'X', 'X', 'X', 'X', 'X', 'X', 'X', 4, 'X', 'X', 2, 'X', 'X']"
2026-05-20T20:12:30.687601,1024p,Filters,jpeg,90,Compressed_q90_watermarked_image_1024_1.jpg,N:\Desktop\WORKING PAPERS\MVDW-NIKOS-PAPER\Version_22\attacked\1024p\watermarked_image_1024_1\Filters\Compressed_q90_watermarked_image_1024_1.jpg,0,50.0,0.0955,"[0, 2, 2, 'X', 'X', 4, 3, 'X', 'X', 0, 4, 'X', 'X', 2, 'X', 'X']"
2026-05-20T20:12:32.186848,1024p,Filters,gaussian_blur,3,GB_k3_watermarked_image_1024_1.png,N:\Desktop\WORKING PAPERS\MVDW-NIKOS-PAPER\Version_22\attacked\1024p\watermarked_image_1024_1\Filters\GB_k3_watermarked_image_1024_1.png,0,6.25,0.2656,"['X', 'X', 'X', 'X', 'X', 'X', 'X', 'X', 'X', 'X', 'X', 'X', 'X', 'X', 'X', 3]"
2026-05-20T20:12:33.681138,1024p,Filters,gaussian_blur,5,GB_k5_watermarked_image_1024_1.png,N:\Desktop\WORKING PAPERS\MVDW-NIKOS-PAPER\Version_22\attacked\1024p\watermarked_image_1024_1\Filters\GB_k5_watermarked_image_1024_1.png,0,6.25,0.3906,"['X', 2, 'X', 'X', 'X', 'X', 'X', 'X', 'X', 'X', 'X', 'X', 'X', 'X', 'X', 'X']"
2026-05-20T20:12:35.165730,1024p,Filters,gaussian_blur,7,GB_k7_watermarked_image_1024_1.png,N:\Desktop\WORKING PAPERS\MVDW-NIKOS-PAPER\Version_22\attacked\1024p\watermarked_image_1024_1\Filters\GB_k7_watermarked_image_1024_1.png,0,6.25,0.3559,"['X', 'X', 'X', 'X', 'X', 'X', 'X', 'X', 'X', 0, 'X', 'X', 'X', 'X', 'X', 'X']"
2026-05-20T20:12:36.641515,1024p,Filters,gaussian_noise,0.05,GN_lvl0.05_watermarked_image_1024_1.png,N:\Desktop\WORKING PAPERS\MVDW-NIKOS-PAPER\Version_22\attacked\1024p\watermarked_image_1024_1\Filters\GN_lvl0.05_watermarked_image_1024_1.png,0,100.0,0.0,"[0, 2, 2, 5, 6, 4, 3, 2, 0, 0, 4, 5, 1, 2, 6, 3]"
2026-05-20T20:12:38.132415,1024p,Filters,gaussian_noise,0.1,GN_lvl0.1_watermarked_image_1024_1.png,N:\Desktop\WORKING PAPERS\MVDW-NIKOS-PAPER\Version_22\attacked\1024p\watermarked_image_1024_1\Filters\GN_lvl0.1_watermarked_image_1024_1.png,0,100.0,0.0,"[0, 2, 2, 5, 6, 4, 3, 2, 0, 0, 4, 5, 1, 2, 6, 3]"
2026-05-20T20:12:39.619564,1024p,Filters,gaussian_noise,0.2,GN_lvl0.2_watermarked_image_1024_1.png,N:\Desktop\WORKING PAPERS\MVDW-NIKOS-PAPER\Version_22\attacked\1024p\watermarked_image_1024_1\Filters\GN_lvl0.2_watermarked_image_1024_1.png,0,100.0,0.0,"[0, 2, 2, 5, 6, 4, 3, 2, 0, 0, 4, 5, 1, 2, 6, 3]"
2026-05-20T20:12:41.258824,1024p,Filters,gamma,,Gamma_watermarked_image_1024_1.png,N:\Desktop\WORKING PAPERS\MVDW-NIKOS-PAPER\Version_22\attacked\1024p\watermarked_image_1024_1\Filters\Gamma_watermarked_image_1024_1.png,0,62.5,0.0972,"[0, 2, 2, 5, 6, 4, 3, 2, 'X', 'X', 'X', 5, 'X', 'X', 'X', 3]"
2026-05-20T20:12:42.740506,1024p,Filters,histogram_equalization,,HEQ_watermarked_image_1024_1.png,N:\Desktop\WORKING PAPERS\MVDW-NIKOS-PAPER\Version_22\attacked\1024p\watermarked_image_1024_1\Filters\HEQ_watermarked_image_1024_1.png,0,100.0,0.0,"[0, 2, 2, 5, 6, 4, 3, 2, 0, 0, 4, 5, 1, 2, 6, 3]"
2026-05-20T20:12:44.214422,1024p,Filters,motion_blur,3,MB_k3_watermarked_image_1024_1.png,N:\Desktop\WORKING PAPERS\MVDW-NIKOS-PAPER\Version_22\attacked\1024p\watermarked_image_1024_1\Filters\MB_k3_watermarked_image_1024_1.png,0,68.75,0.1007,"[0, 2, 2, 5, 6, 4, 3, 'X', 'X', 0, 4, 'X', 'X', 2, 6, 'X']"
2026-05-20T20:12:45.706166,1024p,Filters,motion_blur,5,MB_k5_watermarked_image_1024_1.png,N:\Desktop\WORKING PAPERS\MVDW-NIKOS-PAPER\Version_22\attacked\1024p\watermarked_image_1024_1\Filters\MB_k5_watermarked_image_1024_1.png,0,93.75,0.0035,"[0, 2, 2, 5, 6, 4, 3, 'X', 0, 0, 4, 5, 1, 2, 6, 3]"
2026-05-20T20:12:47.185547,1024p,Filters,motion_blur,7,MB_k7_watermarked_image_1024_1.png,N:\Desktop\WORKING PAPERS\MVDW-NIKOS-PAPER\Version_22\attacked\1024p\watermarked_image_1024_1\Filters\MB_k7_watermarked_image_1024_1.png,0,56.25,0.1007,"[0, 2, 2, 'X', 'X', 4, 3, 'X', 'X', 0, 4, 'X', 'X', 2, 6, 'X']"
2026-05-20T20:12:48.707190,1024p,Filters,mean_filter,3,MEAN_k3_watermarked_image_1024_1.png,N:\Desktop\WORKING PAPERS\MVDW-NIKOS-PAPER\Version_22\attacked\1024p\watermarked_image_1024_1\Filters\MEAN_k3_watermarked_image_1024_1.png,0,68.75,0.0885,"[0, 2, 2, 5, 6, 4, 3, 'X', 'X', 0, 4, 'X', 'X', 2, 6, 'X']"
2026-05-20T20:12:50.196512,1024p,Filters,mean_filter,5,MEAN_k5_watermarked_image_1024_1.png,N:\Desktop\WORKING PAPERS\MVDW-NIKOS-PAPER\Version_22\attacked\1024p\watermarked_image_1024_1\Filters\MEAN_k5_watermarked_image_1024_1.png,0,43.75,0.1406,"[0, 2, 'X', 5, 'X', 4, 3, 'X', 'X', 0, 'X', 'X', 'X', 2, 'X', 'X']"
2026-05-20T20:12:51.724758,1024p,Filters,median_filter,3,MF_k3_watermarked_image_1024_1.png,N:\Desktop\WORKING PAPERS\MVDW-NIKOS-PAPER\Version_22\attacked\1024p\watermarked_image_1024_1\Filters\MF_k3_watermarked_image_1024_1.png,0,100.0,0.0,"[0, 2, 2, 5, 6, 4, 3, 2, 0, 0, 4, 5, 1, 2, 6, 3]"
2026-05-20T20:12:53.204491,1024p,Filters,median_filter,5,MF_k5_watermarked_image_1024_1.png,N:\Desktop\WORKING PAPERS\MVDW-NIKOS-PAPER\Version_22\attacked\1024p\watermarked_image_1024_1\Filters\MF_k5_watermarked_image_1024_1.png,0,81.25,0.0556,"[0, 2, 2, 5, 'X', 'X', 3, 2, 0, 'X', 4, 5, 1, 2, 6, 3]"
2026-05-20T20:12:54.685715,1024p,Filters,median_filter,7,MF_k7_watermarked_image_1024_1.png,N:\Desktop\WORKING PAPERS\MVDW-NIKOS-PAPER\Version_22\attacked\1024p\watermarked_image_1024_1\Filters\MF_k7_watermarked_image_1024_1.png,0,12.5,0.2691,"['X', 'X', 'X', 'X', 'X', 'X', 'X', 'X', 'X', 'X', 'X', 5, 'X', 'X', 'X', 3]"
2026-05-20T20:12:56.170449,1024p,Filters,sharpening,,SHARP_watermarked_image_1024_1.png,N:\Desktop\WORKING PAPERS\MVDW-NIKOS-PAPER\Version_22\attacked\1024p\watermarked_image_1024_1\Filters\SHARP_watermarked_image_1024_1.png,0,100.0,0.0,"[0, 2, 2, 5, 6, 4, 3, 2, 0, 0, 4, 5, 1, 2, 6, 3]"
2026-05-20T20:12:57.663567,1024p,Filters,salt_pepper,0.05,SaP_p0.05_watermarked_image_1024_1.png,N:\Desktop\WORKING PAPERS\MVDW-NIKOS-PAPER\Version_22\attacked\1024p\watermarked_image_1024_1\Filters\SaP_p0.05_watermarked_image_1024_1.png,0,18.75,0.316,"['X', 'X', 'X', 5, 6, 'X', 'X', 'X', 'X', 'X', 'X', 5, 'X', 'X', 'X', 'X']"
2026-05-20T20:12:59.152790,1024p,Filters,salt_pepper,0.1,SaP_p0.1_watermarked_image_1024_1.png,N:\Desktop\WORKING PAPERS\MVDW-NIKOS-PAPER\Version_22\attacked\1024p\watermarked_image_1024_1\Filters\SaP_p0.1_watermarked_image_1024_1.png,0,6.25,0.3733,"['X', 'X', 'X', 'X', 'X', 4, 'X', 'X', 'X', 'X', 'X', 'X', 'X', 'X', 'X', 'X']"
2026-05-20T20:13:00.648312,1024p,Filters,salt_pepper,0.2,SaP_p0.2_watermarked_image_1024_1.png,N:\Desktop\WORKING PAPERS\MVDW-NIKOS-PAPER\Version_22\attacked\1024p\watermarked_image_1024_1\Filters\SaP_p0.2_watermarked_image_1024_1.png,0,0.0,0.401,"['X', 'X', 'X', 'X', 'X', 'X', 'X', 'X', 'X', 'X', 'X', 'X', 'X', 'X', 'X', 'X']"
2026-05-20T20:13:02.127030,1024p,Geometric,horizontal_flip,,HFLIP_watermarked_image_1024_1.png,N:\Desktop\WORKING PAPERS\MVDW-NIKOS-PAPER\Version_22\attacked\1024p\watermarked_image_1024_1\Geometric\HFLIP_watermarked_image_1024_1.png,0,6.25,0.3663,"['X', 'X', 'X', 'X', 'X', 4, 'X', 'X', 'X', 'X', 'X', 'X', 'X', 'X', 'X', 'X']"
2026-05-20T20:13:03.621088,1024p,Geometric,rotation,-10,ROT_-10_watermarked_image_1024_1.png,N:\Desktop\WORKING PAPERS\MVDW-NIKOS-PAPER\Version_22\attacked\1024p\watermarked_image_1024_1\Geometric\ROT_-10_watermarked_image_1024_1.png,0,0.0,0.3316,"['X', 'X', 'X', 'X', 'X', 'X', 'X', 'X', 'X', 'X', 'X', 'X', 'X', 'X', 'X', 'X']"
2026-05-20T20:13:05.119001,1024p,Geometric,rotation,10,ROT_10_watermarked_image_1024_1.png,N:\Desktop\WORKING PAPERS\MVDW-NIKOS-PAPER\Version_22\attacked\1024p\watermarked_image_1024_1\Geometric\ROT_10_watermarked_image_1024_1.png,0,12.5,0.3403,"['X', 'X', 'X', 5, 'X', 'X', 'X', 2, 'X', 'X', 'X', 'X', 'X', 'X', 'X', 'X']"
2026-05-20T20:13:06.609264,1024p,Geometric,rotation,5,ROT_5_watermarked_image_1024_1.png,N:\Desktop\WORKING PAPERS\MVDW-NIKOS-PAPER\Version_22\attacked\1024p\watermarked_image_1024_1\Geometric\ROT_5_watermarked_image_1024_1.png,0,12.5,0.3906,"['X', 'X', 'X', 5, 'X', 'X', 'X', 'X', 'X', 'X', 'X', 'X', 'X', 'X', 6, 'X']"
2026-05-20T20:13:08.098166,1024p,Geometric,translation,x2_y2,TRANS_x2_y2_watermarked_image_1024_1.png,N:\Desktop\WORKING PAPERS\MVDW-NIKOS-PAPER\Version_22\attacked\1024p\watermarked_image_1024_1\Geometric\TRANS_x2_y2_watermarked_image_1024_1.png,0,87.5,0.0069,"[0, 2, 2, 5, 6, 4, 3, 2, 'X', 0, 4, 5, 'X', 2, 6, 3]"
2026-05-20T20:13:09.597612,1024p,Geometric,translation,x4_y4,TRANS_x4_y4_watermarked_image_1024_1.png,N:\Desktop\WORKING PAPERS\MVDW-NIKOS-PAPER\Version_22\attacked\1024p\watermarked_image_1024_1\Geometric\TRANS_x4_y4_watermarked_image_1024_1.png,0,18.75,0.2188,"['X', 'X', 'X', 'X', 6, 'X', 3, 'X', 'X', 'X', 4, 'X', 'X', 'X', 'X', 'X']"
2026-05-20T20:13:11.076355,1024p,Resize,resize,110,RESIZE_110_watermarked_image_1024_1.png,N:\Desktop\WORKING PAPERS\MVDW-NIKOS-PAPER\Version_22\attacked\1024p\watermarked_image_1024_1\Resize\RESIZE_110_watermarked_image_1024_1.png,0,100.0,0.0,"[0, 2, 2, 5, 6, 4, 3, 2, 0, 0, 4, 5, 1, 2, 6, 3]"
2026-05-20T20:13:12.566497,1024p,Resize,resize,90,RESIZE_90_watermarked_image_1024_1.png,N:\Desktop\WORKING PAPERS\MVDW-NIKOS-PAPER\Version_22\attacked\1024p\watermarked_image_1024_1\Resize\RESIZE_90_watermarked_image_1024_1.png,0,56.25,0.0486,"['X', 2, 2, 'X', 6, 4, 'X', 'X', 'X', 0, 'X', 5, 'X', 2, 6, 3]"
2026-05-20T20:13:14.049963,1024p,Crops,crop,BothHorizontal_25,Croped_BothHorizontal_25_watermarked_image_1024_2.png,N:\Desktop\WORKING PAPERS\MVDW-NIKOS-PAPER\Version_22\attacked\1024p\watermarked_image_1024_2\Crops\Croped_BothHorizontal_25_watermarked_image_1024_2.png,0,68.75,0.1042,"['X', 2, 2, 'X', 6, 4, 3, 2, 0, 0, 4, 5, 'X', 'X', 6, 'X']"
2026-05-20T20:13:15.504955,1024p,Crops,crop,BothHorizontal_50,Croped_BothHorizontal_50_watermarked_image_1024_2.png,N:\Desktop\WORKING PAPERS\MVDW-NIKOS-PAPER\Version_22\attacked\1024p\watermarked_image_1024_2\Crops\Croped_BothHorizontal_50_watermarked_image_1024_2.png,0,50.0,0.1875,"['X', 'X', 'X', 'X', 6, 4, 3, 2, 0, 0, 4, 5, 'X', 'X', 'X', 'X']"
2026-05-20T20:13:16.951112,1024p,Crops,crop,BothHorizontal_75,Croped_BothHorizontal_75_watermarked_image_1024_2.png,N:\Desktop\WORKING PAPERS\MVDW-NIKOS-PAPER\Version_22\attacked\1024p\watermarked_image_1024_2\Crops\Croped_BothHorizontal_75_watermarked_image_1024_2.png,0,18.75,0.2743,"['X', 'X', 'X', 'X', 'X', 'X', 'X', 2, 'X', 'X', 4, 5, 'X', 'X', 'X', 'X']"
2026-05-20T20:13:18.445026,1024p,Crops,crop,BothVertical_25,Croped_BothVertical_25_watermarked_image_1024_2.png,N:\Desktop\WORKING PAPERS\MVDW-NIKOS-PAPER\Version_22\attacked\1024p\watermarked_image_1024_2\Crops\Croped_BothVertical_25_watermarked_image_1024_2.png,0,87.5,0.0486,"[0, 2, 2, 5, 6, 4, 3, 2, 0, 0, 4, 'X', 'X', 2, 6, 3]"
2026-05-20T20:13:19.885769,1024p,Crops,crop,BothVertical_50,Croped_BothVertical_50_watermarked_image_1024_2.png,N:\Desktop\WORKING PAPERS\MVDW-NIKOS-PAPER\Version_22\attacked\1024p\watermarked_image_1024_2\Crops\Croped_BothVertical_50_watermarked_image_1024_2.png,0,50.0,0.1875,"['X', 2, 2, 'X', 'X', 4, 3, 'X', 'X', 0, 4, 'X', 'X', 2, 6, 'X']"
2026-05-20T20:13:21.293658,1024p,Crops,crop,BothVertical_75,Croped_BothVertical_75_watermarked_image_1024_2.png,N:\Desktop\WORKING PAPERS\MVDW-NIKOS-PAPER\Version_22\attacked\1024p\watermarked_image_1024_2\Crops\Croped_BothVertical_75_watermarked_image_1024_2.png,0,18.75,0.2934,"['X', 2, 'X', 'X', 'X', 'X', 3, 'X', 'X', 'X', 4, 'X', 'X', 'X', 'X', 'X']"
2026-05-20T20:13:22.762508,1024p,Crops,crop,Bottom_25,Croped_Bottom_25_watermarked_image_1024_2.png,N:\Desktop\WORKING PAPERS\MVDW-NIKOS-PAPER\Version_22\attacked\1024p\watermarked_image_1024_2\Crops\Croped_Bottom_25_watermarked_image_1024_2.png,0,75.0,0.0903,"[0, 2, 2, 5, 6, 4, 3, 2, 0, 0, 4, 5, 'X', 'X', 'X', 'X']"
2026-05-20T20:13:24.212330,1024p,Crops,crop,Bottom_50,Croped_Bottom_50_watermarked_image_1024_2.png,N:\Desktop\WORKING PAPERS\MVDW-NIKOS-PAPER\Version_22\attacked\1024p\watermarked_image_1024_2\Crops\Croped_Bottom_50_watermarked_image_1024_2.png,0,50.0,0.184,"[0, 2, 2, 5, 6, 4, 3, 2, 'X', 'X', 'X', 'X', 'X', 'X', 'X', 'X']"
2026-05-20T20:13:25.618063,1024p,Crops,crop,Bottom_75,Croped_Bottom_75_watermarked_image_1024_2.png,N:\Desktop\WORKING PAPERS\MVDW-NIKOS-PAPER\Version_22\attacked\1024p\watermarked_image_1024_2\Crops\Croped_Bottom_75_watermarked_image_1024_2.png,0,25.0,0.2708,"[0, 2, 2, 5, 'X', 'X', 'X', 'X', 'X', 'X', 'X', 'X', 'X', 'X', 'X', 'X']"
2026-05-20T20:13:27.088793,1024p,Crops,crop,Left_25,Croped_Left_25_watermarked_image_1024_2.png,N:\Desktop\WORKING PAPERS\MVDW-NIKOS-PAPER\Version_22\attacked\1024p\watermarked_image_1024_2\Crops\Croped_Left_25_watermarked_image_1024_2.png,0,75.0,0.0903,"['X', 2, 2, 5, 'X', 4, 3, 2, 'X', 0, 4, 5, 'X', 2, 6, 3]"
2026-05-20T20:13:28.562156,1024p,Crops,crop,Left_50,Croped_Left_50_watermarked_image_1024_2.png,N:\Desktop\WORKING PAPERS\MVDW-NIKOS-PAPER\Version_22\attacked\1024p\watermarked_image_1024_2\Crops\Croped_Left_50_watermarked_image_1024_2.png,0,50.0,0.184,"['X', 'X', 2, 5, 'X', 'X', 3, 2, 'X', 'X', 4, 5, 'X', 'X', 6, 3]"
2026-05-20T20:13:29.974680,1024p,Crops,crop,Left_75,Croped_Left_75_watermarked_image_1024_2.png,N:\Desktop\WORKING PAPERS\MVDW-NIKOS-PAPER\Version_22\attacked\1024p\watermarked_image_1024_2\Crops\Croped_Left_75_watermarked_image_1024_2.png,0,25.0,0.2708,"['X', 'X', 'X', 5, 'X', 'X', 'X', 2, 'X', 'X', 'X', 5, 'X', 'X', 'X', 3]"
2026-05-20T20:13:31.449851,1024p,Crops,crop,Right_25,Croped_Right_25_watermarked_image_1024_2.png,N:\Desktop\WORKING PAPERS\MVDW-NIKOS-PAPER\Version_22\attacked\1024p\watermarked_image_1024_2\Crops\Croped_Right_25_watermarked_image_1024_2.png,0,75.0,0.0972,"[0, 2, 2, 'X', 6, 4, 3, 'X', 0, 0, 4, 'X', 1, 2, 6, 'X']"
2026-05-20T20:13:32.893211,1024p,Crops,crop,Right_50,Croped_Right_50_watermarked_image_1024_2.png,N:\Desktop\WORKING PAPERS\MVDW-NIKOS-PAPER\Version_22\attacked\1024p\watermarked_image_1024_2\Crops\Croped_Right_50_watermarked_image_1024_2.png,0,50.0,0.184,"[0, 2, 'X', 'X', 6, 4, 'X', 'X', 0, 0, 'X', 'X', 1, 2, 'X', 'X']"
2026-05-20T20:13:34.292224,1024p,Crops,crop,Right_75,Croped_Right_75_watermarked_image_1024_2.png,N:\Desktop\WORKING PAPERS\MVDW-NIKOS-PAPER\Version_22\attacked\1024p\watermarked_image_1024_2\Crops\Croped_Right_75_watermarked_image_1024_2.png,0,25.0,0.2778,"[0, 'X', 'X', 'X', 6, 'X', 'X', 'X', 0, 'X', 'X', 'X', 1, 'X', 'X', 'X']"
2026-05-20T20:13:35.773140,1024p,Crops,crop,Top_25,Croped_Top_25_watermarked_image_1024_2.png,N:\Desktop\WORKING PAPERS\MVDW-NIKOS-PAPER\Version_22\attacked\1024p\watermarked_image_1024_2\Crops\Croped_Top_25_watermarked_image_1024_2.png,0,75.0,0.0972,"['X', 'X', 'X', 'X', 6, 4, 3, 2, 0, 0, 4, 5, 1, 2, 6, 3]"
2026-05-20T20:13:37.226297,1024p,Crops,crop,Top_50,Croped_Top_50_watermarked_image_1024_2.png,N:\Desktop\WORKING PAPERS\MVDW-NIKOS-PAPER\Version_22\attacked\1024p\watermarked_image_1024_2\Crops\Croped_Top_50_watermarked_image_1024_2.png,0,50.0,0.184,"['X', 'X', 'X', 'X', 'X', 'X', 'X', 'X', 0, 0, 4, 5, 1, 2, 6, 3]"
2026-05-20T20:13:38.635307,1024p,Crops,crop,Top_75,Croped_Top_75_watermarked_image_1024_2.png,N:\Desktop\WORKING PAPERS\MVDW-NIKOS-PAPER\Version_22\attacked\1024p\watermarked_image_1024_2\Crops\Croped_Top_75_watermarked_image_1024_2.png,0,25.0,0.2778,"['X', 'X', 'X', 'X', 'X', 'X', 'X', 'X', 'X', 'X', 'X', 'X', 1, 2, 6, 3]"
2026-05-20T20:13:40.139812,1024p,Filters,jpeg,70,Compressed_q70_watermarked_image_1024_2.jpg,N:\Desktop\WORKING PAPERS\MVDW-NIKOS-PAPER\Version_22\attacked\1024p\watermarked_image_1024_2\Filters\Compressed_q70_watermarked_image_1024_2.jpg,0,43.75,0.1944,"['X', 'X', 'X', 'X', 'X', 4, 3, 2, 'X', 0, 4, 'X', 'X', 'X', 6, 3]"
2026-05-20T20:13:41.646951,1024p,Filters,jpeg,80,Compressed_q80_watermarked_image_1024_2.jpg,N:\Desktop\WORKING PAPERS\MVDW-NIKOS-PAPER\Version_22\attacked\1024p\watermarked_image_1024_2\Filters\Compressed_q80_watermarked_image_1024_2.jpg,0,37.5,0.2587,"['X', 'X', 'X', 'X', 6, 'X', 3, 2, 'X', 0, 4, 'X', 'X', 'X', 6, 'X']"
2026-05-20T20:13:43.143801,1024p,Filters,jpeg,90,Compressed_q90_watermarked_image_1024_2.jpg,N:\Desktop\WORKING PAPERS\MVDW-NIKOS-PAPER\Version_22\attacked\1024p\watermarked_image_1024_2\Filters\Compressed_q90_watermarked_image_1024_2.jpg,0,93.75,0.0139,"[0, 'X', 2, 5, 6, 4, 3, 2, 0, 0, 4, 5, 1, 2, 6, 3]"
2026-05-20T20:13:44.647108,1024p,Filters,gaussian_blur,3,GB_k3_watermarked_image_1024_2.png,N:\Desktop\WORKING PAPERS\MVDW-NIKOS-PAPER\Version_22\attacked\1024p\watermarked_image_1024_2\Filters\GB_k3_watermarked_image_1024_2.png,0,6.25,0.3472,"['X', 'X', 'X', 'X', 'X', 'X', 'X', 'X', 'X', 'X', 'X', 'X', 'X', 'X', 6, 'X']"
2026-05-20T20:13:46.153492,1024p,Filters,gaussian_blur,5,GB_k5_watermarked_image_1024_2.png,N:\Desktop\WORKING PAPERS\MVDW-NIKOS-PAPER\Version_22\attacked\1024p\watermarked_image_1024_2\Filters\GB_k5_watermarked_image_1024_2.png,0,25.0,0.3663,"['X', 'X', 'X', 5, 'X', 'X', 3, 'X', 'X', 'X', 4, 5, 'X', 'X', 'X', 'X']"
2026-05-20T20:13:47.658770,1024p,Filters,gaussian_blur,7,GB_k7_watermarked_image_1024_2.png,N:\Desktop\WORKING PAPERS\MVDW-NIKOS-PAPER\Version_22\attacked\1024p\watermarked_image_1024_2\Filters\GB_k7_watermarked_image_1024_2.png,0,0.0,0.3507,"['X', 'X', 'X', 'X', 'X', 'X', 'X', 'X', 'X', 'X', 'X', 'X', 'X', 'X', 'X', 'X']"
2026-05-20T20:13:49.159680,1024p,Filters,gaussian_noise,0.05,GN_lvl0.05_watermarked_image_1024_2.png,N:\Desktop\WORKING PAPERS\MVDW-NIKOS-PAPER\Version_22\attacked\1024p\watermarked_image_1024_2\Filters\GN_lvl0.05_watermarked_image_1024_2.png,0,100.0,0.0,"[0, 2, 2, 5, 6, 4, 3, 2, 0, 0, 4, 5, 1, 2, 6, 3]"
2026-05-20T20:13:50.680688,1024p,Filters,gaussian_noise,0.1,GN_lvl0.1_watermarked_image_1024_2.png,N:\Desktop\WORKING PAPERS\MVDW-NIKOS-PAPER\Version_22\attacked\1024p\watermarked_image_1024_2\Filters\GN_lvl0.1_watermarked_image_1024_2.png,0,100.0,0.0,"[0, 2, 2, 5, 6, 4, 3, 2, 0, 0, 4, 5, 1, 2, 6, 3]"
2026-05-20T20:13:52.190909,1024p,Filters,gaussian_noise,0.2,GN_lvl0.2_watermarked_image_1024_2.png,N:\Desktop\WORKING PAPERS\MVDW-NIKOS-PAPER\Version_22\attacked\1024p\watermarked_image_1024_2\Filters\GN_lvl0.2_watermarked_image_1024_2.png,0,100.0,0.0,"[0, 2, 2, 5, 6, 4, 3, 2, 0, 0, 4, 5, 1, 2, 6, 3]"
2026-05-20T20:13:53.696897,1024p,Filters,gamma,,Gamma_watermarked_image_1024_2.png,N:\Desktop\WORKING PAPERS\MVDW-NIKOS-PAPER\Version_22\attacked\1024p\watermarked_image_1024_2\Filters\Gamma_watermarked_image_1024_2.png,0,93.75,0.0226,"[0, 2, 'X', 5, 6, 4, 3, 2, 0, 0, 4, 5, 1, 2, 6, 3]"
2026-05-20T20:13:55.200126,1024p,Filters,histogram_equalization,,HEQ_watermarked_image_1024_2.png,N:\Desktop\WORKING PAPERS\MVDW-NIKOS-PAPER\Version_22\attacked\1024p\watermarked_image_1024_2\Filters\HEQ_watermarked_image_1024_2.png,0,100.0,0.0,"[0, 2, 2, 5, 6, 4, 3, 2, 0, 0, 4, 5, 1, 2, 6, 3]"
2026-05-20T20:13:56.688115,1024p,Filters,motion_blur,3,MB_k3_watermarked_image_1024_2.png,N:\Desktop\WORKING PAPERS\MVDW-NIKOS-PAPER\Version_22\attacked\1024p\watermarked_image_1024_2\Filters\MB_k3_watermarked_image_1024_2.png,0,100.0,0.0,"[0, 2, 2, 5, 6, 4, 3, 2, 0, 0, 4, 5, 1, 2, 6, 3]"
2026-05-20T20:13:58.185217,1024p,Filters,motion_blur,5,MB_k5_watermarked_image_1024_2.png,N:\Desktop\WORKING PAPERS\MVDW-NIKOS-PAPER\Version_22\attacked\1024p\watermarked_image_1024_2\Filters\MB_k5_watermarked_image_1024_2.png,0,100.0,0.0,"[0, 2, 2, 5, 6, 4, 3, 2, 0, 0, 4, 5, 1, 2, 6, 3]"
2026-05-20T20:13:59.708148,1024p,Filters,motion_blur,7,MB_k7_watermarked_image_1024_2.png,N:\Desktop\WORKING PAPERS\MVDW-NIKOS-PAPER\Version_22\attacked\1024p\watermarked_image_1024_2\Filters\MB_k7_watermarked_image_1024_2.png,0,81.25,0.0382,"['X', 2, 'X', 5, 6, 'X', 3, 2, 0, 0, 4, 5, 1, 2, 6, 3]"
2026-05-20T20:14:01.256597,1024p,Filters,mean_filter,3,MEAN_k3_watermarked_image_1024_2.png,N:\Desktop\WORKING PAPERS\MVDW-NIKOS-PAPER\Version_22\attacked\1024p\watermarked_image_1024_2\Filters\MEAN_k3_watermarked_image_1024_2.png,0,93.75,0.0052,"[0, 2, 2, 'X', 6, 4, 3, 2, 0, 0, 4, 5, 1, 2, 6, 3]"
2026-05-20T20:14:02.759210,1024p,Filters,mean_filter,5,MEAN_k5_watermarked_image_1024_2.png,N:\Desktop\WORKING PAPERS\MVDW-NIKOS-PAPER\Version_22\attacked\1024p\watermarked_image_1024_2\Filters\MEAN_k5_watermarked_image_1024_2.png,0,62.5,0.0816,"['X', 2, 'X', 'X', 6, 4, 3, 2, 'X', 0, 'X', 5, 'X', 2, 6, 3]"
2026-05-20T20:14:04.280779,1024p,Filters,median_filter,3,MF_k3_watermarked_image_1024_2.png,N:\Desktop\WORKING PAPERS\MVDW-NIKOS-PAPER\Version_22\attacked\1024p\watermarked_image_1024_2\Filters\MF_k3_watermarked_image_1024_2.png,0,75.0,0.033,"['X', 2, 'X', 'X', 6, 'X', 3, 2, 0, 0, 4, 5, 1, 2, 6, 3]"
2026-05-20T20:14:05.785148,1024p,Filters,median_filter,5,MF_k5_watermarked_image_1024_2.png,N:\Desktop\WORKING PAPERS\MVDW-NIKOS-PAPER\Version_22\attacked\1024p\watermarked_image_1024_2\Filters\MF_k5_watermarked_image_1024_2.png,0,68.75,0.0694,"[0, 2, 'X', 'X', 6, 4, 3, 'X', 'X', 0, 4, 5, 'X', 2, 6, 3]"
2026-05-20T20:14:07.268030,1024p,Filters,median_filter,7,MF_k7_watermarked_image_1024_2.png,N:\Desktop\WORKING PAPERS\MVDW-NIKOS-PAPER\Version_22\attacked\1024p\watermarked_image_1024_2\Filters\MF_k7_watermarked_image_1024_2.png,0,6.25,0.3003,"['X', 'X', 'X', 'X', 'X', 'X', 'X', 'X', 'X', 'X', 'X', 'X', 'X', 'X', 'X', 3]"
2026-05-20T20:14:08.770755,1024p,Filters,sharpening,,SHARP_watermarked_image_1024_2.png,N:\Desktop\WORKING PAPERS\MVDW-NIKOS-PAPER\Version_22\attacked\1024p\watermarked_image_1024_2\Filters\SHARP_watermarked_image_1024_2.png,0,100.0,0.0,"[0, 2, 2, 5, 6, 4, 3, 2, 0, 0, 4, 5, 1, 2, 6, 3]"
2026-05-20T20:14:10.272316,1024p,Filters,salt_pepper,0.05,SaP_p0.05_watermarked_image_1024_2.png,N:\Desktop\WORKING PAPERS\MVDW-NIKOS-PAPER\Version_22\attacked\1024p\watermarked_image_1024_2\Filters\SaP_p0.05_watermarked_image_1024_2.png,0,6.25,0.2969,"['X', 'X', 'X', 'X', 'X', 'X', 'X', 'X', 'X', 'X', 4, 'X', 'X', 'X', 'X', 'X']"
2026-05-20T20:14:11.782203,1024p,Filters,salt_pepper,0.1,SaP_p0.1_watermarked_image_1024_2.png,N:\Desktop\WORKING PAPERS\MVDW-NIKOS-PAPER\Version_22\attacked\1024p\watermarked_image_1024_2\Filters\SaP_p0.1_watermarked_image_1024_2.png,0,6.25,0.3351,"['X', 'X', 'X', 'X', 'X', 'X', 'X', 'X', 'X', 'X', 'X', 'X', 'X', 'X', 'X', 3]"
2026-05-20T20:14:13.269687,1024p,Filters,salt_pepper,0.2,SaP_p0.2_watermarked_image_1024_2.png,N:\Desktop\WORKING PAPERS\MVDW-NIKOS-PAPER\Version_22\attacked\1024p\watermarked_image_1024_2\Filters\SaP_p0.2_watermarked_image_1024_2.png,0,6.25,0.3229,"['X', 'X', 'X', 'X', 'X', 'X', 'X', 'X', 'X', 'X', 'X', 5, 'X', 'X', 'X', 'X']"
2026-05-20T20:14:14.782515,1024p,Geometric,horizontal_flip,,HFLIP_watermarked_image_1024_2.png,N:\Desktop\WORKING PAPERS\MVDW-NIKOS-PAPER\Version_22\attacked\1024p\watermarked_image_1024_2\Geometric\HFLIP_watermarked_image_1024_2.png,0,6.25,0.3698,"['X', 'X', 'X', 'X', 6, 'X', 'X', 'X', 'X', 'X', 'X', 'X', 'X', 'X', 'X', 'X']"
2026-05-20T20:14:16.338228,1024p,Geometric,rotation,-10,ROT_-10_watermarked_image_1024_2.png,N:\Desktop\WORKING PAPERS\MVDW-NIKOS-PAPER\Version_22\attacked\1024p\watermarked_image_1024_2\Geometric\ROT_-10_watermarked_image_1024_2.png,0,6.25,0.3594,"['X', 'X', 'X', 'X', 'X', 'X', 'X', 'X', 'X', 'X', 'X', 5, 'X', 'X', 'X', 'X']"
2026-05-20T20:14:17.846564,1024p,Geometric,rotation,10,ROT_10_watermarked_image_1024_2.png,N:\Desktop\WORKING PAPERS\MVDW-NIKOS-PAPER\Version_22\attacked\1024p\watermarked_image_1024_2\Geometric\ROT_10_watermarked_image_1024_2.png,0,6.25,0.3455,"['X', 2, 'X', 'X', 'X', 'X', 'X', 'X', 'X', 'X', 'X', 'X', 'X', 'X', 'X', 'X']"
2026-05-20T20:14:19.356351,1024p,Geometric,rotation,5,ROT_5_watermarked_image_1024_2.png,N:\Desktop\WORKING PAPERS\MVDW-NIKOS-PAPER\Version_22\attacked\1024p\watermarked_image_1024_2\Geometric\ROT_5_watermarked_image_1024_2.png,0,6.25,0.3594,"['X', 2, 'X', 'X', 'X', 'X', 'X', 'X', 'X', 'X', 'X', 'X', 'X', 'X', 'X', 'X']"
2026-05-20T20:14:20.868436,1024p,Geometric,translation,x2_y2,TRANS_x2_y2_watermarked_image_1024_2.png,N:\Desktop\WORKING PAPERS\MVDW-NIKOS-PAPER\Version_22\attacked\1024p\watermarked_image_1024_2\Geometric\TRANS_x2_y2_watermarked_image_1024_2.png,0,100.0,0.0,"[0, 2, 2, 5, 6, 4, 3, 2, 0, 0, 4, 5, 1, 2, 6, 3]"
2026-05-20T20:14:22.376306,1024p,Geometric,translation,x4_y4,TRANS_x4_y4_watermarked_image_1024_2.png,N:\Desktop\WORKING PAPERS\MVDW-NIKOS-PAPER\Version_22\attacked\1024p\watermarked_image_1024_2\Geometric\TRANS_x4_y4_watermarked_image_1024_2.png,0,18.75,0.2674,"[0, 'X', 2, 'X', 'X', 'X', 'X', 2, 'X', 'X', 'X', 'X', 'X', 'X', 'X', 'X']"
2026-05-20T20:14:23.901698,1024p,Resize,resize,110,RESIZE_110_watermarked_image_1024_2.png,N:\Desktop\WORKING PAPERS\MVDW-NIKOS-PAPER\Version_22\attacked\1024p\watermarked_image_1024_2\Resize\RESIZE_110_watermarked_image_1024_2.png,0,100.0,0.0,"[0, 2, 2, 5, 6, 4, 3, 2, 0, 0, 4, 5, 1, 2, 6, 3]"
2026-05-20T20:14:25.416791,1024p,Resize,resize,90,RESIZE_90_watermarked_image_1024_2.png,N:\Desktop\WORKING PAPERS\MVDW-NIKOS-PAPER\Version_22\attacked\1024p\watermarked_image_1024_2\Resize\RESIZE_90_watermarked_image_1024_2.png,0,62.5,0.0382,"['X', 2, 2, 5, 6, 4, 'X', 2, 0, 0, 'X', 5, 'X', 'X', 6, 'X']"
2026-05-20T20:14:26.890119,1024p,Crops,crop,BothHorizontal_25,Croped_BothHorizontal_25_watermarked_image_1024_3.png,N:\Desktop\WORKING PAPERS\MVDW-NIKOS-PAPER\Version_22\attacked\1024p\watermarked_image_1024_3\Crops\Croped_BothHorizontal_25_watermarked_image_1024_3.png,0,62.5,0.1406,"['X', 'X', 'X', 'X', 6, 4, 3, 2, 0, 0, 4, 5, 1, 'X', 6, 'X']"
2026-05-20T20:14:28.340860,1024p,Crops,crop,BothHorizontal_50,Croped_BothHorizontal_50_watermarked_image_1024_3.png,N:\Desktop\WORKING PAPERS\MVDW-NIKOS-PAPER\Version_22\attacked\1024p\watermarked_image_1024_3\Crops\Croped_BothHorizontal_50_watermarked_image_1024_3.png,0,50.0,0.1875,"['X', 'X', 'X', 'X', 6, 4, 3, 2, 0, 0, 4, 5, 'X', 'X', 'X', 'X']"
2026-05-20T20:14:29.742377,1024p,Crops,crop,BothHorizontal_75,Croped_BothHorizontal_75_watermarked_image_1024_3.png,N:\Desktop\WORKING PAPERS\MVDW-NIKOS-PAPER\Version_22\attacked\1024p\watermarked_image_1024_3\Crops\Croped_BothHorizontal_75_watermarked_image_1024_3.png,0,6.25,0.3142,"['X', 'X', 'X', 'X', 'X', 4, 'X', 'X', 'X', 'X', 'X', 'X', 'X', 'X', 'X', 'X']"
2026-05-20T20:14:31.183482,1024p,Crops,crop,BothVertical_25,Croped_BothVertical_25_watermarked_image_1024_3.png,N:\Desktop\WORKING PAPERS\MVDW-NIKOS-PAPER\Version_22\attacked\1024p\watermarked_image_1024_3\Crops\Croped_BothVertical_25_watermarked_image_1024_3.png,0,50.0,0.1875,"['X', 2, 2, 'X', 'X', 4, 3, 'X', 'X', 0, 4, 'X', 'X', 2, 6, 'X']"
2026-05-20T20:14:32.642545,1024p,Crops,crop,BothVertical_50,Croped_BothVertical_50_watermarked_image_1024_3.png,N:\Desktop\WORKING PAPERS\MVDW-NIKOS-PAPER\Version_22\attacked\1024p\watermarked_image_1024_3\Crops\Croped_BothVertical_50_watermarked_image_1024_3.png,0,50.0,0.1875,"['X', 2, 2, 'X', 'X', 4, 3, 'X', 'X', 0, 4, 'X', 'X', 2, 6, 'X']"
2026-05-20T20:14:34.067671,1024p,Crops,crop,BothVertical_75,Croped_BothVertical_75_watermarked_image_1024_3.png,N:\Desktop\WORKING PAPERS\MVDW-NIKOS-PAPER\Version_22\attacked\1024p\watermarked_image_1024_3\Crops\Croped_BothVertical_75_watermarked_image_1024_3.png,0,37.5,0.2257,"['X', 2, 2, 'X', 'X', 4, 3, 'X', 'X', 0, 'X', 'X', 'X', 2, 'X', 'X']"
2026-05-20T20:14:35.539518,1024p,Crops,crop,Bottom_25,Croped_Bottom_25_watermarked_image_1024_3.png,N:\Desktop\WORKING PAPERS\MVDW-NIKOS-PAPER\Version_22\attacked\1024p\watermarked_image_1024_3\Crops\Croped_Bottom_25_watermarked_image_1024_3.png,0,75.0,0.0903,"[0, 2, 2, 5, 6, 4, 3, 2, 0, 0, 4, 5, 'X', 'X', 'X', 'X']"
2026-05-20T20:14:36.991652,1024p,Crops,crop,Bottom_50,Croped_Bottom_50_watermarked_image_1024_3.png,N:\Desktop\WORKING PAPERS\MVDW-NIKOS-PAPER\Version_22\attacked\1024p\watermarked_image_1024_3\Crops\Croped_Bottom_50_watermarked_image_1024_3.png,0,50.0,0.184,"[0, 2, 2, 5, 6, 4, 3, 2, 'X', 'X', 'X', 'X', 'X', 'X', 'X', 'X']"
2026-05-20T20:14:38.400616,1024p,Crops,crop,Bottom_75,Croped_Bottom_75_watermarked_image_1024_3.png,N:\Desktop\WORKING PAPERS\MVDW-NIKOS-PAPER\Version_22\attacked\1024p\watermarked_image_1024_3\Crops\Croped_Bottom_75_watermarked_image_1024_3.png,0,25.0,0.2708,"[0, 2, 2, 5, 'X', 'X', 'X', 'X', 'X', 'X', 'X', 'X', 'X', 'X', 'X', 'X']"
2026-05-20T20:14:39.898943,1024p,Crops,crop,Left_25,Croped_Left_25_watermarked_image_1024_3.png,N:\Desktop\WORKING PAPERS\MVDW-NIKOS-PAPER\Version_22\attacked\1024p\watermarked_image_1024_3\Crops\Croped_Left_25_watermarked_image_1024_3.png,0,75.0,0.0903,"['X', 2, 2, 5, 'X', 4, 3, 2, 'X', 0, 4, 5, 'X', 2, 6, 3]"
2026-05-20T20:14:41.365264,1024p,Crops,crop,Left_50,Croped_Left_50_watermarked_image_1024_3.png,N:\Desktop\WORKING PAPERS\MVDW-NIKOS-PAPER\Version_22\attacked\1024p\watermarked_image_1024_3\Crops\Croped_Left_50_watermarked_image_1024_3.png,0,50.0,0.184,"['X', 'X', 2, 5, 'X', 'X', 3, 2, 'X', 'X', 4, 5, 'X', 'X', 6, 3]"
2026-05-20T20:14:42.818183,1024p,Crops,crop,Left_75,Croped_Left_75_watermarked_image_1024_3.png,N:\Desktop\WORKING PAPERS\MVDW-NIKOS-PAPER\Version_22\attacked\1024p\watermarked_image_1024_3\Crops\Croped_Left_75_watermarked_image_1024_3.png,0,25.0,0.2708,"['X', 'X', 'X', 5, 'X', 'X', 'X', 2, 'X', 'X', 'X', 5, 'X', 'X', 'X', 3]"
2026-05-20T20:14:44.322310,1024p,Crops,crop,Right_25,Croped_Right_25_watermarked_image_1024_3.png,N:\Desktop\WORKING PAPERS\MVDW-NIKOS-PAPER\Version_22\attacked\1024p\watermarked_image_1024_3\Crops\Croped_Right_25_watermarked_image_1024_3.png,0,75.0,0.0972,"[0, 2, 2, 'X', 6, 4, 3, 'X', 0, 0, 4, 'X', 1, 2, 6, 'X']"
2026-05-20T20:14:45.758762,1024p,Crops,crop,Right_50,Croped_Right_50_watermarked_image_1024_3.png,N:\Desktop\WORKING PAPERS\MVDW-NIKOS-PAPER\Version_22\attacked\1024p\watermarked_image_1024_3\Crops\Croped_Right_50_watermarked_image_1024_3.png,0,50.0,0.184,"[0, 2, 'X', 'X', 6, 4, 'X', 'X', 0, 0, 'X', 'X', 1, 2, 'X', 'X']"
2026-05-20T20:14:47.157277,1024p,Crops,crop,Right_75,Croped_Right_75_watermarked_image_1024_3.png,N:\Desktop\WORKING PAPERS\MVDW-NIKOS-PAPER\Version_22\attacked\1024p\watermarked_image_1024_3\Crops\Croped_Right_75_watermarked_image_1024_3.png,0,25.0,0.2778,"[0, 'X', 'X', 'X', 6, 'X', 'X', 'X', 0, 'X', 'X', 'X', 1, 'X', 'X', 'X']"
2026-05-20T20:14:48.632620,1024p,Crops,crop,Top_25,Croped_Top_25_watermarked_image_1024_3.png,N:\Desktop\WORKING PAPERS\MVDW-NIKOS-PAPER\Version_22\attacked\1024p\watermarked_image_1024_3\Crops\Croped_Top_25_watermarked_image_1024_3.png,0,75.0,0.0972,"['X', 'X', 'X', 'X', 6, 4, 3, 2, 0, 0, 4, 5, 1, 2, 6, 3]"
2026-05-20T20:14:50.066211,1024p,Crops,crop,Top_50,Croped_Top_50_watermarked_image_1024_3.png,N:\Desktop\WORKING PAPERS\MVDW-NIKOS-PAPER\Version_22\attacked\1024p\watermarked_image_1024_3\Crops\Croped_Top_50_watermarked_image_1024_3.png,0,50.0,0.184,"['X', 'X', 'X', 'X', 'X', 'X', 'X', 'X', 0, 0, 4, 5, 1, 2, 6, 3]"
2026-05-20T20:14:51.470983,1024p,Crops,crop,Top_75,Croped_Top_75_watermarked_image_1024_3.png,N:\Desktop\WORKING PAPERS\MVDW-NIKOS-PAPER\Version_22\attacked\1024p\watermarked_image_1024_3\Crops\Croped_Top_75_watermarked_image_1024_3.png,0,25.0,0.2778,"['X', 'X', 'X', 'X', 'X', 'X', 'X', 'X', 'X', 'X', 'X', 'X', 1, 2, 6, 3]"
2026-05-20T20:14:52.933208,1024p,Filters,jpeg,70,Compressed_q70_watermarked_image_1024_3.jpg,N:\Desktop\WORKING PAPERS\MVDW-NIKOS-PAPER\Version_22\attacked\1024p\watermarked_image_1024_3\Filters\Compressed_q70_watermarked_image_1024_3.jpg,0,18.75,0.3194,"['X', 2, 'X', 'X', 6, 4, 'X', 'X', 'X', 'X', 'X', 'X', 'X', 'X', 'X', 'X']"
2026-05-20T20:14:54.409808,1024p,Filters,jpeg,80,Compressed_q80_watermarked_image_1024_3.jpg,N:\Desktop\WORKING PAPERS\MVDW-NIKOS-PAPER\Version_22\attacked\1024p\watermarked_image_1024_3\Filters\Compressed_q80_watermarked_image_1024_3.jpg,0,25.0,0.2674,"['X', 'X', 'X', 'X', 'X', 4, 'X', 'X', 'X', 0, 4, 'X', 'X', 2, 'X', 'X']"
2026-05-20T20:14:55.910013,1024p,Filters,jpeg,90,Compressed_q90_watermarked_image_1024_3.jpg,N:\Desktop\WORKING PAPERS\MVDW-NIKOS-PAPER\Version_22\attacked\1024p\watermarked_image_1024_3\Filters\Compressed_q90_watermarked_image_1024_3.jpg,0,56.25,0.066,"[0, 'X', 2, 'X', 6, 4, 3, 2, 'X', 'X', 4, 'X', 1, 'X', 6, 'X']"
2026-05-20T20:14:57.406248,1024p,Filters,gaussian_blur,3,GB_k3_watermarked_image_1024_3.png,N:\Desktop\WORKING PAPERS\MVDW-NIKOS-PAPER\Version_22\attacked\1024p\watermarked_image_1024_3\Filters\GB_k3_watermarked_image_1024_3.png,0,18.75,0.2708,"['X', 'X', 'X', 5, 'X', 'X', 'X', 'X', 'X', 'X', 'X', 'X', 'X', 2, 6, 'X']"
2026-05-20T20:14:58.918304,1024p,Filters,gaussian_blur,5,GB_k5_watermarked_image_1024_3.png,N:\Desktop\WORKING PAPERS\MVDW-NIKOS-PAPER\Version_22\attacked\1024p\watermarked_image_1024_3\Filters\GB_k5_watermarked_image_1024_3.png,0,25.0,0.3056,"['X', 'X', 'X', 5, 6, 'X', 'X', 'X', 'X', 'X', 4, 'X', 'X', 'X', 6, 'X']"
2026-05-20T20:15:00.438496,1024p,Filters,gaussian_blur,7,GB_k7_watermarked_image_1024_3.png,N:\Desktop\WORKING PAPERS\MVDW-NIKOS-PAPER\Version_22\attacked\1024p\watermarked_image_1024_3\Filters\GB_k7_watermarked_image_1024_3.png,0,18.75,0.2604,"['X', 2, 'X', 5, 'X', 'X', 'X', 'X', 'X', 'X', 'X', 'X', 'X', 'X', 'X', 3]"
2026-05-20T20:15:01.939166,1024p,Filters,gaussian_noise,0.05,GN_lvl0.05_watermarked_image_1024_3.png,N:\Desktop\WORKING PAPERS\MVDW-NIKOS-PAPER\Version_22\attacked\1024p\watermarked_image_1024_3\Filters\GN_lvl0.05_watermarked_image_1024_3.png,0,100.0,0.0,"[0, 2, 2, 5, 6, 4, 3, 2, 0, 0, 4, 5, 1, 2, 6, 3]"
2026-05-20T20:15:03.436204,1024p,Filters,gaussian_noise,0.1,GN_lvl0.1_watermarked_image_1024_3.png,N:\Desktop\WORKING PAPERS\MVDW-NIKOS-PAPER\Version_22\attacked\1024p\watermarked_image_1024_3\Filters\GN_lvl0.1_watermarked_image_1024_3.png,0,100.0,0.0,"[0, 2, 2, 5, 6, 4, 3, 2, 0, 0, 4, 5, 1, 2, 6, 3]"
2026-05-20T20:15:04.926023,1024p,Filters,gaussian_noise,0.2,GN_lvl0.2_watermarked_image_1024_3.png,N:\Desktop\WORKING PAPERS\MVDW-NIKOS-PAPER\Version_22\attacked\1024p\watermarked_image_1024_3\Filters\GN_lvl0.2_watermarked_image_1024_3.png,0,100.0,0.0,"[0, 2, 2, 5, 6, 4, 3, 2, 0, 0, 4, 5, 1, 2, 6, 3]"
2026-05-20T20:15:06.446498,1024p,Filters,gamma,,Gamma_watermarked_image_1024_3.png,N:\Desktop\WORKING PAPERS\MVDW-NIKOS-PAPER\Version_22\attacked\1024p\watermarked_image_1024_3\Filters\Gamma_watermarked_image_1024_3.png,0,100.0,0.0,"[0, 2, 2, 5, 6, 4, 3, 2, 0, 0, 4, 5, 1, 2, 6, 3]"
2026-05-20T20:15:07.935164,1024p,Filters,histogram_equalization,,HEQ_watermarked_image_1024_3.png,N:\Desktop\WORKING PAPERS\MVDW-NIKOS-PAPER\Version_22\attacked\1024p\watermarked_image_1024_3\Filters\HEQ_watermarked_image_1024_3.png,0,100.0,0.0,"[0, 2, 2, 5, 6, 4, 3, 2, 0, 0, 4, 5, 1, 2, 6, 3]"
2026-05-20T20:15:09.437086,1024p,Filters,motion_blur,3,MB_k3_watermarked_image_1024_3.png,N:\Desktop\WORKING PAPERS\MVDW-NIKOS-PAPER\Version_22\attacked\1024p\watermarked_image_1024_3\Filters\MB_k3_watermarked_image_1024_3.png,0,100.0,0.0,"[0, 2, 2, 5, 6, 4, 3, 2, 0, 0, 4, 5, 1, 2, 6, 3]"
2026-05-20T20:15:10.937944,1024p,Filters,motion_blur,5,MB_k5_watermarked_image_1024_3.png,N:\Desktop\WORKING PAPERS\MVDW-NIKOS-PAPER\Version_22\attacked\1024p\watermarked_image_1024_3\Filters\MB_k5_watermarked_image_1024_3.png,0,100.0,0.0,"[0, 2, 2, 5, 6, 4, 3, 2, 0, 0, 4, 5, 1, 2, 6, 3]"
2026-05-20T20:15:12.433325,1024p,Filters,motion_blur,7,MB_k7_watermarked_image_1024_3.png,N:\Desktop\WORKING PAPERS\MVDW-NIKOS-PAPER\Version_22\attacked\1024p\watermarked_image_1024_3\Filters\MB_k7_watermarked_image_1024_3.png,0,93.75,0.0069,"[0, 2, 2, 5, 'X', 4, 3, 2, 0, 0, 4, 5, 1, 2, 6, 3]"
2026-05-20T20:15:13.935264,1024p,Filters,mean_filter,3,MEAN_k3_watermarked_image_1024_3.png,N:\Desktop\WORKING PAPERS\MVDW-NIKOS-PAPER\Version_22\attacked\1024p\watermarked_image_1024_3\Filters\MEAN_k3_watermarked_image_1024_3.png,0,87.5,0.0382,"['X', 2, 2, 5, 6, 4, 3, 2, 0, 0, 4, 5, 1, 2, 6, 'X']"
2026-05-20T20:15:15.437232,1024p,Filters,mean_filter,5,MEAN_k5_watermarked_image_1024_3.png,N:\Desktop\WORKING PAPERS\MVDW-NIKOS-PAPER\Version_22\attacked\1024p\watermarked_image_1024_3\Filters\MEAN_k5_watermarked_image_1024_3.png,0,87.5,0.0556,"['X', 2, 2, 5, 6, 4, 3, 'X', 0, 0, 4, 5, 1, 2, 6, 3]"
2026-05-20T20:15:16.946898,1024p,Filters,median_filter,3,MF_k3_watermarked_image_1024_3.png,N:\Desktop\WORKING PAPERS\MVDW-NIKOS-PAPER\Version_22\attacked\1024p\watermarked_image_1024_3\Filters\MF_k3_watermarked_image_1024_3.png,0,100.0,0.0,"[0, 2, 2, 5, 6, 4, 3, 2, 0, 0, 4, 5, 1, 2, 6, 3]"
2026-05-20T20:15:18.445513,1024p,Filters,median_filter,5,MF_k5_watermarked_image_1024_3.png,N:\Desktop\WORKING PAPERS\MVDW-NIKOS-PAPER\Version_22\attacked\1024p\watermarked_image_1024_3\Filters\MF_k5_watermarked_image_1024_3.png,0,93.75,0.0087,"[0, 2, 2, 5, 6, 4, 3, 2, 'X', 0, 4, 5, 1, 2, 6, 3]"
2026-05-20T20:15:19.928098,1024p,Filters,median_filter,7,MF_k7_watermarked_image_1024_3.png,N:\Desktop\WORKING PAPERS\MVDW-NIKOS-PAPER\Version_22\attacked\1024p\watermarked_image_1024_3\Filters\MF_k7_watermarked_image_1024_3.png,0,93.75,0.0365,"[0, 2, 2, 5, 6, 4, 3, 2, 'X', 0, 4, 5, 1, 2, 6, 3]"
2026-05-20T20:15:21.447615,1024p,Filters,sharpening,,SHARP_watermarked_image_1024_3.png,N:\Desktop\WORKING PAPERS\MVDW-NIKOS-PAPER\Version_22\attacked\1024p\watermarked_image_1024_3\Filters\SHARP_watermarked_image_1024_3.png,0,100.0,0.0,"[0, 2, 2, 5, 6, 4, 3, 2, 0, 0, 4, 5, 1, 2, 6, 3]"
2026-05-20T20:15:22.949901,1024p,Filters,salt_pepper,0.05,SaP_p0.05_watermarked_image_1024_3.png,N:\Desktop\WORKING PAPERS\MVDW-NIKOS-PAPER\Version_22\attacked\1024p\watermarked_image_1024_3\Filters\SaP_p0.05_watermarked_image_1024_3.png,0,6.25,0.2587,"['X', 'X', 'X', 'X', 'X', 'X', 'X', 'X', 'X', 'X', 'X', 5, 'X', 'X', 'X', 'X']"
2026-05-20T20:15:24.468519,1024p,Filters,salt_pepper,0.1,SaP_p0.1_watermarked_image_1024_3.png,N:\Desktop\WORKING PAPERS\MVDW-NIKOS-PAPER\Version_22\attacked\1024p\watermarked_image_1024_3\Filters\SaP_p0.1_watermarked_image_1024_3.png,0,6.25,0.3056,"['X', 2, 'X', 'X', 'X', 'X', 'X', 'X', 'X', 'X', 'X', 'X', 'X', 'X', 'X', 'X']"
2026-05-20T20:15:25.965393,1024p,Filters,salt_pepper,0.2,SaP_p0.2_watermarked_image_1024_3.png,N:\Desktop\WORKING PAPERS\MVDW-NIKOS-PAPER\Version_22\attacked\1024p\watermarked_image_1024_3\Filters\SaP_p0.2_watermarked_image_1024_3.png,0,6.25,0.3333,"['X', 'X', 'X', 'X', 'X', 'X', 'X', 'X', 'X', 'X', 'X', 'X', 'X', 2, 'X', 'X']"
2026-05-20T20:15:27.469846,1024p,Geometric,horizontal_flip,,HFLIP_watermarked_image_1024_3.png,N:\Desktop\WORKING PAPERS\MVDW-NIKOS-PAPER\Version_22\attacked\1024p\watermarked_image_1024_3\Geometric\HFLIP_watermarked_image_1024_3.png,0,6.25,0.3681,"['X', 'X', 'X', 'X', 'X', 'X', 'X', 'X', 'X', 'X', 4, 'X', 'X', 'X', 'X', 'X']"
2026-05-20T20:15:28.976807,1024p,Geometric,rotation,-10,ROT_-10_watermarked_image_1024_3.png,N:\Desktop\WORKING PAPERS\MVDW-NIKOS-PAPER\Version_22\attacked\1024p\watermarked_image_1024_3\Geometric\ROT_-10_watermarked_image_1024_3.png,0,12.5,0.3524,"['X', 'X', 'X', 'X', 'X', 'X', 'X', 'X', 'X', 'X', 'X', 'X', 'X', 2, 6, 'X']"
2026-05-20T20:15:30.490281,1024p,Geometric,rotation,10,ROT_10_watermarked_image_1024_3.png,N:\Desktop\WORKING PAPERS\MVDW-NIKOS-PAPER\Version_22\attacked\1024p\watermarked_image_1024_3\Geometric\ROT_10_watermarked_image_1024_3.png,0,31.25,0.316,"['X', 'X', 2, 'X', 6, 4, 3, 'X', 'X', 'X', 'X', 5, 'X', 'X', 'X', 'X']"
2026-05-20T20:15:31.991284,1024p,Geometric,rotation,5,ROT_5_watermarked_image_1024_3.png,N:\Desktop\WORKING PAPERS\MVDW-NIKOS-PAPER\Version_22\attacked\1024p\watermarked_image_1024_3\Geometric\ROT_5_watermarked_image_1024_3.png,0,18.75,0.3351,"['X', 'X', 'X', 5, 6, 'X', 'X', 'X', 'X', 'X', 'X', 'X', 'X', 'X', 6, 'X']"
2026-05-20T20:15:33.497915,1024p,Geometric,translation,x2_y2,TRANS_x2_y2_watermarked_image_1024_3.png,N:\Desktop\WORKING PAPERS\MVDW-NIKOS-PAPER\Version_22\attacked\1024p\watermarked_image_1024_3\Geometric\TRANS_x2_y2_watermarked_image_1024_3.png,0,100.0,0.0,"[0, 2, 2, 5, 6, 4, 3, 2, 0, 0, 4, 5, 1, 2, 6, 3]"
2026-05-20T20:15:35.006778,1024p,Geometric,translation,x4_y4,TRANS_x4_y4_watermarked_image_1024_3.png,N:\Desktop\WORKING PAPERS\MVDW-NIKOS-PAPER\Version_22\attacked\1024p\watermarked_image_1024_3\Geometric\TRANS_x4_y4_watermarked_image_1024_3.png,0,37.5,0.1806,"['X', 2, 'X', 5, 6, 4, 'X', 'X', 0, 'X', 4, 'X', 'X', 'X', 'X', 'X']"
2026-05-20T20:15:36.510040,1024p,Resize,resize,110,RESIZE_110_watermarked_image_1024_3.png,N:\Desktop\WORKING PAPERS\MVDW-NIKOS-PAPER\Version_22\attacked\1024p\watermarked_image_1024_3\Resize\RESIZE_110_watermarked_image_1024_3.png,0,100.0,0.0,"[0, 2, 2, 5, 6, 4, 3, 2, 0, 0, 4, 5, 1, 2, 6, 3]"
2026-05-20T20:15:38.024469,1024p,Resize,resize,90,RESIZE_90_watermarked_image_1024_3.png,N:\Desktop\WORKING PAPERS\MVDW-NIKOS-PAPER\Version_22\attacked\1024p\watermarked_image_1024_3\Resize\RESIZE_90_watermarked_image_1024_3.png,0,75.0,0.0278,"[0, 2, 2, 5, 6, 'X', 'X', 2, 0, 0, 'X', 5, 1, 2, 'X', 3]"
2026-05-20T20:15:39.483204,1024p,Crops,crop,BothHorizontal_25,Croped_BothHorizontal_25_watermarked_image_1024_4.png,N:\Desktop\WORKING PAPERS\MVDW-NIKOS-PAPER\Version_22\attacked\1024p\watermarked_image_1024_4\Crops\Croped_BothHorizontal_25_watermarked_image_1024_4.png,0,50.0,0.1806,"['X', 'X', 'X', 'X', 6, 4, 3, 2, 0, 0, 4, 5, 'X', 'X', 'X', 'X']"
2026-05-20T20:15:40.908270,1024p,Crops,crop,BothHorizontal_50,Croped_BothHorizontal_50_watermarked_image_1024_4.png,N:\Desktop\WORKING PAPERS\MVDW-NIKOS-PAPER\Version_22\attacked\1024p\watermarked_image_1024_4\Crops\Croped_BothHorizontal_50_watermarked_image_1024_4.png,0,50.0,0.2014,"['X', 'X', 'X', 'X', 6, 4, 3, 2, 0, 0, 4, 5, 'X', 'X', 'X', 'X']"
2026-05-20T20:15:42.301323,1024p,Crops,crop,BothHorizontal_75,Croped_BothHorizontal_75_watermarked_image_1024_4.png,N:\Desktop\WORKING PAPERS\MVDW-NIKOS-PAPER\Version_22\attacked\1024p\watermarked_image_1024_4\Crops\Croped_BothHorizontal_75_watermarked_image_1024_4.png,0,18.75,0.2951,"['X', 'X', 'X', 'X', 6, 'X', 'X', 'X', 0, 'X', 4, 'X', 'X', 'X', 'X', 'X']"
2026-05-20T20:15:43.739164,1024p,Crops,crop,BothVertical_25,Croped_BothVertical_25_watermarked_image_1024_4.png,N:\Desktop\WORKING PAPERS\MVDW-NIKOS-PAPER\Version_22\attacked\1024p\watermarked_image_1024_4\Crops\Croped_BothVertical_25_watermarked_image_1024_4.png,0,56.25,0.1632,"[0, 2, 2, 'X', 'X', 4, 3, 'X', 'X', 0, 4, 'X', 'X', 2, 6, 'X']"
2026-05-20T20:15:45.177786,1024p,Crops,crop,BothVertical_50,Croped_BothVertical_50_watermarked_image_1024_4.png,N:\Desktop\WORKING PAPERS\MVDW-NIKOS-PAPER\Version_22\attacked\1024p\watermarked_image_1024_4\Crops\Croped_BothVertical_50_watermarked_image_1024_4.png,0,50.0,0.1875,"['X', 2, 2, 'X', 'X', 4, 3, 'X', 'X', 0, 4, 'X', 'X', 2, 6, 'X']"
2026-05-20T20:15:46.597690,1024p,Crops,crop,BothVertical_75,Croped_BothVertical_75_watermarked_image_1024_4.png,N:\Desktop\WORKING PAPERS\MVDW-NIKOS-PAPER\Version_22\attacked\1024p\watermarked_image_1024_4\Crops\Croped_BothVertical_75_watermarked_image_1024_4.png,0,25.0,0.2622,"['X', 'X', 2, 'X', 'X', 4, 'X', 'X', 'X', 'X', 4, 'X', 'X', 'X', 6, 'X']"
2026-05-20T20:15:48.052522,1024p,Crops,crop,Bottom_25,Croped_Bottom_25_watermarked_image_1024_4.png,N:\Desktop\WORKING PAPERS\MVDW-NIKOS-PAPER\Version_22\attacked\1024p\watermarked_image_1024_4\Crops\Croped_Bottom_25_watermarked_image_1024_4.png,0,75.0,0.1042,"[0, 2, 2, 5, 6, 4, 3, 2, 0, 0, 4, 5, 'X', 'X', 'X', 'X']"
2026-05-20T20:15:49.478482,1024p,Crops,crop,Bottom_50,Croped_Bottom_50_watermarked_image_1024_4.png,N:\Desktop\WORKING PAPERS\MVDW-NIKOS-PAPER\Version_22\attacked\1024p\watermarked_image_1024_4\Crops\Croped_Bottom_50_watermarked_image_1024_4.png,0,50.0,0.1979,"[0, 2, 2, 5, 6, 4, 3, 2, 'X', 'X', 'X', 'X', 'X', 'X', 'X', 'X']"
2026-05-20T20:15:50.892379,1024p,Crops,crop,Bottom_75,Croped_Bottom_75_watermarked_image_1024_4.png,N:\Desktop\WORKING PAPERS\MVDW-NIKOS-PAPER\Version_22\attacked\1024p\watermarked_image_1024_4\Crops\Croped_Bottom_75_watermarked_image_1024_4.png,0,25.0,0.2708,"[0, 2, 2, 5, 'X', 'X', 'X', 'X', 'X', 'X', 'X', 'X', 'X', 'X', 'X', 'X']"
2026-05-20T20:15:52.354221,1024p,Crops,crop,Left_25,Croped_Left_25_watermarked_image_1024_4.png,N:\Desktop\WORKING PAPERS\MVDW-NIKOS-PAPER\Version_22\attacked\1024p\watermarked_image_1024_4\Crops\Croped_Left_25_watermarked_image_1024_4.png,0,75.0,0.0903,"['X', 2, 2, 5, 'X', 4, 3, 2, 'X', 0, 4, 5, 'X', 2, 6, 3]"
2026-05-20T20:15:53.801429,1024p,Crops,crop,Left_50,Croped_Left_50_watermarked_image_1024_4.png,N:\Desktop\WORKING PAPERS\MVDW-NIKOS-PAPER\Version_22\attacked\1024p\watermarked_image_1024_4\Crops\Croped_Left_50_watermarked_image_1024_4.png,0,50.0,0.184,"['X', 'X', 2, 5, 'X', 'X', 3, 2, 'X', 'X', 4, 5, 'X', 'X', 6, 3]"
2026-05-20T20:15:55.198139,1024p,Crops,crop,Left_75,Croped_Left_75_watermarked_image_1024_4.png,N:\Desktop\WORKING PAPERS\MVDW-NIKOS-PAPER\Version_22\attacked\1024p\watermarked_image_1024_4\Crops\Croped_Left_75_watermarked_image_1024_4.png,0,25.0,0.2708,"['X', 'X', 'X', 5, 'X', 'X', 'X', 2, 'X', 'X', 'X', 5, 'X', 'X', 'X', 3]"
2026-05-20T20:15:56.640969,1024p,Crops,crop,Right_25,Croped_Right_25_watermarked_image_1024_4.png,N:\Desktop\WORKING PAPERS\MVDW-NIKOS-PAPER\Version_22\attacked\1024p\watermarked_image_1024_4\Crops\Croped_Right_25_watermarked_image_1024_4.png,0,75.0,0.1111,"[0, 2, 2, 'X', 6, 4, 3, 'X', 0, 0, 4, 'X', 1, 2, 6, 'X']"
2026-05-20T20:15:58.060133,1024p,Crops,crop,Right_50,Croped_Right_50_watermarked_image_1024_4.png,N:\Desktop\WORKING PAPERS\MVDW-NIKOS-PAPER\Version_22\attacked\1024p\watermarked_image_1024_4\Crops\Croped_Right_50_watermarked_image_1024_4.png,0,50.0,0.1979,"[0, 2, 'X', 'X', 6, 4, 'X', 'X', 0, 0, 'X', 'X', 1, 2, 'X', 'X']"
2026-05-20T20:15:59.454127,1024p,Crops,crop,Right_75,Croped_Right_75_watermarked_image_1024_4.png,N:\Desktop\WORKING PAPERS\MVDW-NIKOS-PAPER\Version_22\attacked\1024p\watermarked_image_1024_4\Crops\Croped_Right_75_watermarked_image_1024_4.png,0,25.0,0.2917,"[0, 'X', 'X', 'X', 6, 'X', 'X', 'X', 0, 'X', 'X', 'X', 1, 'X', 'X', 'X']"
2026-05-20T20:16:00.908457,1024p,Crops,crop,Top_25,Croped_Top_25_watermarked_image_1024_4.png,N:\Desktop\WORKING PAPERS\MVDW-NIKOS-PAPER\Version_22\attacked\1024p\watermarked_image_1024_4\Crops\Croped_Top_25_watermarked_image_1024_4.png,0,75.0,0.1111,"['X', 'X', 'X', 'X', 6, 4, 3, 2, 0, 0, 4, 5, 1, 2, 6, 3]"
2026-05-20T20:16:02.334288,1024p,Crops,crop,Top_50,Croped_Top_50_watermarked_image_1024_4.png,N:\Desktop\WORKING PAPERS\MVDW-NIKOS-PAPER\Version_22\attacked\1024p\watermarked_image_1024_4\Crops\Croped_Top_50_watermarked_image_1024_4.png,0,50.0,0.184,"['X', 'X', 'X', 'X', 'X', 'X', 'X', 'X', 0, 0, 4, 5, 1, 2, 6, 3]"
2026-05-20T20:16:03.753156,1024p,Crops,crop,Top_75,Croped_Top_75_watermarked_image_1024_4.png,N:\Desktop\WORKING PAPERS\MVDW-NIKOS-PAPER\Version_22\attacked\1024p\watermarked_image_1024_4\Crops\Croped_Top_75_watermarked_image_1024_4.png,0,25.0,0.2778,"['X', 'X', 'X', 'X', 'X', 'X', 'X', 'X', 'X', 'X', 'X', 'X', 1, 2, 6, 3]"
2026-05-20T20:16:05.212327,1024p,Filters,jpeg,70,Compressed_q70_watermarked_image_1024_4.jpg,N:\Desktop\WORKING PAPERS\MVDW-NIKOS-PAPER\Version_22\attacked\1024p\watermarked_image_1024_4\Filters\Compressed_q70_watermarked_image_1024_4.jpg,0,18.75,0.3125,"['X', 'X', 'X', 'X', 'X', 'X', 'X', 2, 0, 'X', 4, 'X', 'X', 'X', 'X', 'X']"
2026-05-20T20:16:06.689316,1024p,Filters,jpeg,80,Compressed_q80_watermarked_image_1024_4.jpg,N:\Desktop\WORKING PAPERS\MVDW-NIKOS-PAPER\Version_22\attacked\1024p\watermarked_image_1024_4\Filters\Compressed_q80_watermarked_image_1024_4.jpg,0,18.75,0.2882,"[0, 'X', 'X', 'X', 'X', 'X', 'X', 'X', 0, 'X', 4, 'X', 'X', 'X', 'X', 'X']"
2026-05-20T20:16:08.152767,1024p,Filters,jpeg,90,Compressed_q90_watermarked_image_1024_4.jpg,N:\Desktop\WORKING PAPERS\MVDW-NIKOS-PAPER\Version_22\attacked\1024p\watermarked_image_1024_4\Filters\Compressed_q90_watermarked_image_1024_4.jpg,0,68.75,0.0955,"['X', 'X', 'X', 5, 'X', 4, 3, 'X', 0, 0, 4, 5, 1, 2, 6, 3]"
2026-05-20T20:16:09.624128,1024p,Filters,gaussian_blur,3,GB_k3_watermarked_image_1024_4.png,N:\Desktop\WORKING PAPERS\MVDW-NIKOS-PAPER\Version_22\attacked\1024p\watermarked_image_1024_4\Filters\GB_k3_watermarked_image_1024_4.png,0,25.0,0.2639,"[0, 2, 'X', 5, 6, 'X', 'X', 'X', 'X', 'X', 'X', 'X', 'X', 'X', 'X', 'X']"
2026-05-20T20:16:11.095460,1024p,Filters,gaussian_blur,5,GB_k5_watermarked_image_1024_4.png,N:\Desktop\WORKING PAPERS\MVDW-NIKOS-PAPER\Version_22\attacked\1024p\watermarked_image_1024_4\Filters\GB_k5_watermarked_image_1024_4.png,0,0.0,0.3472,"['X', 'X', 'X', 'X', 'X', 'X', 'X', 'X', 'X', 'X', 'X', 'X', 'X', 'X', 'X', 'X']"
2026-05-20T20:16:12.579332,1024p,Filters,gaussian_blur,7,GB_k7_watermarked_image_1024_4.png,N:\Desktop\WORKING PAPERS\MVDW-NIKOS-PAPER\Version_22\attacked\1024p\watermarked_image_1024_4\Filters\GB_k7_watermarked_image_1024_4.png,0,12.5,0.4115,"['X', 'X', 'X', 'X', 6, 'X', 'X', 'X', 'X', 'X', 4, 'X', 'X', 'X', 'X', 'X']"
2026-05-20T20:16:14.051574,1024p,Filters,gaussian_noise,0.05,GN_lvl0.05_watermarked_image_1024_4.png,N:\Desktop\WORKING PAPERS\MVDW-NIKOS-PAPER\Version_22\attacked\1024p\watermarked_image_1024_4\Filters\GN_lvl0.05_watermarked_image_1024_4.png,0,100.0,0.0139,"[0, 2, 2, 5, 6, 4, 3, 2, 0, 0, 4, 5, 1, 2, 6, 3]"
2026-05-20T20:16:15.521266,1024p,Filters,gaussian_noise,0.1,GN_lvl0.1_watermarked_image_1024_4.png,N:\Desktop\WORKING PAPERS\MVDW-NIKOS-PAPER\Version_22\attacked\1024p\watermarked_image_1024_4\Filters\GN_lvl0.1_watermarked_image_1024_4.png,0,100.0,0.0139,"[0, 2, 2, 5, 6, 4, 3, 2, 0, 0, 4, 5, 1, 2, 6, 3]"
2026-05-20T20:16:17.011193,1024p,Filters,gaussian_noise,0.2,GN_lvl0.2_watermarked_image_1024_4.png,N:\Desktop\WORKING PAPERS\MVDW-NIKOS-PAPER\Version_22\attacked\1024p\watermarked_image_1024_4\Filters\GN_lvl0.2_watermarked_image_1024_4.png,0,100.0,0.0139,"[0, 2, 2, 5, 6, 4, 3, 2, 0, 0, 4, 5, 1, 2, 6, 3]"
2026-05-20T20:16:18.486249,1024p,Filters,gamma,,Gamma_watermarked_image_1024_4.png,N:\Desktop\WORKING PAPERS\MVDW-NIKOS-PAPER\Version_22\attacked\1024p\watermarked_image_1024_4\Filters\Gamma_watermarked_image_1024_4.png,0,93.75,0.0191,"[0, 2, 2, 5, 6, 4, 3, 'X', 0, 0, 4, 5, 1, 2, 6, 3]"
2026-05-20T20:16:19.936165,1024p,Filters,histogram_equalization,,HEQ_watermarked_image_1024_4.png,N:\Desktop\WORKING PAPERS\MVDW-NIKOS-PAPER\Version_22\attacked\1024p\watermarked_image_1024_4\Filters\HEQ_watermarked_image_1024_4.png,0,93.75,0.0139,"[0, 2, 2, 5, 'X', 4, 3, 2, 0, 0, 4, 5, 1, 2, 6, 3]"
2026-05-20T20:16:21.401377,1024p,Filters,motion_blur,3,MB_k3_watermarked_image_1024_4.png,N:\Desktop\WORKING PAPERS\MVDW-NIKOS-PAPER\Version_22\attacked\1024p\watermarked_image_1024_4\Filters\MB_k3_watermarked_image_1024_4.png,0,93.75,0.0139,"[0, 2, 2, 5, 'X', 4, 3, 2, 0, 0, 4, 5, 1, 2, 6, 3]"
2026-05-20T20:16:22.848764,1024p,Filters,motion_blur,5,MB_k5_watermarked_image_1024_4.png,N:\Desktop\WORKING PAPERS\MVDW-NIKOS-PAPER\Version_22\attacked\1024p\watermarked_image_1024_4\Filters\MB_k5_watermarked_image_1024_4.png,0,100.0,0.0156,"[0, 2, 2, 5, 6, 4, 3, 2, 0, 0, 4, 5, 1, 2, 6, 3]"
2026-05-20T20:16:24.311645,1024p,Filters,motion_blur,7,MB_k7_watermarked_image_1024_4.png,N:\Desktop\WORKING PAPERS\MVDW-NIKOS-PAPER\Version_22\attacked\1024p\watermarked_image_1024_4\Filters\MB_k7_watermarked_image_1024_4.png,0,87.5,0.0174,"[0, 2, 2, 5, 'X', 'X', 3, 2, 0, 0, 4, 5, 1, 2, 6, 3]"
2026-05-20T20:16:25.778180,1024p,Filters,mean_filter,3,MEAN_k3_watermarked_image_1024_4.png,N:\Desktop\WORKING PAPERS\MVDW-NIKOS-PAPER\Version_22\attacked\1024p\watermarked_image_1024_4\Filters\MEAN_k3_watermarked_image_1024_4.png,0,81.25,0.0399,"[0, 2, 2, 5, 'X', 4, 3, 2, 0, 0, 4, 5, 'X', 2, 6, 'X']"
2026-05-20T20:16:27.284009,1024p,Filters,mean_filter,5,MEAN_k5_watermarked_image_1024_4.png,N:\Desktop\WORKING PAPERS\MVDW-NIKOS-PAPER\Version_22\attacked\1024p\watermarked_image_1024_4\Filters\MEAN_k5_watermarked_image_1024_4.png,0,68.75,0.0851,"[0, 2, 2, 5, 6, 4, 3, 'X', 0, 'X', 'X', 5, 'X', 2, 6, 'X']"
2026-05-20T20:16:28.752182,1024p,Filters,median_filter,3,MF_k3_watermarked_image_1024_4.png,N:\Desktop\WORKING PAPERS\MVDW-NIKOS-PAPER\Version_22\attacked\1024p\watermarked_image_1024_4\Filters\MF_k3_watermarked_image_1024_4.png,0,93.75,0.0052,"[0, 2, 2, 5, 6, 4, 3, 'X', 0, 0, 4, 5, 1, 2, 6, 3]"
2026-05-20T20:16:30.199492,1024p,Filters,median_filter,5,MF_k5_watermarked_image_1024_4.png,N:\Desktop\WORKING PAPERS\MVDW-NIKOS-PAPER\Version_22\attacked\1024p\watermarked_image_1024_4\Filters\MF_k5_watermarked_image_1024_4.png,0,87.5,0.0191,"[0, 2, 2, 5, 6, 4, 3, 'X', 0, 'X', 4, 5, 1, 2, 6, 3]"
2026-05-20T20:16:31.670638,1024p,Filters,median_filter,7,MF_k7_watermarked_image_1024_4.png,N:\Desktop\WORKING PAPERS\MVDW-NIKOS-PAPER\Version_22\attacked\1024p\watermarked_image_1024_4\Filters\MF_k7_watermarked_image_1024_4.png,0,43.75,0.1111,"[0, 2, 'X', 5, 'X', 'X', 'X', 'X', 0, 'X', 'X', 5, 1, 'X', 'X', 3]"
2026-05-20T20:16:33.129739,1024p,Filters,sharpening,,SHARP_watermarked_image_1024_4.png,N:\Desktop\WORKING PAPERS\MVDW-NIKOS-PAPER\Version_22\attacked\1024p\watermarked_image_1024_4\Filters\SHARP_watermarked_image_1024_4.png,0,100.0,0.0,"[0, 2, 2, 5, 6, 4, 3, 2, 0, 0, 4, 5, 1, 2, 6, 3]"
2026-05-20T20:16:34.623270,1024p,Filters,salt_pepper,0.05,SaP_p0.05_watermarked_image_1024_4.png,N:\Desktop\WORKING PAPERS\MVDW-NIKOS-PAPER\Version_22\attacked\1024p\watermarked_image_1024_4\Filters\SaP_p0.05_watermarked_image_1024_4.png,0,0.0,0.3264,"['X', 'X', 'X', 'X', 'X', 'X', 'X', 'X', 'X', 'X', 'X', 'X', 'X', 'X', 'X', 'X']"
2026-05-20T20:16:36.125241,1024p,Filters,salt_pepper,0.1,SaP_p0.1_watermarked_image_1024_4.png,N:\Desktop\WORKING PAPERS\MVDW-NIKOS-PAPER\Version_22\attacked\1024p\watermarked_image_1024_4\Filters\SaP_p0.1_watermarked_image_1024_4.png,0,6.25,0.3715,"['X', 'X', 'X', 'X', 'X', 'X', 'X', 'X', 'X', 'X', 'X', 'X', 'X', 'X', 6, 'X']"
2026-05-20T20:16:37.635011,1024p,Filters,salt_pepper,0.2,SaP_p0.2_watermarked_image_1024_4.png,N:\Desktop\WORKING PAPERS\MVDW-NIKOS-PAPER\Version_22\attacked\1024p\watermarked_image_1024_4\Filters\SaP_p0.2_watermarked_image_1024_4.png,0,6.25,0.3802,"['X', 'X', 'X', 'X', 'X', 'X', 'X', 'X', 'X', 'X', 'X', 'X', 'X', 'X', 6, 'X']"
2026-05-20T20:16:39.094659,1024p,Geometric,horizontal_flip,,HFLIP_watermarked_image_1024_4.png,N:\Desktop\WORKING PAPERS\MVDW-NIKOS-PAPER\Version_22\attacked\1024p\watermarked_image_1024_4\Geometric\HFLIP_watermarked_image_1024_4.png,0,18.75,0.4045,"['X', 'X', 'X', 'X', 'X', 'X', 3, 'X', 'X', 'X', 'X', 'X', 'X', 2, 'X', 3]"
2026-05-20T20:16:40.564959,1024p,Geometric,rotation,-10,ROT_-10_watermarked_image_1024_4.png,N:\Desktop\WORKING PAPERS\MVDW-NIKOS-PAPER\Version_22\attacked\1024p\watermarked_image_1024_4\Geometric\ROT_-10_watermarked_image_1024_4.png,0,18.75,0.3854,"['X', 'X', 'X', 5, 'X', 'X', 'X', 'X', 'X', 'X', 'X', 'X', 'X', 'X', 6, 3]"
2026-05-20T20:16:42.068007,1024p,Geometric,rotation,10,ROT_10_watermarked_image_1024_4.png,N:\Desktop\WORKING PAPERS\MVDW-NIKOS-PAPER\Version_22\attacked\1024p\watermarked_image_1024_4\Geometric\ROT_10_watermarked_image_1024_4.png,0,6.25,0.3906,"['X', 'X', 'X', 'X', 'X', 'X', 'X', 'X', 'X', 'X', 'X', 5, 'X', 'X', 'X', 'X']"
2026-05-20T20:16:43.554500,1024p,Geometric,rotation,5,ROT_5_watermarked_image_1024_4.png,N:\Desktop\WORKING PAPERS\MVDW-NIKOS-PAPER\Version_22\attacked\1024p\watermarked_image_1024_4\Geometric\ROT_5_watermarked_image_1024_4.png,0,6.25,0.3715,"['X', 'X', 'X', 'X', 'X', 'X', 'X', 'X', 'X', 'X', 'X', 'X', 'X', 'X', 6, 'X']"
2026-05-20T20:16:45.027116,1024p,Geometric,translation,x2_y2,TRANS_x2_y2_watermarked_image_1024_4.png,N:\Desktop\WORKING PAPERS\MVDW-NIKOS-PAPER\Version_22\attacked\1024p\watermarked_image_1024_4\Geometric\TRANS_x2_y2_watermarked_image_1024_4.png,0,93.75,0.0191,"[0, 2, 2, 5, 6, 4, 3, 'X', 0, 0, 4, 5, 1, 2, 6, 3]"
2026-05-20T20:16:46.493357,1024p,Geometric,translation,x4_y4,TRANS_x4_y4_watermarked_image_1024_4.png,N:\Desktop\WORKING PAPERS\MVDW-NIKOS-PAPER\Version_22\attacked\1024p\watermarked_image_1024_4\Geometric\TRANS_x4_y4_watermarked_image_1024_4.png,0,18.75,0.2622,"['X', 'X', 'X', 'X', 6, 'X', 'X', 2, 'X', 'X', 'X', 'X', 'X', 'X', 6, 'X']"
2026-05-20T20:16:47.986765,1024p,Resize,resize,110,RESIZE_110_watermarked_image_1024_4.png,N:\Desktop\WORKING PAPERS\MVDW-NIKOS-PAPER\Version_22\attacked\1024p\watermarked_image_1024_4\Resize\RESIZE_110_watermarked_image_1024_4.png,0,93.75,0.0156,"[0, 2, 2, 5, 'X', 4, 3, 2, 0, 0, 4, 5, 1, 2, 6, 3]"
2026-05-20T20:16:49.456078,1024p,Resize,resize,90,RESIZE_90_watermarked_image_1024_4.png,N:\Desktop\WORKING PAPERS\MVDW-NIKOS-PAPER\Version_22\attacked\1024p\watermarked_image_1024_4\Resize\RESIZE_90_watermarked_image_1024_4.png,0,62.5,0.0434,"[0, 2, 2, 5, 'X', 4, 3, 'X', 0, 'X', 'X', 'X', 1, 2, 6, 'X']"
2026-05-20T20:16:51.064336,1024p,Crops,crop,BothHorizontal_25,Croped_BothHorizontal_25_watermarked_image_1024_5.png,N:\Desktop\WORKING PAPERS\MVDW-NIKOS-PAPER\Version_22\attacked\1024p\watermarked_image_1024_5\Crops\Croped_BothHorizontal_25_watermarked_image_1024_5.png,0,62.5,0.1198,"['X', 'X', 'X', 'X', 6, 4, 3, 2, 0, 0, 4, 5, 'X', 2, 'X', 3]"
2026-05-20T20:16:52.492197,1024p,Crops,crop,BothHorizontal_50,Croped_BothHorizontal_50_watermarked_image_1024_5.png,N:\Desktop\WORKING PAPERS\MVDW-NIKOS-PAPER\Version_22\attacked\1024p\watermarked_image_1024_5\Crops\Croped_BothHorizontal_50_watermarked_image_1024_5.png,0,50.0,0.1875,"['X', 'X', 'X', 'X', 6, 4, 3, 2, 0, 0, 4, 5, 'X', 'X', 'X', 'X']"
2026-05-20T20:16:53.894837,1024p,Crops,crop,BothHorizontal_75,Croped_BothHorizontal_75_watermarked_image_1024_5.png,N:\Desktop\WORKING PAPERS\MVDW-NIKOS-PAPER\Version_22\attacked\1024p\watermarked_image_1024_5\Crops\Croped_BothHorizontal_75_watermarked_image_1024_5.png,0,12.5,0.3038,"['X', 'X', 'X', 'X', 'X', 'X', 'X', 'X', 'X', 0, 4, 'X', 'X', 'X', 'X', 'X']"
2026-05-20T20:16:55.329019,1024p,Crops,crop,BothVertical_25,Croped_BothVertical_25_watermarked_image_1024_5.png,N:\Desktop\WORKING PAPERS\MVDW-NIKOS-PAPER\Version_22\attacked\1024p\watermarked_image_1024_5\Crops\Croped_BothVertical_25_watermarked_image_1024_5.png,0,50.0,0.1545,"['X', 2, 2, 'X', 'X', 4, 3, 'X', 'X', 0, 4, 'X', 'X', 2, 6, 'X']"
2026-05-20T20:16:56.754060,1024p,Crops,crop,BothVertical_50,Croped_BothVertical_50_watermarked_image_1024_5.png,N:\Desktop\WORKING PAPERS\MVDW-NIKOS-PAPER\Version_22\attacked\1024p\watermarked_image_1024_5\Crops\Croped_BothVertical_50_watermarked_image_1024_5.png,0,50.0,0.1875,"['X', 2, 2, 'X', 'X', 4, 3, 'X', 'X', 0, 4, 'X', 'X', 2, 6, 'X']"
2026-05-20T20:16:58.143701,1024p,Crops,crop,BothVertical_75,Croped_BothVertical_75_watermarked_image_1024_5.png,N:\Desktop\WORKING PAPERS\MVDW-NIKOS-PAPER\Version_22\attacked\1024p\watermarked_image_1024_5\Crops\Croped_BothVertical_75_watermarked_image_1024_5.png,0,0.0,0.3472,"['X', 'X', 'X', 'X', 'X', 'X', 'X', 'X', 'X', 'X', 'X', 'X', 'X', 'X', 'X', 'X']"
2026-05-20T20:16:59.610367,1024p,Crops,crop,Bottom_25,Croped_Bottom_25_watermarked_image_1024_5.png,N:\Desktop\WORKING PAPERS\MVDW-NIKOS-PAPER\Version_22\attacked\1024p\watermarked_image_1024_5\Crops\Croped_Bottom_25_watermarked_image_1024_5.png,0,75.0,0.0903,"[0, 2, 2, 5, 6, 4, 3, 2, 0, 0, 4, 5, 'X', 'X', 'X', 'X']"
2026-05-20T20:17:01.071657,1024p,Crops,crop,Bottom_50,Croped_Bottom_50_watermarked_image_1024_5.png,N:\Desktop\WORKING PAPERS\MVDW-NIKOS-PAPER\Version_22\attacked\1024p\watermarked_image_1024_5\Crops\Croped_Bottom_50_watermarked_image_1024_5.png,0,50.0,0.184,"[0, 2, 2, 5, 6, 4, 3, 2, 'X', 'X', 'X', 'X', 'X', 'X', 'X', 'X']"
2026-05-20T20:17:02.474527,1024p,Crops,crop,Bottom_75,Croped_Bottom_75_watermarked_image_1024_5.png,N:\Desktop\WORKING PAPERS\MVDW-NIKOS-PAPER\Version_22\attacked\1024p\watermarked_image_1024_5\Crops\Croped_Bottom_75_watermarked_image_1024_5.png,0,25.0,0.2708,"[0, 2, 2, 5, 'X', 'X', 'X', 'X', 'X', 'X', 'X', 'X', 'X', 'X', 'X', 'X']"
2026-05-20T20:17:03.937648,1024p,Crops,crop,Left_25,Croped_Left_25_watermarked_image_1024_5.png,N:\Desktop\WORKING PAPERS\MVDW-NIKOS-PAPER\Version_22\attacked\1024p\watermarked_image_1024_5\Crops\Croped_Left_25_watermarked_image_1024_5.png,0,75.0,0.0903,"['X', 2, 2, 5, 'X', 4, 3, 2, 'X', 0, 4, 5, 'X', 2, 6, 3]"
2026-05-20T20:17:05.382217,1024p,Crops,crop,Left_50,Croped_Left_50_watermarked_image_1024_5.png,N:\Desktop\WORKING PAPERS\MVDW-NIKOS-PAPER\Version_22\attacked\1024p\watermarked_image_1024_5\Crops\Croped_Left_50_watermarked_image_1024_5.png,0,50.0,0.184,"['X', 'X', 2, 5, 'X', 'X', 3, 2, 'X', 'X', 4, 5, 'X', 'X', 6, 3]"
2026-05-20T20:17:06.767278,1024p,Crops,crop,Left_75,Croped_Left_75_watermarked_image_1024_5.png,N:\Desktop\WORKING PAPERS\MVDW-NIKOS-PAPER\Version_22\attacked\1024p\watermarked_image_1024_5\Crops\Croped_Left_75_watermarked_image_1024_5.png,0,25.0,0.2708,"['X', 'X', 'X', 5, 'X', 'X', 'X', 2, 'X', 'X', 'X', 5, 'X', 'X', 'X', 3]"
2026-05-20T20:17:08.227728,1024p,Crops,crop,Right_25,Croped_Right_25_watermarked_image_1024_5.png,N:\Desktop\WORKING PAPERS\MVDW-NIKOS-PAPER\Version_22\attacked\1024p\watermarked_image_1024_5\Crops\Croped_Right_25_watermarked_image_1024_5.png,0,75.0,0.0972,"[0, 2, 2, 'X', 6, 4, 3, 'X', 0, 0, 4, 'X', 1, 2, 6, 'X']"
2026-05-20T20:17:09.650602,1024p,Crops,crop,Right_50,Croped_Right_50_watermarked_image_1024_5.png,N:\Desktop\WORKING PAPERS\MVDW-NIKOS-PAPER\Version_22\attacked\1024p\watermarked_image_1024_5\Crops\Croped_Right_50_watermarked_image_1024_5.png,0,50.0,0.184,"[0, 2, 'X', 'X', 6, 4, 'X', 'X', 0, 0, 'X', 'X', 1, 2, 'X', 'X']"
2026-05-20T20:17:11.037799,1024p,Crops,crop,Right_75,Croped_Right_75_watermarked_image_1024_5.png,N:\Desktop\WORKING PAPERS\MVDW-NIKOS-PAPER\Version_22\attacked\1024p\watermarked_image_1024_5\Crops\Croped_Right_75_watermarked_image_1024_5.png,0,25.0,0.2778,"[0, 'X', 'X', 'X', 6, 'X', 'X', 'X', 0, 'X', 'X', 'X', 1, 'X', 'X', 'X']"
2026-05-20T20:17:12.486679,1024p,Crops,crop,Top_25,Croped_Top_25_watermarked_image_1024_5.png,N:\Desktop\WORKING PAPERS\MVDW-NIKOS-PAPER\Version_22\attacked\1024p\watermarked_image_1024_5\Crops\Croped_Top_25_watermarked_image_1024_5.png,0,75.0,0.0972,"['X', 'X', 'X', 'X', 6, 4, 3, 2, 0, 0, 4, 5, 1, 2, 6, 3]"
2026-05-20T20:17:13.926182,1024p,Crops,crop,Top_50,Croped_Top_50_watermarked_image_1024_5.png,N:\Desktop\WORKING PAPERS\MVDW-NIKOS-PAPER\Version_22\attacked\1024p\watermarked_image_1024_5\Crops\Croped_Top_50_watermarked_image_1024_5.png,0,50.0,0.184,"['X', 'X', 'X', 'X', 'X', 'X', 'X', 'X', 0, 0, 4, 5, 1, 2, 6, 3]"
2026-05-20T20:17:15.356024,1024p,Crops,crop,Top_75,Croped_Top_75_watermarked_image_1024_5.png,N:\Desktop\WORKING PAPERS\MVDW-NIKOS-PAPER\Version_22\attacked\1024p\watermarked_image_1024_5\Crops\Croped_Top_75_watermarked_image_1024_5.png,0,25.0,0.2778,"['X', 'X', 'X', 'X', 'X', 'X', 'X', 'X', 'X', 'X', 'X', 'X', 1, 2, 6, 3]"
2026-05-20T20:17:16.827766,1024p,Filters,jpeg,70,Compressed_q70_watermarked_image_1024_5.jpg,N:\Desktop\WORKING PAPERS\MVDW-NIKOS-PAPER\Version_22\attacked\1024p\watermarked_image_1024_5\Filters\Compressed_q70_watermarked_image_1024_5.jpg,0,12.5,0.2882,"['X', 2, 'X', 'X', 'X', 'X', 'X', 'X', 'X', 'X', 'X', 'X', 'X', 2, 'X', 'X']"
2026-05-20T20:17:18.293130,1024p,Filters,jpeg,80,Compressed_q80_watermarked_image_1024_5.jpg,N:\Desktop\WORKING PAPERS\MVDW-NIKOS-PAPER\Version_22\attacked\1024p\watermarked_image_1024_5\Filters\Compressed_q80_watermarked_image_1024_5.jpg,0,6.25,0.3021,"['X', 'X', 'X', 'X', 'X', 'X', 'X', 'X', 'X', 'X', 'X', 5, 'X', 'X', 'X', 'X']"
2026-05-20T20:17:19.762250,1024p,Filters,jpeg,90,Compressed_q90_watermarked_image_1024_5.jpg,N:\Desktop\WORKING PAPERS\MVDW-NIKOS-PAPER\Version_22\attacked\1024p\watermarked_image_1024_5\Filters\Compressed_q90_watermarked_image_1024_5.jpg,0,37.5,0.125,"['X', 2, 'X', 'X', 6, 4, 'X', 'X', 0, 'X', 4, 'X', 'X', 'X', 6, 'X']"
2026-05-20T20:17:21.239676,1024p,Filters,gaussian_blur,3,GB_k3_watermarked_image_1024_5.png,N:\Desktop\WORKING PAPERS\MVDW-NIKOS-PAPER\Version_22\attacked\1024p\watermarked_image_1024_5\Filters\GB_k3_watermarked_image_1024_5.png,0,18.75,0.3003,"['X', 'X', 'X', 'X', 'X', 'X', 3, 'X', 'X', 'X', 'X', 5, 'X', 'X', 6, 'X']"
2026-05-20T20:17:22.712461,1024p,Filters,gaussian_blur,5,GB_k5_watermarked_image_1024_5.png,N:\Desktop\WORKING PAPERS\MVDW-NIKOS-PAPER\Version_22\attacked\1024p\watermarked_image_1024_5\Filters\GB_k5_watermarked_image_1024_5.png,0,18.75,0.3385,"['X', 'X', 'X', 'X', 'X', 'X', 3, 'X', 'X', 'X', 'X', 5, 'X', 2, 'X', 'X']"
2026-05-20T20:17:24.186143,1024p,Filters,gaussian_blur,7,GB_k7_watermarked_image_1024_5.png,N:\Desktop\WORKING PAPERS\MVDW-NIKOS-PAPER\Version_22\attacked\1024p\watermarked_image_1024_5\Filters\GB_k7_watermarked_image_1024_5.png,0,12.5,0.3194,"['X', 2, 'X', 'X', 'X', 'X', 'X', 2, 'X', 'X', 'X', 'X', 'X', 'X', 'X', 'X']"
2026-05-20T20:17:25.651516,1024p,Filters,gaussian_noise,0.05,GN_lvl0.05_watermarked_image_1024_5.png,N:\Desktop\WORKING PAPERS\MVDW-NIKOS-PAPER\Version_22\attacked\1024p\watermarked_image_1024_5\Filters\GN_lvl0.05_watermarked_image_1024_5.png,0,100.0,0.0,"[0, 2, 2, 5, 6, 4, 3, 2, 0, 0, 4, 5, 1, 2, 6, 3]"
2026-05-20T20:17:27.118697,1024p,Filters,gaussian_noise,0.1,GN_lvl0.1_watermarked_image_1024_5.png,N:\Desktop\WORKING PAPERS\MVDW-NIKOS-PAPER\Version_22\attacked\1024p\watermarked_image_1024_5\Filters\GN_lvl0.1_watermarked_image_1024_5.png,0,100.0,0.0,"[0, 2, 2, 5, 6, 4, 3, 2, 0, 0, 4, 5, 1, 2, 6, 3]"
2026-05-20T20:17:28.573711,1024p,Filters,gaussian_noise,0.2,GN_lvl0.2_watermarked_image_1024_5.png,N:\Desktop\WORKING PAPERS\MVDW-NIKOS-PAPER\Version_22\attacked\1024p\watermarked_image_1024_5\Filters\GN_lvl0.2_watermarked_image_1024_5.png,0,100.0,0.0,"[0, 2, 2, 5, 6, 4, 3, 2, 0, 0, 4, 5, 1, 2, 6, 3]"
2026-05-20T20:17:30.042489,1024p,Filters,gamma,,Gamma_watermarked_image_1024_5.png,N:\Desktop\WORKING PAPERS\MVDW-NIKOS-PAPER\Version_22\attacked\1024p\watermarked_image_1024_5\Filters\Gamma_watermarked_image_1024_5.png,0,100.0,0.0,"[0, 2, 2, 5, 6, 4, 3, 2, 0, 0, 4, 5, 1, 2, 6, 3]"
2026-05-20T20:17:31.511211,1024p,Filters,histogram_equalization,,HEQ_watermarked_image_1024_5.png,N:\Desktop\WORKING PAPERS\MVDW-NIKOS-PAPER\Version_22\attacked\1024p\watermarked_image_1024_5\Filters\HEQ_watermarked_image_1024_5.png,0,100.0,0.0,"[0, 2, 2, 5, 6, 4, 3, 2, 0, 0, 4, 5, 1, 2, 6, 3]"
2026-05-20T20:17:32.975575,1024p,Filters,motion_blur,3,MB_k3_watermarked_image_1024_5.png,N:\Desktop\WORKING PAPERS\MVDW-NIKOS-PAPER\Version_22\attacked\1024p\watermarked_image_1024_5\Filters\MB_k3_watermarked_image_1024_5.png,0,75.0,0.1024,"['X', 2, 2, 'X', 6, 4, 3, 2, 0, 0, 4, 5, 'X', 2, 6, 'X']"
2026-05-20T20:17:34.462439,1024p,Filters,motion_blur,5,MB_k5_watermarked_image_1024_5.png,N:\Desktop\WORKING PAPERS\MVDW-NIKOS-PAPER\Version_22\attacked\1024p\watermarked_image_1024_5\Filters\MB_k5_watermarked_image_1024_5.png,0,93.75,0.0069,"[0, 2, 2, 5, 'X', 4, 3, 2, 0, 0, 4, 5, 1, 2, 6, 3]"
2026-05-20T20:17:35.929248,1024p,Filters,motion_blur,7,MB_k7_watermarked_image_1024_5.png,N:\Desktop\WORKING PAPERS\MVDW-NIKOS-PAPER\Version_22\attacked\1024p\watermarked_image_1024_5\Filters\MB_k7_watermarked_image_1024_5.png,0,50.0,0.1493,"['X', 2, 2, 'X', 'X', 4, 3, 'X', 'X', 0, 4, 'X', 'X', 2, 6, 'X']"
2026-05-20T20:17:37.393291,1024p,Filters,mean_filter,3,MEAN_k3_watermarked_image_1024_5.png,N:\Desktop\WORKING PAPERS\MVDW-NIKOS-PAPER\Version_22\attacked\1024p\watermarked_image_1024_5\Filters\MEAN_k3_watermarked_image_1024_5.png,0,62.5,0.125,"['X', 2, 2, 'X', 'X', 4, 3, 'X', 0, 0, 4, 5, 'X', 2, 6, 'X']"
2026-05-20T20:17:38.877144,1024p,Filters,mean_filter,5,MEAN_k5_watermarked_image_1024_5.png,N:\Desktop\WORKING PAPERS\MVDW-NIKOS-PAPER\Version_22\attacked\1024p\watermarked_image_1024_5\Filters\MEAN_k5_watermarked_image_1024_5.png,0,43.75,0.1753,"['X', 2, 2, 'X', 'X', 4, 3, 'X', 'X', 'X', 4, 'X', 'X', 2, 6, 'X']"
2026-05-20T20:17:40.334356,1024p,Filters,median_filter,3,MF_k3_watermarked_image_1024_5.png,N:\Desktop\WORKING PAPERS\MVDW-NIKOS-PAPER\Version_22\attacked\1024p\watermarked_image_1024_5\Filters\MF_k3_watermarked_image_1024_5.png,0,81.25,0.033,"[0, 2, 2, 5, 'X', 4, 3, 2, 'X', 0, 4, 5, 1, 2, 'X', 3]"
2026-05-20T20:17:41.805908,1024p,Filters,median_filter,5,MF_k5_watermarked_image_1024_5.png,N:\Desktop\WORKING PAPERS\MVDW-NIKOS-PAPER\Version_22\attacked\1024p\watermarked_image_1024_5\Filters\MF_k5_watermarked_image_1024_5.png,0,75.0,0.059,"[0, 2, 2, 5, 6, 4, 3, 2, 'X', 'X', 4, 5, 1, 'X', 'X', 3]"
2026-05-20T20:17:43.258957,1024p,Filters,median_filter,7,MF_k7_watermarked_image_1024_5.png,N:\Desktop\WORKING PAPERS\MVDW-NIKOS-PAPER\Version_22\attacked\1024p\watermarked_image_1024_5\Filters\MF_k7_watermarked_image_1024_5.png,0,31.25,0.1632,"['X', 2, 2, 5, 'X', 'X', 'X', 'X', 'X', 'X', 'X', 'X', 1, 'X', 'X', 3]"
2026-05-20T20:17:44.716158,1024p,Filters,sharpening,,SHARP_watermarked_image_1024_5.png,N:\Desktop\WORKING PAPERS\MVDW-NIKOS-PAPER\Version_22\attacked\1024p\watermarked_image_1024_5\Filters\SHARP_watermarked_image_1024_5.png,0,100.0,0.0,"[0, 2, 2, 5, 6, 4, 3, 2, 0, 0, 4, 5, 1, 2, 6, 3]"
2026-05-20T20:17:46.184337,1024p,Filters,salt_pepper,0.05,SaP_p0.05_watermarked_image_1024_5.png,N:\Desktop\WORKING PAPERS\MVDW-NIKOS-PAPER\Version_22\attacked\1024p\watermarked_image_1024_5\Filters\SaP_p0.05_watermarked_image_1024_5.png,0,18.75,0.3125,"[0, 'X', 2, 'X', 'X', 'X', 'X', 2, 'X', 'X', 'X', 'X', 'X', 'X', 'X', 'X']"
2026-05-20T20:17:47.680664,1024p,Filters,salt_pepper,0.1,SaP_p0.1_watermarked_image_1024_5.png,N:\Desktop\WORKING PAPERS\MVDW-NIKOS-PAPER\Version_22\attacked\1024p\watermarked_image_1024_5\Filters\SaP_p0.1_watermarked_image_1024_5.png,0,12.5,0.3299,"['X', 'X', 'X', 'X', 'X', 'X', 'X', 'X', 'X', 'X', 'X', 5, 'X', 'X', 6, 'X']"
2026-05-20T20:17:49.174067,1024p,Filters,salt_pepper,0.2,SaP_p0.2_watermarked_image_1024_5.png,N:\Desktop\WORKING PAPERS\MVDW-NIKOS-PAPER\Version_22\attacked\1024p\watermarked_image_1024_5\Filters\SaP_p0.2_watermarked_image_1024_5.png,0,12.5,0.3594,"['X', 2, 'X', 'X', 'X', 'X', 'X', 'X', 'X', 'X', 'X', 'X', 'X', 'X', 6, 'X']"
2026-05-20T20:17:50.676968,1024p,Geometric,horizontal_flip,,HFLIP_watermarked_image_1024_5.png,N:\Desktop\WORKING PAPERS\MVDW-NIKOS-PAPER\Version_22\attacked\1024p\watermarked_image_1024_5\Geometric\HFLIP_watermarked_image_1024_5.png,0,12.5,0.3351,"['X', 2, 2, 'X', 'X', 'X', 'X', 'X', 'X', 'X', 'X', 'X', 'X', 'X', 'X', 'X']"
2026-05-20T20:17:52.164408,1024p,Geometric,rotation,-10,ROT_-10_watermarked_image_1024_5.png,N:\Desktop\WORKING PAPERS\MVDW-NIKOS-PAPER\Version_22\attacked\1024p\watermarked_image_1024_5\Geometric\ROT_-10_watermarked_image_1024_5.png,0,12.5,0.3333,"['X', 'X', 'X', 'X', 'X', 4, 3, 'X', 'X', 'X', 'X', 'X', 'X', 'X', 'X', 'X']"
2026-05-20T20:17:53.650522,1024p,Geometric,rotation,10,ROT_10_watermarked_image_1024_5.png,N:\Desktop\WORKING PAPERS\MVDW-NIKOS-PAPER\Version_22\attacked\1024p\watermarked_image_1024_5\Geometric\ROT_10_watermarked_image_1024_5.png,0,6.25,0.309,"['X', 2, 'X', 'X', 'X', 'X', 'X', 'X', 'X', 'X', 'X', 'X', 'X', 'X', 'X', 'X']"
2026-05-20T20:17:55.142293,1024p,Geometric,rotation,5,ROT_5_watermarked_image_1024_5.png,N:\Desktop\WORKING PAPERS\MVDW-NIKOS-PAPER\Version_22\attacked\1024p\watermarked_image_1024_5\Geometric\ROT_5_watermarked_image_1024_5.png,0,6.25,0.3802,"['X', 'X', 'X', 'X', 'X', 'X', 'X', 'X', 'X', 'X', 'X', 'X', 'X', 2, 'X', 'X']"
2026-05-20T20:17:56.660380,1024p,Geometric,translation,x2_y2,TRANS_x2_y2_watermarked_image_1024_5.png,N:\Desktop\WORKING PAPERS\MVDW-NIKOS-PAPER\Version_22\attacked\1024p\watermarked_image_1024_5\Geometric\TRANS_x2_y2_watermarked_image_1024_5.png,0,100.0,0.0,"[0, 2, 2, 5, 6, 4, 3, 2, 0, 0, 4, 5, 1, 2, 6, 3]"
2026-05-20T20:17:58.146137,1024p,Geometric,translation,x4_y4,TRANS_x4_y4_watermarked_image_1024_5.png,N:\Desktop\WORKING PAPERS\MVDW-NIKOS-PAPER\Version_22\attacked\1024p\watermarked_image_1024_5\Geometric\TRANS_x4_y4_watermarked_image_1024_5.png,0,25.0,0.2031,"['X', 2, 2, 'X', 'X', 'X', 'X', 'X', 'X', 'X', 4, 5, 'X', 'X', 'X', 'X']"
2026-05-20T20:17:59.618759,1024p,Resize,resize,110,RESIZE_110_watermarked_image_1024_5.png,N:\Desktop\WORKING PAPERS\MVDW-NIKOS-PAPER\Version_22\attacked\1024p\watermarked_image_1024_5\Resize\RESIZE_110_watermarked_image_1024_5.png,0,100.0,0.0,"[0, 2, 2, 5, 6, 4, 3, 2, 0, 0, 4, 5, 1, 2, 6, 3]"
2026-05-20T20:18:01.097773,1024p,Resize,resize,90,RESIZE_90_watermarked_image_1024_5.png,N:\Desktop\WORKING PAPERS\MVDW-NIKOS-PAPER\Version_22\attacked\1024p\watermarked_image_1024_5\Resize\RESIZE_90_watermarked_image_1024_5.png,0,50.0,0.0955,"['X', 2, 2, 'X', 'X', 4, 3, 'X', 0, 'X', 'X', 5, 'X', 2, 6, 'X']"
2026-05-20T20:18:02.630200,1080p,Crops,crop,BothHorizontal_25,Croped_BothHorizontal_25_watermarked_image_1080_1.png,N:\Desktop\WORKING PAPERS\MVDW-NIKOS-PAPER\Version_22\attacked\1080p\watermarked_image_1080_1\Crops\Croped_BothHorizontal_25_watermarked_image_1080_1.png,0,75.0,0.0538,"[0, 'X', 'X', 'X', 6, 4, 3, 2, 0, 0, 4, 5, 1, 2, 'X', 3]"
2026-05-20T20:18:04.119478,1080p,Crops,crop,BothHorizontal_50,Croped_BothHorizontal_50_watermarked_image_1080_1.png,N:\Desktop\WORKING PAPERS\MVDW-NIKOS-PAPER\Version_22\attacked\1080p\watermarked_image_1080_1\Crops\Croped_BothHorizontal_50_watermarked_image_1080_1.png,0,50.0,0.1875,"['X', 'X', 'X', 'X', 6, 4, 3, 2, 0, 0, 4, 5, 'X', 'X', 'X', 'X']"
2026-05-20T20:18:05.564694,1080p,Crops,crop,BothHorizontal_75,Croped_BothHorizontal_75_watermarked_image_1080_1.png,N:\Desktop\WORKING PAPERS\MVDW-NIKOS-PAPER\Version_22\attacked\1080p\watermarked_image_1080_1\Crops\Croped_BothHorizontal_75_watermarked_image_1080_1.png,0,25.0,0.2569,"['X', 'X', 'X', 'X', 'X', 'X', 3, 'X', 'X', 0, 4, 5, 'X', 'X', 'X', 'X']"
2026-05-20T20:18:07.045019,1080p,Crops,crop,BothVertical_25,Croped_BothVertical_25_watermarked_image_1080_1.png,N:\Desktop\WORKING PAPERS\MVDW-NIKOS-PAPER\Version_22\attacked\1080p\watermarked_image_1080_1\Crops\Croped_BothVertical_25_watermarked_image_1080_1.png,0,62.5,0.1302,"[0, 2, 2, 5, 'X', 4, 3, 'X', 'X', 0, 4, 'X', 'X', 2, 6, 'X']"
2026-05-20T20:18:08.526316,1080p,Crops,crop,BothVertical_50,Croped_BothVertical_50_watermarked_image_1080_1.png,N:\Desktop\WORKING PAPERS\MVDW-NIKOS-PAPER\Version_22\attacked\1080p\watermarked_image_1080_1\Crops\Croped_BothVertical_50_watermarked_image_1080_1.png,0,50.0,0.1875,"['X', 2, 2, 'X', 'X', 4, 3, 'X', 'X', 0, 4, 'X', 'X', 2, 6, 'X']"
2026-05-20T20:18:09.978568,1080p,Crops,crop,BothVertical_75,Croped_BothVertical_75_watermarked_image_1080_1.png,N:\Desktop\WORKING PAPERS\MVDW-NIKOS-PAPER\Version_22\attacked\1080p\watermarked_image_1080_1\Crops\Croped_BothVertical_75_watermarked_image_1080_1.png,0,37.5,0.2257,"['X', 2, 2, 'X', 'X', 'X', 3, 'X', 'X', 0, 4, 'X', 'X', 2, 'X', 'X']"
2026-05-20T20:18:11.472376,1080p,Crops,crop,Bottom_25,Croped_Bottom_25_watermarked_image_1080_1.png,N:\Desktop\WORKING PAPERS\MVDW-NIKOS-PAPER\Version_22\attacked\1080p\watermarked_image_1080_1\Crops\Croped_Bottom_25_watermarked_image_1080_1.png,0,75.0,0.0903,"[0, 2, 2, 5, 6, 4, 3, 2, 0, 0, 4, 5, 'X', 'X', 'X', 'X']"
2026-05-20T20:18:12.945371,1080p,Crops,crop,Bottom_50,Croped_Bottom_50_watermarked_image_1080_1.png,N:\Desktop\WORKING PAPERS\MVDW-NIKOS-PAPER\Version_22\attacked\1080p\watermarked_image_1080_1\Crops\Croped_Bottom_50_watermarked_image_1080_1.png,0,50.0,0.184,"[0, 2, 2, 5, 6, 4, 3, 2, 'X', 'X', 'X', 'X', 'X', 'X', 'X', 'X']"
2026-05-20T20:18:14.389626,1080p,Crops,crop,Bottom_75,Croped_Bottom_75_watermarked_image_1080_1.png,N:\Desktop\WORKING PAPERS\MVDW-NIKOS-PAPER\Version_22\attacked\1080p\watermarked_image_1080_1\Crops\Croped_Bottom_75_watermarked_image_1080_1.png,0,25.0,0.2708,"[0, 2, 2, 5, 'X', 'X', 'X', 'X', 'X', 'X', 'X', 'X', 'X', 'X', 'X', 'X']"
2026-05-20T20:18:15.878948,1080p,Crops,crop,Left_25,Croped_Left_25_watermarked_image_1080_1.png,N:\Desktop\WORKING PAPERS\MVDW-NIKOS-PAPER\Version_22\attacked\1080p\watermarked_image_1080_1\Crops\Croped_Left_25_watermarked_image_1080_1.png,0,75.0,0.0903,"['X', 2, 2, 5, 'X', 4, 3, 2, 'X', 0, 4, 5, 'X', 2, 6, 3]"
2026-05-20T20:18:17.331083,1080p,Crops,crop,Left_50,Croped_Left_50_watermarked_image_1080_1.png,N:\Desktop\WORKING PAPERS\MVDW-NIKOS-PAPER\Version_22\attacked\1080p\watermarked_image_1080_1\Crops\Croped_Left_50_watermarked_image_1080_1.png,0,50.0,0.184,"['X', 'X', 2, 5, 'X', 'X', 3, 2, 'X', 'X', 4, 5, 'X', 'X', 6, 3]"
2026-05-20T20:18:18.763472,1080p,Crops,crop,Left_75,Croped_Left_75_watermarked_image_1080_1.png,N:\Desktop\WORKING PAPERS\MVDW-NIKOS-PAPER\Version_22\attacked\1080p\watermarked_image_1080_1\Crops\Croped_Left_75_watermarked_image_1080_1.png,0,25.0,0.2708,"['X', 'X', 'X', 5, 'X', 'X', 'X', 2, 'X', 'X', 'X', 5, 'X', 'X', 'X', 3]"
2026-05-20T20:18:20.281143,1080p,Crops,crop,Right_25,Croped_Right_25_watermarked_image_1080_1.png,N:\Desktop\WORKING PAPERS\MVDW-NIKOS-PAPER\Version_22\attacked\1080p\watermarked_image_1080_1\Crops\Croped_Right_25_watermarked_image_1080_1.png,0,75.0,0.0972,"[0, 2, 2, 'X', 6, 4, 3, 'X', 0, 0, 4, 'X', 1, 2, 6, 'X']"
2026-05-20T20:18:21.759619,1080p,Crops,crop,Right_50,Croped_Right_50_watermarked_image_1080_1.png,N:\Desktop\WORKING PAPERS\MVDW-NIKOS-PAPER\Version_22\attacked\1080p\watermarked_image_1080_1\Crops\Croped_Right_50_watermarked_image_1080_1.png,0,50.0,0.184,"[0, 2, 'X', 'X', 6, 4, 'X', 'X', 0, 0, 'X', 'X', 1, 2, 'X', 'X']"
2026-05-20T20:18:23.179983,1080p,Crops,crop,Right_75,Croped_Right_75_watermarked_image_1080_1.png,N:\Desktop\WORKING PAPERS\MVDW-NIKOS-PAPER\Version_22\attacked\1080p\watermarked_image_1080_1\Crops\Croped_Right_75_watermarked_image_1080_1.png,0,25.0,0.2778,"[0, 'X', 'X', 'X', 6, 'X', 'X', 'X', 0, 'X', 'X', 'X', 1, 'X', 'X', 'X']"
2026-05-20T20:18:24.676904,1080p,Crops,crop,Top_25,Croped_Top_25_watermarked_image_1080_1.png,N:\Desktop\WORKING PAPERS\MVDW-NIKOS-PAPER\Version_22\attacked\1080p\watermarked_image_1080_1\Crops\Croped_Top_25_watermarked_image_1080_1.png,0,75.0,0.0972,"['X', 'X', 'X', 'X', 6, 4, 3, 2, 0, 0, 4, 5, 1, 2, 6, 3]"
2026-05-20T20:18:26.132375,1080p,Crops,crop,Top_50,Croped_Top_50_watermarked_image_1080_1.png,N:\Desktop\WORKING PAPERS\MVDW-NIKOS-PAPER\Version_22\attacked\1080p\watermarked_image_1080_1\Crops\Croped_Top_50_watermarked_image_1080_1.png,0,50.0,0.184,"['X', 'X', 'X', 'X', 'X', 'X', 'X', 'X', 0, 0, 4, 5, 1, 2, 6, 3]"
2026-05-20T20:18:27.587537,1080p,Crops,crop,Top_75,Croped_Top_75_watermarked_image_1080_1.png,N:\Desktop\WORKING PAPERS\MVDW-NIKOS-PAPER\Version_22\attacked\1080p\watermarked_image_1080_1\Crops\Croped_Top_75_watermarked_image_1080_1.png,0,25.0,0.2778,"['X', 'X', 'X', 'X', 'X', 'X', 'X', 'X', 'X', 'X', 'X', 'X', 1, 2, 6, 3]"
2026-05-20T20:18:29.087344,1080p,Filters,jpeg,70,Compressed_q70_watermarked_image_1080_1.jpg,N:\Desktop\WORKING PAPERS\MVDW-NIKOS-PAPER\Version_22\attacked\1080p\watermarked_image_1080_1\Filters\Compressed_q70_watermarked_image_1080_1.jpg,0,25.0,0.2292,"['X', 'X', 2, 'X', 'X', 'X', 'X', 'X', 0, 'X', 4, 'X', 1, 'X', 'X', 'X']"
2026-05-20T20:18:30.585908,1080p,Filters,jpeg,80,Compressed_q80_watermarked_image_1080_1.jpg,N:\Desktop\WORKING PAPERS\MVDW-NIKOS-PAPER\Version_22\attacked\1080p\watermarked_image_1080_1\Filters\Compressed_q80_watermarked_image_1080_1.jpg,0,50.0,0.1979,"['X', 'X', 2, 'X', 6, 'X', 3, 2, 0, 'X', 4, 'X', 1, 2, 'X', 'X']"
2026-05-20T20:18:32.099886,1080p,Filters,jpeg,90,Compressed_q90_watermarked_image_1080_1.jpg,N:\Desktop\WORKING PAPERS\MVDW-NIKOS-PAPER\Version_22\attacked\1080p\watermarked_image_1080_1\Filters\Compressed_q90_watermarked_image_1080_1.jpg,0,93.75,0.0069,"[0, 2, 2, 5, 6, 4, 3, 2, 0, 0, 4, 5, 1, 2, 6, 'X']"
2026-05-20T20:18:33.629981,1080p,Filters,gaussian_blur,3,GB_k3_watermarked_image_1080_1.png,N:\Desktop\WORKING PAPERS\MVDW-NIKOS-PAPER\Version_22\attacked\1080p\watermarked_image_1080_1\Filters\GB_k3_watermarked_image_1080_1.png,0,12.5,0.3854,"['X', 'X', 'X', 5, 6, 'X', 'X', 'X', 'X', 'X', 'X', 'X', 'X', 'X', 'X', 'X']"
2026-05-20T20:18:35.182423,1080p,Filters,gaussian_blur,5,GB_k5_watermarked_image_1080_1.png,N:\Desktop\WORKING PAPERS\MVDW-NIKOS-PAPER\Version_22\attacked\1080p\watermarked_image_1080_1\Filters\GB_k5_watermarked_image_1080_1.png,0,6.25,0.3889,"['X', 'X', 'X', 'X', 'X', 4, 'X', 'X', 'X', 'X', 'X', 'X', 'X', 'X', 'X', 'X']"
2026-05-20T20:18:36.728372,1080p,Filters,gaussian_blur,7,GB_k7_watermarked_image_1080_1.png,N:\Desktop\WORKING PAPERS\MVDW-NIKOS-PAPER\Version_22\attacked\1080p\watermarked_image_1080_1\Filters\GB_k7_watermarked_image_1080_1.png,0,0.0,0.3611,"['X', 'X', 'X', 'X', 'X', 'X', 'X', 'X', 'X', 'X', 'X', 'X', 'X', 'X', 'X', 'X']"
2026-05-20T20:18:38.247666,1080p,Filters,gaussian_noise,0.05,GN_lvl0.05_watermarked_image_1080_1.png,N:\Desktop\WORKING PAPERS\MVDW-NIKOS-PAPER\Version_22\attacked\1080p\watermarked_image_1080_1\Filters\GN_lvl0.05_watermarked_image_1080_1.png,0,100.0,0.0,"[0, 2, 2, 5, 6, 4, 3, 2, 0, 0, 4, 5, 1, 2, 6, 3]"
2026-05-20T20:18:39.779442,1080p,Filters,gaussian_noise,0.1,GN_lvl0.1_watermarked_image_1080_1.png,N:\Desktop\WORKING PAPERS\MVDW-NIKOS-PAPER\Version_22\attacked\1080p\watermarked_image_1080_1\Filters\GN_lvl0.1_watermarked_image_1080_1.png,0,100.0,0.0,"[0, 2, 2, 5, 6, 4, 3, 2, 0, 0, 4, 5, 1, 2, 6, 3]"
2026-05-20T20:18:41.304806,1080p,Filters,gaussian_noise,0.2,GN_lvl0.2_watermarked_image_1080_1.png,N:\Desktop\WORKING PAPERS\MVDW-NIKOS-PAPER\Version_22\attacked\1080p\watermarked_image_1080_1\Filters\GN_lvl0.2_watermarked_image_1080_1.png,0,100.0,0.0,"[0, 2, 2, 5, 6, 4, 3, 2, 0, 0, 4, 5, 1, 2, 6, 3]"
2026-05-20T20:18:42.767217,1080p,Filters,gamma,,Gamma_watermarked_image_1080_1.png,N:\Desktop\WORKING PAPERS\MVDW-NIKOS-PAPER\Version_22\attacked\1080p\watermarked_image_1080_1\Filters\Gamma_watermarked_image_1080_1.png,0,43.75,0.2153,"['X', 'X', 2, 5, 'X', 4, 'X', 'X', 0, 'X', 'X', 5, 1, 'X', 'X', 3]"
2026-05-20T20:18:44.301370,1080p,Filters,histogram_equalization,,HEQ_watermarked_image_1080_1.png,N:\Desktop\WORKING PAPERS\MVDW-NIKOS-PAPER\Version_22\attacked\1080p\watermarked_image_1080_1\Filters\HEQ_watermarked_image_1080_1.png,0,100.0,0.0,"[0, 2, 2, 5, 6, 4, 3, 2, 0, 0, 4, 5, 1, 2, 6, 3]"
2026-05-20T20:18:45.837640,1080p,Filters,motion_blur,3,MB_k3_watermarked_image_1080_1.png,N:\Desktop\WORKING PAPERS\MVDW-NIKOS-PAPER\Version_22\attacked\1080p\watermarked_image_1080_1\Filters\MB_k3_watermarked_image_1080_1.png,0,100.0,0.0,"[0, 2, 2, 5, 6, 4, 3, 2, 0, 0, 4, 5, 1, 2, 6, 3]"
2026-05-20T20:18:47.370547,1080p,Filters,motion_blur,5,MB_k5_watermarked_image_1080_1.png,N:\Desktop\WORKING PAPERS\MVDW-NIKOS-PAPER\Version_22\attacked\1080p\watermarked_image_1080_1\Filters\MB_k5_watermarked_image_1080_1.png,0,100.0,0.0,"[0, 2, 2, 5, 6, 4, 3, 2, 0, 0, 4, 5, 1, 2, 6, 3]"
2026-05-20T20:18:48.893494,1080p,Filters,motion_blur,7,MB_k7_watermarked_image_1080_1.png,N:\Desktop\WORKING PAPERS\MVDW-NIKOS-PAPER\Version_22\attacked\1080p\watermarked_image_1080_1\Filters\MB_k7_watermarked_image_1080_1.png,0,93.75,0.0069,"[0, 2, 2, 5, 6, 4, 3, 2, 0, 0, 4, 5, 1, 2, 6, 'X']"
2026-05-20T20:18:50.416591,1080p,Filters,mean_filter,3,MEAN_k3_watermarked_image_1080_1.png,N:\Desktop\WORKING PAPERS\MVDW-NIKOS-PAPER\Version_22\attacked\1080p\watermarked_image_1080_1\Filters\MEAN_k3_watermarked_image_1080_1.png,0,93.75,0.0069,"[0, 2, 2, 5, 6, 4, 3, 2, 0, 0, 4, 5, 1, 2, 6, 'X']"
2026-05-20T20:18:51.953240,1080p,Filters,mean_filter,5,MEAN_k5_watermarked_image_1080_1.png,N:\Desktop\WORKING PAPERS\MVDW-NIKOS-PAPER\Version_22\attacked\1080p\watermarked_image_1080_1\Filters\MEAN_k5_watermarked_image_1080_1.png,0,81.25,0.0312,"[0, 2, 2, 'X', 6, 4, 3, 2, 0, 0, 4, 5, 1, 2, 'X', 'X']"
2026-05-20T20:18:53.483207,1080p,Filters,median_filter,3,MF_k3_watermarked_image_1080_1.png,N:\Desktop\WORKING PAPERS\MVDW-NIKOS-PAPER\Version_22\attacked\1080p\watermarked_image_1080_1\Filters\MF_k3_watermarked_image_1080_1.png,0,100.0,0.0,"[0, 2, 2, 5, 6, 4, 3, 2, 0, 0, 4, 5, 1, 2, 6, 3]"
2026-05-20T20:18:55.022435,1080p,Filters,median_filter,5,MF_k5_watermarked_image_1080_1.png,N:\Desktop\WORKING PAPERS\MVDW-NIKOS-PAPER\Version_22\attacked\1080p\watermarked_image_1080_1\Filters\MF_k5_watermarked_image_1080_1.png,0,87.5,0.0122,"[0, 2, 2, 5, 6, 4, 3, 2, 'X', 0, 4, 'X', 1, 2, 6, 3]"
2026-05-20T20:18:56.539335,1080p,Filters,median_filter,7,MF_k7_watermarked_image_1080_1.png,N:\Desktop\WORKING PAPERS\MVDW-NIKOS-PAPER\Version_22\attacked\1080p\watermarked_image_1080_1\Filters\MF_k7_watermarked_image_1080_1.png,0,37.5,0.099,"['X', 'X', 'X', 5, 6, 'X', 'X', 2, 'X', 'X', 4, 'X', 'X', 2, 'X', 3]"
2026-05-20T20:18:58.074927,1080p,Filters,sharpening,,SHARP_watermarked_image_1080_1.png,N:\Desktop\WORKING PAPERS\MVDW-NIKOS-PAPER\Version_22\attacked\1080p\watermarked_image_1080_1\Filters\SHARP_watermarked_image_1080_1.png,0,100.0,0.0,"[0, 2, 2, 5, 6, 4, 3, 2, 0, 0, 4, 5, 1, 2, 6, 3]"
2026-05-20T20:18:59.603684,1080p,Filters,salt_pepper,0.05,SaP_p0.05_watermarked_image_1080_1.png,N:\Desktop\WORKING PAPERS\MVDW-NIKOS-PAPER\Version_22\attacked\1080p\watermarked_image_1080_1\Filters\SaP_p0.05_watermarked_image_1080_1.png,0,12.5,0.342,"['X', 'X', 2, 'X', 6, 'X', 'X', 'X', 'X', 'X', 'X', 'X', 'X', 'X', 'X', 'X']"
2026-05-20T20:19:01.127465,1080p,Filters,salt_pepper,0.1,SaP_p0.1_watermarked_image_1080_1.png,N:\Desktop\WORKING PAPERS\MVDW-NIKOS-PAPER\Version_22\attacked\1080p\watermarked_image_1080_1\Filters\SaP_p0.1_watermarked_image_1080_1.png,0,6.25,0.401,"['X', 'X', 'X', 'X', 'X', 'X', 'X', 'X', 'X', 'X', 'X', 5, 'X', 'X', 'X', 'X']"
2026-05-20T20:19:02.659678,1080p,Filters,salt_pepper,0.2,SaP_p0.2_watermarked_image_1080_1.png,N:\Desktop\WORKING PAPERS\MVDW-NIKOS-PAPER\Version_22\attacked\1080p\watermarked_image_1080_1\Filters\SaP_p0.2_watermarked_image_1080_1.png,0,0.0,0.4219,"['X', 'X', 'X', 'X', 'X', 'X', 'X', 'X', 'X', 'X', 'X', 'X', 'X', 'X', 'X', 'X']"
2026-05-20T20:19:04.197208,1080p,Geometric,horizontal_flip,,HFLIP_watermarked_image_1080_1.png,N:\Desktop\WORKING PAPERS\MVDW-NIKOS-PAPER\Version_22\attacked\1080p\watermarked_image_1080_1\Geometric\HFLIP_watermarked_image_1080_1.png,0,6.25,0.3559,"['X', 'X', 'X', 'X', 'X', 'X', 'X', 'X', 'X', 'X', 'X', 5, 'X', 'X', 'X', 'X']"
2026-05-20T20:19:05.739429,1080p,Geometric,rotation,-10,ROT_-10_watermarked_image_1080_1.png,N:\Desktop\WORKING PAPERS\MVDW-NIKOS-PAPER\Version_22\attacked\1080p\watermarked_image_1080_1\Geometric\ROT_-10_watermarked_image_1080_1.png,0,12.5,0.3976,"['X', 'X', 'X', 'X', 'X', 'X', 'X', 'X', 'X', 'X', 'X', 5, 'X', 'X', 'X', 3]"
2026-05-20T20:19:07.273327,1080p,Geometric,rotation,10,ROT_10_watermarked_image_1080_1.png,N:\Desktop\WORKING PAPERS\MVDW-NIKOS-PAPER\Version_22\attacked\1080p\watermarked_image_1080_1\Geometric\ROT_10_watermarked_image_1080_1.png,0,6.25,0.3073,"['X', 'X', 'X', 'X', 'X', 'X', 'X', 'X', 'X', 'X', 'X', 'X', 'X', 'X', 'X', 3]"
2026-05-20T20:19:08.808412,1080p,Geometric,rotation,5,ROT_5_watermarked_image_1080_1.png,N:\Desktop\WORKING PAPERS\MVDW-NIKOS-PAPER\Version_22\attacked\1080p\watermarked_image_1080_1\Geometric\ROT_5_watermarked_image_1080_1.png,0,12.5,0.3993,"['X', 'X', 'X', 'X', 'X', 'X', 'X', 'X', 'X', 'X', 'X', 'X', 'X', 'X', 6, 3]"
2026-05-20T20:19:10.332364,1080p,Geometric,translation,x2_y2,TRANS_x2_y2_watermarked_image_1080_1.png,N:\Desktop\WORKING PAPERS\MVDW-NIKOS-PAPER\Version_22\attacked\1080p\watermarked_image_1080_1\Geometric\TRANS_x2_y2_watermarked_image_1080_1.png,0,100.0,0.0,"[0, 2, 2, 5, 6, 4, 3, 2, 0, 0, 4, 5, 1, 2, 6, 3]"
2026-05-20T20:19:11.853148,1080p,Geometric,translation,x4_y4,TRANS_x4_y4_watermarked_image_1080_1.png,N:\Desktop\WORKING PAPERS\MVDW-NIKOS-PAPER\Version_22\attacked\1080p\watermarked_image_1080_1\Geometric\TRANS_x4_y4_watermarked_image_1080_1.png,0,18.75,0.3021,"['X', 'X', 'X', 5, 'X', 4, 'X', 'X', 'X', 'X', 'X', 'X', 'X', 2, 'X', 'X']"
2026-05-20T20:19:13.387597,1080p,Resize,resize,110,RESIZE_110_watermarked_image_1080_1.png,N:\Desktop\WORKING PAPERS\MVDW-NIKOS-PAPER\Version_22\attacked\1080p\watermarked_image_1080_1\Resize\RESIZE_110_watermarked_image_1080_1.png,0,100.0,0.0,"[0, 2, 2, 5, 6, 4, 3, 2, 0, 0, 4, 5, 1, 2, 6, 3]"
2026-05-20T20:19:14.919818,1080p,Resize,resize,90,RESIZE_90_watermarked_image_1080_1.png,N:\Desktop\WORKING PAPERS\MVDW-NIKOS-PAPER\Version_22\attacked\1080p\watermarked_image_1080_1\Resize\RESIZE_90_watermarked_image_1080_1.png,0,56.25,0.0642,"[0, 2, 2, 'X', 6, 'X', 'X', 2, 0, 0, 4, 'X', 1, 'X', 'X', 'X']"
2026-05-20T20:19:16.423403,1080p,Crops,crop,BothHorizontal_25,Croped_BothHorizontal_25_watermarked_image_1080_2.png,N:\Desktop\WORKING PAPERS\MVDW-NIKOS-PAPER\Version_22\attacked\1080p\watermarked_image_1080_2\Crops\Croped_BothHorizontal_25_watermarked_image_1080_2.png,0,75.0,0.0799,"['X', 'X', 'X', 'X', 6, 4, 3, 2, 0, 0, 4, 5, 1, 2, 6, 3]"
2026-05-20T20:19:17.907589,1080p,Crops,crop,BothHorizontal_50,Croped_BothHorizontal_50_watermarked_image_1080_2.png,N:\Desktop\WORKING PAPERS\MVDW-NIKOS-PAPER\Version_22\attacked\1080p\watermarked_image_1080_2\Crops\Croped_BothHorizontal_50_watermarked_image_1080_2.png,0,50.0,0.1875,"['X', 'X', 'X', 'X', 6, 4, 3, 2, 0, 0, 4, 5, 'X', 'X', 'X', 'X']"
2026-05-20T20:19:19.334869,1080p,Crops,crop,BothHorizontal_75,Croped_BothHorizontal_75_watermarked_image_1080_2.png,N:\Desktop\WORKING PAPERS\MVDW-NIKOS-PAPER\Version_22\attacked\1080p\watermarked_image_1080_2\Crops\Croped_BothHorizontal_75_watermarked_image_1080_2.png,0,12.5,0.3108,"['X', 'X', 'X', 'X', 6, 'X', 'X', 'X', 'X', 'X', 4, 'X', 'X', 'X', 'X', 'X']"
2026-05-20T20:19:20.817581,1080p,Crops,crop,BothVertical_25,Croped_BothVertical_25_watermarked_image_1080_2.png,N:\Desktop\WORKING PAPERS\MVDW-NIKOS-PAPER\Version_22\attacked\1080p\watermarked_image_1080_2\Crops\Croped_BothVertical_25_watermarked_image_1080_2.png,0,56.25,0.1562,"[0, 2, 2, 'X', 'X', 4, 3, 'X', 'X', 0, 4, 'X', 'X', 2, 6, 'X']"
2026-05-20T20:19:22.289603,1080p,Crops,crop,BothVertical_50,Croped_BothVertical_50_watermarked_image_1080_2.png,N:\Desktop\WORKING PAPERS\MVDW-NIKOS-PAPER\Version_22\attacked\1080p\watermarked_image_1080_2\Crops\Croped_BothVertical_50_watermarked_image_1080_2.png,0,50.0,0.1875,"['X', 2, 2, 'X', 'X', 4, 3, 'X', 'X', 0, 4, 'X', 'X', 2, 6, 'X']"
2026-05-20T20:19:23.758741,1080p,Crops,crop,BothVertical_75,Croped_BothVertical_75_watermarked_image_1080_2.png,N:\Desktop\WORKING PAPERS\MVDW-NIKOS-PAPER\Version_22\attacked\1080p\watermarked_image_1080_2\Crops\Croped_BothVertical_75_watermarked_image_1080_2.png,0,37.5,0.2292,"['X', 2, 2, 'X', 'X', 4, 'X', 'X', 'X', 0, 4, 'X', 'X', 2, 'X', 'X']"
2026-05-20T20:19:25.264218,1080p,Crops,crop,Bottom_25,Croped_Bottom_25_watermarked_image_1080_2.png,N:\Desktop\WORKING PAPERS\MVDW-NIKOS-PAPER\Version_22\attacked\1080p\watermarked_image_1080_2\Crops\Croped_Bottom_25_watermarked_image_1080_2.png,0,75.0,0.0903,"[0, 2, 2, 5, 6, 4, 3, 2, 0, 0, 4, 5, 'X', 'X', 'X', 'X']"
2026-05-20T20:19:26.737709,1080p,Crops,crop,Bottom_50,Croped_Bottom_50_watermarked_image_1080_2.png,N:\Desktop\WORKING PAPERS\MVDW-NIKOS-PAPER\Version_22\attacked\1080p\watermarked_image_1080_2\Crops\Croped_Bottom_50_watermarked_image_1080_2.png,0,50.0,0.184,"[0, 2, 2, 5, 6, 4, 3, 2, 'X', 'X', 'X', 'X', 'X', 'X', 'X', 'X']"
2026-05-20T20:19:28.178873,1080p,Crops,crop,Bottom_75,Croped_Bottom_75_watermarked_image_1080_2.png,N:\Desktop\WORKING PAPERS\MVDW-NIKOS-PAPER\Version_22\attacked\1080p\watermarked_image_1080_2\Crops\Croped_Bottom_75_watermarked_image_1080_2.png,0,25.0,0.2708,"[0, 2, 2, 5, 'X', 'X', 'X', 'X', 'X', 'X', 'X', 'X', 'X', 'X', 'X', 'X']"
2026-05-20T20:19:29.685350,1080p,Crops,crop,Left_25,Croped_Left_25_watermarked_image_1080_2.png,N:\Desktop\WORKING PAPERS\MVDW-NIKOS-PAPER\Version_22\attacked\1080p\watermarked_image_1080_2\Crops\Croped_Left_25_watermarked_image_1080_2.png,0,75.0,0.0903,"['X', 2, 2, 5, 'X', 4, 3, 2, 'X', 0, 4, 5, 'X', 2, 6, 3]"
2026-05-20T20:19:31.150385,1080p,Crops,crop,Left_50,Croped_Left_50_watermarked_image_1080_2.png,N:\Desktop\WORKING PAPERS\MVDW-NIKOS-PAPER\Version_22\attacked\1080p\watermarked_image_1080_2\Crops\Croped_Left_50_watermarked_image_1080_2.png,0,50.0,0.184,"['X', 'X', 2, 5, 'X', 'X', 3, 2, 'X', 'X', 4, 5, 'X', 'X', 6, 3]"
2026-05-20T20:19:32.595179,1080p,Crops,crop,Left_75,Croped_Left_75_watermarked_image_1080_2.png,N:\Desktop\WORKING PAPERS\MVDW-NIKOS-PAPER\Version_22\attacked\1080p\watermarked_image_1080_2\Crops\Croped_Left_75_watermarked_image_1080_2.png,0,25.0,0.2708,"['X', 'X', 'X', 5, 'X', 'X', 'X', 2, 'X', 'X', 'X', 5, 'X', 'X', 'X', 3]"
2026-05-20T20:19:34.114161,1080p,Crops,crop,Right_25,Croped_Right_25_watermarked_image_1080_2.png,N:\Desktop\WORKING PAPERS\MVDW-NIKOS-PAPER\Version_22\attacked\1080p\watermarked_image_1080_2\Crops\Croped_Right_25_watermarked_image_1080_2.png,0,75.0,0.0972,"[0, 2, 2, 'X', 6, 4, 3, 'X', 0, 0, 4, 'X', 1, 2, 6, 'X']"
2026-05-20T20:19:35.585689,1080p,Crops,crop,Right_50,Croped_Right_50_watermarked_image_1080_2.png,N:\Desktop\WORKING PAPERS\MVDW-NIKOS-PAPER\Version_22\attacked\1080p\watermarked_image_1080_2\Crops\Croped_Right_50_watermarked_image_1080_2.png,0,50.0,0.184,"[0, 2, 'X', 'X', 6, 4, 'X', 'X', 0, 0, 'X', 'X', 1, 2, 'X', 'X']"
2026-05-20T20:19:37.025504,1080p,Crops,crop,Right_75,Croped_Right_75_watermarked_image_1080_2.png,N:\Desktop\WORKING PAPERS\MVDW-NIKOS-PAPER\Version_22\attacked\1080p\watermarked_image_1080_2\Crops\Croped_Right_75_watermarked_image_1080_2.png,0,25.0,0.2778,"[0, 'X', 'X', 'X', 6, 'X', 'X', 'X', 0, 'X', 'X', 'X', 1, 'X', 'X', 'X']"
2026-05-20T20:19:38.520723,1080p,Crops,crop,Top_25,Croped_Top_25_watermarked_image_1080_2.png,N:\Desktop\WORKING PAPERS\MVDW-NIKOS-PAPER\Version_22\attacked\1080p\watermarked_image_1080_2\Crops\Croped_Top_25_watermarked_image_1080_2.png,0,75.0,0.0972,"['X', 'X', 'X', 'X', 6, 4, 3, 2, 0, 0, 4, 5, 1, 2, 6, 3]"
2026-05-20T20:19:39.987187,1080p,Crops,crop,Top_50,Croped_Top_50_watermarked_image_1080_2.png,N:\Desktop\WORKING PAPERS\MVDW-NIKOS-PAPER\Version_22\attacked\1080p\watermarked_image_1080_2\Crops\Croped_Top_50_watermarked_image_1080_2.png,0,50.0,0.184,"['X', 'X', 'X', 'X', 'X', 'X', 'X', 'X', 0, 0, 4, 5, 1, 2, 6, 3]"
2026-05-20T20:19:41.421402,1080p,Crops,crop,Top_75,Croped_Top_75_watermarked_image_1080_2.png,N:\Desktop\WORKING PAPERS\MVDW-NIKOS-PAPER\Version_22\attacked\1080p\watermarked_image_1080_2\Crops\Croped_Top_75_watermarked_image_1080_2.png,0,25.0,0.2778,"['X', 'X', 'X', 'X', 'X', 'X', 'X', 'X', 'X', 'X', 'X', 'X', 1, 2, 6, 3]"
2026-05-20T20:19:42.921656,1080p,Filters,jpeg,70,Compressed_q70_watermarked_image_1080_2.jpg,N:\Desktop\WORKING PAPERS\MVDW-NIKOS-PAPER\Version_22\attacked\1080p\watermarked_image_1080_2\Filters\Compressed_q70_watermarked_image_1080_2.jpg,0,18.75,0.3108,"['X', 2, 'X', 'X', 'X', 'X', 'X', 'X', 'X', 0, 'X', 'X', 'X', 'X', 'X', 3]"
2026-05-20T20:19:44.413386,1080p,Filters,jpeg,80,Compressed_q80_watermarked_image_1080_2.jpg,N:\Desktop\WORKING PAPERS\MVDW-NIKOS-PAPER\Version_22\attacked\1080p\watermarked_image_1080_2\Filters\Compressed_q80_watermarked_image_1080_2.jpg,0,25.0,0.2622,"['X', 'X', 'X', 'X', 6, 4, 'X', 2, 'X', 0, 'X', 'X', 'X', 'X', 'X', 'X']"
2026-05-20T20:19:45.927509,1080p,Filters,jpeg,90,Compressed_q90_watermarked_image_1080_2.jpg,N:\Desktop\WORKING PAPERS\MVDW-NIKOS-PAPER\Version_22\attacked\1080p\watermarked_image_1080_2\Filters\Compressed_q90_watermarked_image_1080_2.jpg,0,87.5,0.0382,"['X', 2, 2, 5, 6, 4, 3, 2, 0, 0, 4, 5, 'X', 2, 6, 3]"
2026-05-20T20:19:47.448152,1080p,Filters,gaussian_blur,3,GB_k3_watermarked_image_1080_2.png,N:\Desktop\WORKING PAPERS\MVDW-NIKOS-PAPER\Version_22\attacked\1080p\watermarked_image_1080_2\Filters\GB_k3_watermarked_image_1080_2.png,0,0.0,0.3229,"['X', 'X', 'X', 'X', 'X', 'X', 'X', 'X', 'X', 'X', 'X', 'X', 'X', 'X', 'X', 'X']"
2026-05-20T20:19:48.966294,1080p,Filters,gaussian_blur,5,GB_k5_watermarked_image_1080_2.png,N:\Desktop\WORKING PAPERS\MVDW-NIKOS-PAPER\Version_22\attacked\1080p\watermarked_image_1080_2\Filters\GB_k5_watermarked_image_1080_2.png,0,6.25,0.3316,"['X', 'X', 'X', 5, 'X', 'X', 'X', 'X', 'X', 'X', 'X', 'X', 'X', 'X', 'X', 'X']"
2026-05-20T20:19:50.490929,1080p,Filters,gaussian_blur,7,GB_k7_watermarked_image_1080_2.png,N:\Desktop\WORKING PAPERS\MVDW-NIKOS-PAPER\Version_22\attacked\1080p\watermarked_image_1080_2\Filters\GB_k7_watermarked_image_1080_2.png,0,6.25,0.3576,"['X', 'X', 'X', 'X', 'X', 'X', 'X', 'X', 'X', 'X', 'X', 'X', 'X', 'X', 6, 'X']"
2026-05-20T20:19:52.018330,1080p,Filters,gaussian_noise,0.05,GN_lvl0.05_watermarked_image_1080_2.png,N:\Desktop\WORKING PAPERS\MVDW-NIKOS-PAPER\Version_22\attacked\1080p\watermarked_image_1080_2\Filters\GN_lvl0.05_watermarked_image_1080_2.png,0,100.0,0.0,"[0, 2, 2, 5, 6, 4, 3, 2, 0, 0, 4, 5, 1, 2, 6, 3]"
2026-05-20T20:19:53.539897,1080p,Filters,gaussian_noise,0.1,GN_lvl0.1_watermarked_image_1080_2.png,N:\Desktop\WORKING PAPERS\MVDW-NIKOS-PAPER\Version_22\attacked\1080p\watermarked_image_1080_2\Filters\GN_lvl0.1_watermarked_image_1080_2.png,0,100.0,0.0,"[0, 2, 2, 5, 6, 4, 3, 2, 0, 0, 4, 5, 1, 2, 6, 3]"
2026-05-20T20:19:55.069279,1080p,Filters,gaussian_noise,0.2,GN_lvl0.2_watermarked_image_1080_2.png,N:\Desktop\WORKING PAPERS\MVDW-NIKOS-PAPER\Version_22\attacked\1080p\watermarked_image_1080_2\Filters\GN_lvl0.2_watermarked_image_1080_2.png,0,100.0,0.0,"[0, 2, 2, 5, 6, 4, 3, 2, 0, 0, 4, 5, 1, 2, 6, 3]"
2026-05-20T20:19:56.594953,1080p,Filters,gamma,,Gamma_watermarked_image_1080_2.png,N:\Desktop\WORKING PAPERS\MVDW-NIKOS-PAPER\Version_22\attacked\1080p\watermarked_image_1080_2\Filters\Gamma_watermarked_image_1080_2.png,0,100.0,0.0,"[0, 2, 2, 5, 6, 4, 3, 2, 0, 0, 4, 5, 1, 2, 6, 3]"
2026-05-20T20:19:58.123304,1080p,Filters,histogram_equalization,,HEQ_watermarked_image_1080_2.png,N:\Desktop\WORKING PAPERS\MVDW-NIKOS-PAPER\Version_22\attacked\1080p\watermarked_image_1080_2\Filters\HEQ_watermarked_image_1080_2.png,0,100.0,0.0,"[0, 2, 2, 5, 6, 4, 3, 2, 0, 0, 4, 5, 1, 2, 6, 3]"
2026-05-20T20:19:59.712378,1080p,Filters,motion_blur,3,MB_k3_watermarked_image_1080_2.png,N:\Desktop\WORKING PAPERS\MVDW-NIKOS-PAPER\Version_22\attacked\1080p\watermarked_image_1080_2\Filters\MB_k3_watermarked_image_1080_2.png,0,93.75,0.0017,"[0, 2, 2, 5, 6, 4, 3, 2, 0, 0, 4, 5, 'X', 2, 6, 3]"
2026-05-20T20:20:01.236783,1080p,Filters,motion_blur,5,MB_k5_watermarked_image_1080_2.png,N:\Desktop\WORKING PAPERS\MVDW-NIKOS-PAPER\Version_22\attacked\1080p\watermarked_image_1080_2\Filters\MB_k5_watermarked_image_1080_2.png,0,100.0,0.0,"[0, 2, 2, 5, 6, 4, 3, 2, 0, 0, 4, 5, 1, 2, 6, 3]"
2026-05-20T20:20:02.754686,1080p,Filters,motion_blur,7,MB_k7_watermarked_image_1080_2.png,N:\Desktop\WORKING PAPERS\MVDW-NIKOS-PAPER\Version_22\attacked\1080p\watermarked_image_1080_2\Filters\MB_k7_watermarked_image_1080_2.png,0,81.25,0.0174,"['X', 2, 2, 5, 6, 4, 3, 2, 0, 0, 4, 5, 'X', 2, 6, 'X']"
2026-05-20T20:20:04.265222,1080p,Filters,mean_filter,3,MEAN_k3_watermarked_image_1080_2.png,N:\Desktop\WORKING PAPERS\MVDW-NIKOS-PAPER\Version_22\attacked\1080p\watermarked_image_1080_2\Filters\MEAN_k3_watermarked_image_1080_2.png,0,81.25,0.0312,"['X', 2, 2, 5, 6, 4, 3, 2, 0, 0, 4, 5, 'X', 2, 6, 'X']"
2026-05-20T20:20:05.776533,1080p,Filters,mean_filter,5,MEAN_k5_watermarked_image_1080_2.png,N:\Desktop\WORKING PAPERS\MVDW-NIKOS-PAPER\Version_22\attacked\1080p\watermarked_image_1080_2\Filters\MEAN_k5_watermarked_image_1080_2.png,0,68.75,0.059,"['X', 2, 2, 5, 6, 4, 3, 'X', 0, 0, 'X', 'X', 'X', 2, 6, 3]"
2026-05-20T20:20:07.308998,1080p,Filters,median_filter,3,MF_k3_watermarked_image_1080_2.png,N:\Desktop\WORKING PAPERS\MVDW-NIKOS-PAPER\Version_22\attacked\1080p\watermarked_image_1080_2\Filters\MF_k3_watermarked_image_1080_2.png,0,100.0,0.0,"[0, 2, 2, 5, 6, 4, 3, 2, 0, 0, 4, 5, 1, 2, 6, 3]"
2026-05-20T20:20:08.843968,1080p,Filters,median_filter,5,MF_k5_watermarked_image_1080_2.png,N:\Desktop\WORKING PAPERS\MVDW-NIKOS-PAPER\Version_22\attacked\1080p\watermarked_image_1080_2\Filters\MF_k5_watermarked_image_1080_2.png,0,87.5,0.0122,"[0, 2, 'X', 5, 6, 4, 3, 2, 0, 0, 4, 5, 'X', 2, 6, 3]"
2026-05-20T20:20:10.371124,1080p,Filters,median_filter,7,MF_k7_watermarked_image_1080_2.png,N:\Desktop\WORKING PAPERS\MVDW-NIKOS-PAPER\Version_22\attacked\1080p\watermarked_image_1080_2\Filters\MF_k7_watermarked_image_1080_2.png,0,43.75,0.1111,"['X', 2, 'X', 'X', 6, 4, 'X', 2, 'X', 'X', 'X', 5, 'X', 'X', 6, 3]"
2026-05-20T20:20:11.898974,1080p,Filters,sharpening,,SHARP_watermarked_image_1080_2.png,N:\Desktop\WORKING PAPERS\MVDW-NIKOS-PAPER\Version_22\attacked\1080p\watermarked_image_1080_2\Filters\SHARP_watermarked_image_1080_2.png,0,100.0,0.0,"[0, 2, 2, 5, 6, 4, 3, 2, 0, 0, 4, 5, 1, 2, 6, 3]"
2026-05-20T20:20:13.419919,1080p,Filters,salt_pepper,0.05,SaP_p0.05_watermarked_image_1080_2.png,N:\Desktop\WORKING PAPERS\MVDW-NIKOS-PAPER\Version_22\attacked\1080p\watermarked_image_1080_2\Filters\SaP_p0.05_watermarked_image_1080_2.png,0,6.25,0.3299,"['X', 'X', 'X', 'X', 6, 'X', 'X', 'X', 'X', 'X', 'X', 'X', 'X', 'X', 'X', 'X']"
2026-05-20T20:20:14.947910,1080p,Filters,salt_pepper,0.1,SaP_p0.1_watermarked_image_1080_2.png,N:\Desktop\WORKING PAPERS\MVDW-NIKOS-PAPER\Version_22\attacked\1080p\watermarked_image_1080_2\Filters\SaP_p0.1_watermarked_image_1080_2.png,0,6.25,0.3559,"['X', 'X', 'X', 'X', 'X', 4, 'X', 'X', 'X', 'X', 'X', 'X', 'X', 'X', 'X', 'X']"
2026-05-20T20:20:16.473818,1080p,Filters,salt_pepper,0.2,SaP_p0.2_watermarked_image_1080_2.png,N:\Desktop\WORKING PAPERS\MVDW-NIKOS-PAPER\Version_22\attacked\1080p\watermarked_image_1080_2\Filters\SaP_p0.2_watermarked_image_1080_2.png,0,0.0,0.3507,"['X', 'X', 'X', 'X', 'X', 'X', 'X', 'X', 'X', 'X', 'X', 'X', 'X', 'X', 'X', 'X']"
2026-05-20T20:20:18.009838,1080p,Geometric,horizontal_flip,,HFLIP_watermarked_image_1080_2.png,N:\Desktop\WORKING PAPERS\MVDW-NIKOS-PAPER\Version_22\attacked\1080p\watermarked_image_1080_2\Geometric\HFLIP_watermarked_image_1080_2.png,0,25.0,0.3715,"[0, 'X', 'X', 5, 6, 'X', 'X', 'X', 'X', 'X', 'X', 'X', 'X', 'X', 6, 'X']"
2026-05-20T20:20:19.552325,1080p,Geometric,rotation,-10,ROT_-10_watermarked_image_1080_2.png,N:\Desktop\WORKING PAPERS\MVDW-NIKOS-PAPER\Version_22\attacked\1080p\watermarked_image_1080_2\Geometric\ROT_-10_watermarked_image_1080_2.png,0,12.5,0.3872,"['X', 'X', 'X', 'X', 6, 'X', 'X', 'X', 'X', 'X', 'X', 'X', 'X', 2, 'X', 'X']"
2026-05-20T20:20:21.093407,1080p,Geometric,rotation,10,ROT_10_watermarked_image_1080_2.png,N:\Desktop\WORKING PAPERS\MVDW-NIKOS-PAPER\Version_22\attacked\1080p\watermarked_image_1080_2\Geometric\ROT_10_watermarked_image_1080_2.png,0,18.75,0.375,"['X', 'X', 'X', 5, 6, 'X', 'X', 'X', 'X', 'X', 'X', 'X', 1, 'X', 'X', 'X']"
2026-05-20T20:20:22.630634,1080p,Geometric,rotation,5,ROT_5_watermarked_image_1080_2.png,N:\Desktop\WORKING PAPERS\MVDW-NIKOS-PAPER\Version_22\attacked\1080p\watermarked_image_1080_2\Geometric\ROT_5_watermarked_image_1080_2.png,0,6.25,0.3524,"['X', 'X', 'X', 'X', 'X', 'X', 3, 'X', 'X', 'X', 'X', 'X', 'X', 'X', 'X', 'X']"
2026-05-20T20:20:24.170105,1080p,Geometric,translation,x2_y2,TRANS_x2_y2_watermarked_image_1080_2.png,N:\Desktop\WORKING PAPERS\MVDW-NIKOS-PAPER\Version_22\attacked\1080p\watermarked_image_1080_2\Geometric\TRANS_x2_y2_watermarked_image_1080_2.png,0,100.0,0.0,"[0, 2, 2, 5, 6, 4, 3, 2, 0, 0, 4, 5, 1, 2, 6, 3]"
2026-05-20T20:20:25.722540,1080p,Geometric,translation,x4_y4,TRANS_x4_y4_watermarked_image_1080_2.png,N:\Desktop\WORKING PAPERS\MVDW-NIKOS-PAPER\Version_22\attacked\1080p\watermarked_image_1080_2\Geometric\TRANS_x4_y4_watermarked_image_1080_2.png,0,0.0,0.2934,"['X', 'X', 'X', 'X', 'X', 'X', 'X', 'X', 'X', 'X', 'X', 'X', 'X', 'X', 'X', 'X']"
2026-05-20T20:20:27.269057,1080p,Resize,resize,110,RESIZE_110_watermarked_image_1080_2.png,N:\Desktop\WORKING PAPERS\MVDW-NIKOS-PAPER\Version_22\attacked\1080p\watermarked_image_1080_2\Resize\RESIZE_110_watermarked_image_1080_2.png,0,100.0,0.0,"[0, 2, 2, 5, 6, 4, 3, 2, 0, 0, 4, 5, 1, 2, 6, 3]"
2026-05-20T20:20:28.794674,1080p,Resize,resize,90,RESIZE_90_watermarked_image_1080_2.png,N:\Desktop\WORKING PAPERS\MVDW-NIKOS-PAPER\Version_22\attacked\1080p\watermarked_image_1080_2\Resize\RESIZE_90_watermarked_image_1080_2.png,0,68.75,0.0434,"[0, 2, 'X', 5, 'X', 4, 3, 2, 0, 0, 4, 'X', 'X', 'X', 6, 3]"
2026-05-20T20:20:30.286158,1080p,Crops,crop,BothHorizontal_25,Croped_BothHorizontal_25_watermarked_image_1080_3.png,N:\Desktop\WORKING PAPERS\MVDW-NIKOS-PAPER\Version_22\attacked\1080p\watermarked_image_1080_3\Crops\Croped_BothHorizontal_25_watermarked_image_1080_3.png,0,62.5,0.1406,"[0, 'X', 'X', 5, 6, 4, 3, 2, 0, 0, 4, 5, 'X', 'X', 'X', 'X']"
2026-05-20T20:20:31.738750,1080p,Crops,crop,BothHorizontal_50,Croped_BothHorizontal_50_watermarked_image_1080_3.png,N:\Desktop\WORKING PAPERS\MVDW-NIKOS-PAPER\Version_22\attacked\1080p\watermarked_image_1080_3\Crops\Croped_BothHorizontal_50_watermarked_image_1080_3.png,0,50.0,0.2066,"['X', 'X', 'X', 'X', 6, 4, 3, 2, 0, 0, 4, 5, 'X', 'X', 'X', 'X']"
2026-05-20T20:20:33.187594,1080p,Crops,crop,BothHorizontal_75,Croped_BothHorizontal_75_watermarked_image_1080_3.png,N:\Desktop\WORKING PAPERS\MVDW-NIKOS-PAPER\Version_22\attacked\1080p\watermarked_image_1080_3\Crops\Croped_BothHorizontal_75_watermarked_image_1080_3.png,0,25.0,0.276,"['X', 'X', 'X', 'X', 'X', 'X', 3, 2, 'X', 0, 4, 'X', 'X', 'X', 'X', 'X']"
2026-05-20T20:20:34.652382,1080p,Crops,crop,BothVertical_25,Croped_BothVertical_25_watermarked_image_1080_3.png,N:\Desktop\WORKING PAPERS\MVDW-NIKOS-PAPER\Version_22\attacked\1080p\watermarked_image_1080_3\Crops\Croped_BothVertical_25_watermarked_image_1080_3.png,0,62.5,0.1389,"[0, 2, 2, 5, 'X', 4, 3, 'X', 'X', 0, 4, 'X', 'X', 2, 6, 'X']"
2026-05-20T20:20:36.096383,1080p,Crops,crop,BothVertical_50,Croped_BothVertical_50_watermarked_image_1080_3.png,N:\Desktop\WORKING PAPERS\MVDW-NIKOS-PAPER\Version_22\attacked\1080p\watermarked_image_1080_3\Crops\Croped_BothVertical_50_watermarked_image_1080_3.png,0,50.0,0.1875,"['X', 2, 2, 'X', 'X', 4, 3, 'X', 'X', 0, 4, 'X', 'X', 2, 6, 'X']"
2026-05-20T20:20:37.546637,1080p,Crops,crop,BothVertical_75,Croped_BothVertical_75_watermarked_image_1080_3.png,N:\Desktop\WORKING PAPERS\MVDW-NIKOS-PAPER\Version_22\attacked\1080p\watermarked_image_1080_3\Crops\Croped_BothVertical_75_watermarked_image_1080_3.png,0,25.0,0.2743,"['X', 'X', 'X', 'X', 'X', 'X', 3, 'X', 'X', 0, 4, 'X', 'X', 2, 'X', 'X']"
2026-05-20T20:20:39.018546,1080p,Crops,crop,Bottom_25,Croped_Bottom_25_watermarked_image_1080_3.png,N:\Desktop\WORKING PAPERS\MVDW-NIKOS-PAPER\Version_22\attacked\1080p\watermarked_image_1080_3\Crops\Croped_Bottom_25_watermarked_image_1080_3.png,0,75.0,0.1094,"[0, 2, 2, 5, 6, 4, 3, 2, 0, 0, 4, 5, 'X', 'X', 'X', 'X']"
2026-05-20T20:20:40.473453,1080p,Crops,crop,Bottom_50,Croped_Bottom_50_watermarked_image_1080_3.png,N:\Desktop\WORKING PAPERS\MVDW-NIKOS-PAPER\Version_22\attacked\1080p\watermarked_image_1080_3\Crops\Croped_Bottom_50_watermarked_image_1080_3.png,0,50.0,0.2031,"[0, 2, 2, 5, 6, 4, 3, 2, 'X', 'X', 'X', 'X', 'X', 'X', 'X', 'X']"
2026-05-20T20:20:41.898321,1080p,Crops,crop,Bottom_75,Croped_Bottom_75_watermarked_image_1080_3.png,N:\Desktop\WORKING PAPERS\MVDW-NIKOS-PAPER\Version_22\attacked\1080p\watermarked_image_1080_3\Crops\Croped_Bottom_75_watermarked_image_1080_3.png,0,25.0,0.2708,"[0, 2, 2, 5, 'X', 'X', 'X', 'X', 'X', 'X', 'X', 'X', 'X', 'X', 'X', 'X']"
2026-05-20T20:20:43.374301,1080p,Crops,crop,Left_25,Croped_Left_25_watermarked_image_1080_3.png,N:\Desktop\WORKING PAPERS\MVDW-NIKOS-PAPER\Version_22\attacked\1080p\watermarked_image_1080_3\Crops\Croped_Left_25_watermarked_image_1080_3.png,0,75.0,0.1146,"['X', 2, 2, 5, 'X', 4, 3, 2, 'X', 0, 4, 5, 'X', 2, 6, 3]"
2026-05-20T20:20:44.851470,1080p,Crops,crop,Left_50,Croped_Left_50_watermarked_image_1080_3.png,N:\Desktop\WORKING PAPERS\MVDW-NIKOS-PAPER\Version_22\attacked\1080p\watermarked_image_1080_3\Crops\Croped_Left_50_watermarked_image_1080_3.png,0,50.0,0.2083,"['X', 'X', 2, 5, 'X', 'X', 3, 2, 'X', 'X', 4, 5, 'X', 'X', 6, 3]"
2026-05-20T20:20:46.284490,1080p,Crops,crop,Left_75,Croped_Left_75_watermarked_image_1080_3.png,N:\Desktop\WORKING PAPERS\MVDW-NIKOS-PAPER\Version_22\attacked\1080p\watermarked_image_1080_3\Crops\Croped_Left_75_watermarked_image_1080_3.png,0,25.0,0.2951,"['X', 'X', 'X', 5, 'X', 'X', 'X', 2, 'X', 'X', 'X', 5, 'X', 'X', 'X', 3]"
2026-05-20T20:20:47.753167,1080p,Crops,crop,Right_25,Croped_Right_25_watermarked_image_1080_3.png,N:\Desktop\WORKING PAPERS\MVDW-NIKOS-PAPER\Version_22\attacked\1080p\watermarked_image_1080_3\Crops\Croped_Right_25_watermarked_image_1080_3.png,0,75.0,0.1146,"[0, 2, 2, 'X', 6, 4, 3, 'X', 0, 0, 4, 'X', 1, 2, 6, 'X']"
2026-05-20T20:20:49.243439,1080p,Crops,crop,Right_50,Croped_Right_50_watermarked_image_1080_3.png,N:\Desktop\WORKING PAPERS\MVDW-NIKOS-PAPER\Version_22\attacked\1080p\watermarked_image_1080_3\Crops\Croped_Right_50_watermarked_image_1080_3.png,0,50.0,0.2014,"[0, 2, 'X', 'X', 6, 4, 'X', 'X', 0, 0, 'X', 'X', 1, 2, 'X', 'X']"
2026-05-20T20:20:50.682656,1080p,Crops,crop,Right_75,Croped_Right_75_watermarked_image_1080_3.png,N:\Desktop\WORKING PAPERS\MVDW-NIKOS-PAPER\Version_22\attacked\1080p\watermarked_image_1080_3\Crops\Croped_Right_75_watermarked_image_1080_3.png,0,25.0,0.2951,"[0, 'X', 'X', 'X', 6, 'X', 'X', 'X', 0, 'X', 'X', 'X', 1, 'X', 'X', 'X']"
2026-05-20T20:20:52.138199,1080p,Crops,crop,Top_25,Croped_Top_25_watermarked_image_1080_3.png,N:\Desktop\WORKING PAPERS\MVDW-NIKOS-PAPER\Version_22\attacked\1080p\watermarked_image_1080_3\Crops\Croped_Top_25_watermarked_image_1080_3.png,0,75.0,0.1389,"['X', 'X', 'X', 'X', 6, 4, 3, 2, 0, 0, 4, 5, 1, 2, 6, 3]"
2026-05-20T20:20:53.582509,1080p,Crops,crop,Top_50,Croped_Top_50_watermarked_image_1080_3.png,N:\Desktop\WORKING PAPERS\MVDW-NIKOS-PAPER\Version_22\attacked\1080p\watermarked_image_1080_3\Crops\Croped_Top_50_watermarked_image_1080_3.png,0,50.0,0.2066,"['X', 'X', 'X', 'X', 'X', 'X', 'X', 'X', 0, 0, 4, 5, 1, 2, 6, 3]"
2026-05-20T20:20:55.004597,1080p,Crops,crop,Top_75,Croped_Top_75_watermarked_image_1080_3.png,N:\Desktop\WORKING PAPERS\MVDW-NIKOS-PAPER\Version_22\attacked\1080p\watermarked_image_1080_3\Crops\Croped_Top_75_watermarked_image_1080_3.png,0,25.0,0.3003,"['X', 'X', 'X', 'X', 'X', 'X', 'X', 'X', 'X', 'X', 'X', 'X', 1, 2, 6, 3]"
2026-05-20T20:20:56.495274,1080p,Filters,jpeg,70,Compressed_q70_watermarked_image_1080_3.jpg,N:\Desktop\WORKING PAPERS\MVDW-NIKOS-PAPER\Version_22\attacked\1080p\watermarked_image_1080_3\Filters\Compressed_q70_watermarked_image_1080_3.jpg,0,25.0,0.2795,"['X', 'X', 'X', 5, 'X', 4, 3, 'X', 'X', 'X', 'X', 5, 'X', 'X', 'X', 'X']"
2026-05-20T20:20:57.972370,1080p,Filters,jpeg,80,Compressed_q80_watermarked_image_1080_3.jpg,N:\Desktop\WORKING PAPERS\MVDW-NIKOS-PAPER\Version_22\attacked\1080p\watermarked_image_1080_3\Filters\Compressed_q80_watermarked_image_1080_3.jpg,0,31.25,0.2622,"['X', 'X', 'X', 5, 'X', 4, 3, 2, 'X', 'X', 'X', 5, 'X', 'X', 'X', 'X']"
2026-05-20T20:20:59.459565,1080p,Filters,jpeg,90,Compressed_q90_watermarked_image_1080_3.jpg,N:\Desktop\WORKING PAPERS\MVDW-NIKOS-PAPER\Version_22\attacked\1080p\watermarked_image_1080_3\Filters\Compressed_q90_watermarked_image_1080_3.jpg,0,50.0,0.125,"[0, 'X', 2, 5, 'X', 4, 3, 'X', 'X', 'X', 4, 5, 'X', 2, 'X', 'X']"
2026-05-20T20:21:00.967655,1080p,Filters,gaussian_blur,3,GB_k3_watermarked_image_1080_3.png,N:\Desktop\WORKING PAPERS\MVDW-NIKOS-PAPER\Version_22\attacked\1080p\watermarked_image_1080_3\Filters\GB_k3_watermarked_image_1080_3.png,0,0.0,0.3125,"['X', 'X', 'X', 'X', 'X', 'X', 'X', 'X', 'X', 'X', 'X', 'X', 'X', 'X', 'X', 'X']"
2026-05-20T20:21:02.459391,1080p,Filters,gaussian_blur,5,GB_k5_watermarked_image_1080_3.png,N:\Desktop\WORKING PAPERS\MVDW-NIKOS-PAPER\Version_22\attacked\1080p\watermarked_image_1080_3\Filters\GB_k5_watermarked_image_1080_3.png,0,12.5,0.3438,"['X', 'X', 'X', 5, 'X', 'X', 'X', 'X', 'X', 'X', 4, 'X', 'X', 'X', 'X', 'X']"
2026-05-20T20:21:03.970687,1080p,Filters,gaussian_blur,7,GB_k7_watermarked_image_1080_3.png,N:\Desktop\WORKING PAPERS\MVDW-NIKOS-PAPER\Version_22\attacked\1080p\watermarked_image_1080_3\Filters\GB_k7_watermarked_image_1080_3.png,0,12.5,0.3038,"['X', 'X', 'X', 'X', 'X', 'X', 'X', 'X', 'X', 'X', 'X', 'X', 'X', 'X', 6, 3]"
2026-05-20T20:21:05.456529,1080p,Filters,gaussian_noise,0.05,GN_lvl0.05_watermarked_image_1080_3.png,N:\Desktop\WORKING PAPERS\MVDW-NIKOS-PAPER\Version_22\attacked\1080p\watermarked_image_1080_3\Filters\GN_lvl0.05_watermarked_image_1080_3.png,0,100.0,0.0417,"[0, 2, 2, 5, 6, 4, 3, 2, 0, 0, 4, 5, 1, 2, 6, 3]"
2026-05-20T20:21:06.963278,1080p,Filters,gaussian_noise,0.1,GN_lvl0.1_watermarked_image_1080_3.png,N:\Desktop\WORKING PAPERS\MVDW-NIKOS-PAPER\Version_22\attacked\1080p\watermarked_image_1080_3\Filters\GN_lvl0.1_watermarked_image_1080_3.png,0,100.0,0.0417,"[0, 2, 2, 5, 6, 4, 3, 2, 0, 0, 4, 5, 1, 2, 6, 3]"
2026-05-20T20:21:08.457711,1080p,Filters,gaussian_noise,0.2,GN_lvl0.2_watermarked_image_1080_3.png,N:\Desktop\WORKING PAPERS\MVDW-NIKOS-PAPER\Version_22\attacked\1080p\watermarked_image_1080_3\Filters\GN_lvl0.2_watermarked_image_1080_3.png,0,100.0,0.0417,"[0, 2, 2, 5, 6, 4, 3, 2, 0, 0, 4, 5, 1, 2, 6, 3]"
2026-05-20T20:21:09.945540,1080p,Filters,gamma,,Gamma_watermarked_image_1080_3.png,N:\Desktop\WORKING PAPERS\MVDW-NIKOS-PAPER\Version_22\attacked\1080p\watermarked_image_1080_3\Filters\Gamma_watermarked_image_1080_3.png,0,62.5,0.0677,"['X', 2, 2, 'X', 'X', 4, 3, 'X', 0, 0, 4, 'X', 1, 2, 6, 'X']"
2026-05-20T20:21:11.440187,1080p,Filters,histogram_equalization,,HEQ_watermarked_image_1080_3.png,N:\Desktop\WORKING PAPERS\MVDW-NIKOS-PAPER\Version_22\attacked\1080p\watermarked_image_1080_3\Filters\HEQ_watermarked_image_1080_3.png,0,93.75,0.0417,"[0, 2, 2, 5, 6, 4, 3, 2, 0, 0, 4, 5, 1, 2, 6, 'X']"
2026-05-20T20:21:12.947380,1080p,Filters,motion_blur,3,MB_k3_watermarked_image_1080_3.png,N:\Desktop\WORKING PAPERS\MVDW-NIKOS-PAPER\Version_22\attacked\1080p\watermarked_image_1080_3\Filters\MB_k3_watermarked_image_1080_3.png,0,75.0,0.0573,"[0, 2, 2, 5, 'X', 4, 3, 'X', 0, 'X', 4, 5, 1, 2, 6, 'X']"
2026-05-20T20:21:14.435249,1080p,Filters,motion_blur,5,MB_k5_watermarked_image_1080_3.png,N:\Desktop\WORKING PAPERS\MVDW-NIKOS-PAPER\Version_22\attacked\1080p\watermarked_image_1080_3\Filters\MB_k5_watermarked_image_1080_3.png,0,87.5,0.0347,"[0, 2, 2, 5, 'X', 4, 3, 2, 0, 0, 4, 5, 1, 2, 6, 'X']"
2026-05-20T20:21:15.926227,1080p,Filters,motion_blur,7,MB_k7_watermarked_image_1080_3.png,N:\Desktop\WORKING PAPERS\MVDW-NIKOS-PAPER\Version_22\attacked\1080p\watermarked_image_1080_3\Filters\MB_k7_watermarked_image_1080_3.png,0,50.0,0.151,"['X', 'X', 2, 5, 'X', 4, 3, 2, 'X', 'X', 4, 'X', 1, 'X', 6, 'X']"
2026-05-20T20:21:17.430537,1080p,Filters,mean_filter,3,MEAN_k3_watermarked_image_1080_3.png,N:\Desktop\WORKING PAPERS\MVDW-NIKOS-PAPER\Version_22\attacked\1080p\watermarked_image_1080_3\Filters\MEAN_k3_watermarked_image_1080_3.png,0,43.75,0.1562,"['X', 'X', 2, 5, 'X', 4, 3, 2, 'X', 'X', 4, 5, 'X', 'X', 'X', 'X']"
2026-05-20T20:21:18.942449,1080p,Filters,mean_filter,5,MEAN_k5_watermarked_image_1080_3.png,N:\Desktop\WORKING PAPERS\MVDW-NIKOS-PAPER\Version_22\attacked\1080p\watermarked_image_1080_3\Filters\MEAN_k5_watermarked_image_1080_3.png,0,25.0,0.2274,"['X', 'X', 'X', 5, 'X', 'X', 3, 'X', 'X', 'X', 'X', 'X', 'X', 2, 6, 'X']"
2026-05-20T20:21:20.470752,1080p,Filters,median_filter,3,MF_k3_watermarked_image_1080_3.png,N:\Desktop\WORKING PAPERS\MVDW-NIKOS-PAPER\Version_22\attacked\1080p\watermarked_image_1080_3\Filters\MF_k3_watermarked_image_1080_3.png,0,62.5,0.0938,"['X', 'X', 2, 5, 'X', 4, 3, 2, 0, 0, 'X', 5, 'X', 2, 6, 'X']"
2026-05-20T20:21:21.979427,1080p,Filters,median_filter,5,MF_k5_watermarked_image_1080_3.png,N:\Desktop\WORKING PAPERS\MVDW-NIKOS-PAPER\Version_22\attacked\1080p\watermarked_image_1080_3\Filters\MF_k5_watermarked_image_1080_3.png,0,12.5,0.2326,"['X', 'X', 'X', 5, 'X', 'X', 3, 'X', 'X', 'X', 'X', 'X', 'X', 'X', 'X', 'X']"
2026-05-20T20:21:23.484494,1080p,Filters,median_filter,7,MF_k7_watermarked_image_1080_3.png,N:\Desktop\WORKING PAPERS\MVDW-NIKOS-PAPER\Version_22\attacked\1080p\watermarked_image_1080_3\Filters\MF_k7_watermarked_image_1080_3.png,0,6.25,0.309,"['X', 'X', 'X', 'X', 'X', 'X', 'X', 'X', 'X', 'X', 'X', 'X', 'X', 2, 'X', 'X']"
2026-05-20T20:21:24.997250,1080p,Filters,sharpening,,SHARP_watermarked_image_1080_3.png,N:\Desktop\WORKING PAPERS\MVDW-NIKOS-PAPER\Version_22\attacked\1080p\watermarked_image_1080_3\Filters\SHARP_watermarked_image_1080_3.png,0,87.5,0.0399,"[0, 2, 2, 5, 6, 4, 3, 'X', 0, 0, 4, 5, 1, 2, 6, 'X']"
2026-05-20T20:21:26.524236,1080p,Filters,salt_pepper,0.05,SaP_p0.05_watermarked_image_1080_3.png,N:\Desktop\WORKING PAPERS\MVDW-NIKOS-PAPER\Version_22\attacked\1080p\watermarked_image_1080_3\Filters\SaP_p0.05_watermarked_image_1080_3.png,0,0.0,0.3472,"['X', 'X', 'X', 'X', 'X', 'X', 'X', 'X', 'X', 'X', 'X', 'X', 'X', 'X', 'X', 'X']"
2026-05-20T20:21:28.039406,1080p,Filters,salt_pepper,0.1,SaP_p0.1_watermarked_image_1080_3.png,N:\Desktop\WORKING PAPERS\MVDW-NIKOS-PAPER\Version_22\attacked\1080p\watermarked_image_1080_3\Filters\SaP_p0.1_watermarked_image_1080_3.png,0,6.25,0.3681,"['X', 2, 'X', 'X', 'X', 'X', 'X', 'X', 'X', 'X', 'X', 'X', 'X', 'X', 'X', 'X']"
2026-05-20T20:21:29.563295,1080p,Filters,salt_pepper,0.2,SaP_p0.2_watermarked_image_1080_3.png,N:\Desktop\WORKING PAPERS\MVDW-NIKOS-PAPER\Version_22\attacked\1080p\watermarked_image_1080_3\Filters\SaP_p0.2_watermarked_image_1080_3.png,0,6.25,0.3472,"['X', 'X', 'X', 'X', 'X', 'X', 'X', 'X', 'X', 'X', 'X', 'X', 'X', 'X', 'X', 3]"
2026-05-20T20:21:31.070034,1080p,Geometric,horizontal_flip,,HFLIP_watermarked_image_1080_3.png,N:\Desktop\WORKING PAPERS\MVDW-NIKOS-PAPER\Version_22\attacked\1080p\watermarked_image_1080_3\Geometric\HFLIP_watermarked_image_1080_3.png,0,0.0,0.3281,"['X', 'X', 'X', 'X', 'X', 'X', 'X', 'X', 'X', 'X', 'X', 'X', 'X', 'X', 'X', 'X']"
2026-05-20T20:21:32.579723,1080p,Geometric,rotation,-10,ROT_-10_watermarked_image_1080_3.png,N:\Desktop\WORKING PAPERS\MVDW-NIKOS-PAPER\Version_22\attacked\1080p\watermarked_image_1080_3\Geometric\ROT_-10_watermarked_image_1080_3.png,0,6.25,0.3455,"['X', 'X', 'X', 'X', 'X', 'X', 'X', 'X', 'X', 'X', 'X', 'X', 'X', 'X', 6, 'X']"
2026-05-20T20:21:34.070924,1080p,Geometric,rotation,10,ROT_10_watermarked_image_1080_3.png,N:\Desktop\WORKING PAPERS\MVDW-NIKOS-PAPER\Version_22\attacked\1080p\watermarked_image_1080_3\Geometric\ROT_10_watermarked_image_1080_3.png,0,6.25,0.3611,"['X', 'X', 'X', 'X', 'X', 'X', 'X', 'X', 'X', 'X', 'X', 'X', 'X', 'X', 'X', 3]"
2026-05-20T20:21:35.555357,1080p,Geometric,rotation,5,ROT_5_watermarked_image_1080_3.png,N:\Desktop\WORKING PAPERS\MVDW-NIKOS-PAPER\Version_22\attacked\1080p\watermarked_image_1080_3\Geometric\ROT_5_watermarked_image_1080_3.png,0,0.0,0.3941,"['X', 'X', 'X', 'X', 'X', 'X', 'X', 'X', 'X', 'X', 'X', 'X', 'X', 'X', 'X', 'X']"
2026-05-20T20:21:37.074418,1080p,Geometric,translation,x2_y2,TRANS_x2_y2_watermarked_image_1080_3.png,N:\Desktop\WORKING PAPERS\MVDW-NIKOS-PAPER\Version_22\attacked\1080p\watermarked_image_1080_3\Geometric\TRANS_x2_y2_watermarked_image_1080_3.png,0,87.5,0.0608,"[0, 2, 2, 5, 'X', 4, 3, 'X', 0, 0, 4, 5, 1, 2, 6, 3]"
2026-05-20T20:21:38.581017,1080p,Geometric,translation,x4_y4,TRANS_x4_y4_watermarked_image_1080_3.png,N:\Desktop\WORKING PAPERS\MVDW-NIKOS-PAPER\Version_22\attacked\1080p\watermarked_image_1080_3\Geometric\TRANS_x4_y4_watermarked_image_1080_3.png,0,25.0,0.2708,"['X', 'X', 2, 'X', 'X', 4, 'X', 'X', 'X', 'X', 'X', 'X', 'X', 2, 'X', 3]"
2026-05-20T20:21:40.088067,1080p,Resize,resize,110,RESIZE_110_watermarked_image_1080_3.png,N:\Desktop\WORKING PAPERS\MVDW-NIKOS-PAPER\Version_22\attacked\1080p\watermarked_image_1080_3\Resize\RESIZE_110_watermarked_image_1080_3.png,0,81.25,0.0486,"[0, 2, 2, 5, 'X', 4, 3, 'X', 0, 0, 4, 5, 1, 2, 6, 'X']"
2026-05-20T20:21:41.586743,1080p,Resize,resize,90,RESIZE_90_watermarked_image_1080_3.png,N:\Desktop\WORKING PAPERS\MVDW-NIKOS-PAPER\Version_22\attacked\1080p\watermarked_image_1080_3\Resize\RESIZE_90_watermarked_image_1080_3.png,0,56.25,0.1111,"['X', 'X', 'X', 'X', 6, 4, 3, 'X', 0, 'X', 4, 5, 1, 2, 6, 'X']"
2026-05-20T20:21:43.100963,1080p,Crops,crop,BothHorizontal_25,Croped_BothHorizontal_25_watermarked_image_1080_4.png,N:\Desktop\WORKING PAPERS\MVDW-NIKOS-PAPER\Version_22\attacked\1080p\watermarked_image_1080_4\Crops\Croped_BothHorizontal_25_watermarked_image_1080_4.png,0,68.75,0.1163,"['X', 'X', 'X', 5, 6, 4, 3, 2, 0, 0, 4, 5, 'X', 'X', 6, 3]"
2026-05-20T20:21:44.585279,1080p,Crops,crop,BothHorizontal_50,Croped_BothHorizontal_50_watermarked_image_1080_4.png,N:\Desktop\WORKING PAPERS\MVDW-NIKOS-PAPER\Version_22\attacked\1080p\watermarked_image_1080_4\Crops\Croped_BothHorizontal_50_watermarked_image_1080_4.png,0,50.0,0.1875,"['X', 'X', 'X', 'X', 6, 4, 3, 2, 0, 0, 4, 5, 'X', 'X', 'X', 'X']"
2026-05-20T20:21:46.035418,1080p,Crops,crop,BothHorizontal_75,Croped_BothHorizontal_75_watermarked_image_1080_4.png,N:\Desktop\WORKING PAPERS\MVDW-NIKOS-PAPER\Version_22\attacked\1080p\watermarked_image_1080_4\Crops\Croped_BothHorizontal_75_watermarked_image_1080_4.png,0,31.25,0.25,"['X', 'X', 'X', 'X', 6, 'X', 3, 'X', 0, 'X', 4, 5, 'X', 'X', 'X', 'X']"
2026-05-20T20:21:47.557892,1080p,Crops,crop,BothVertical_25,Croped_BothVertical_25_watermarked_image_1080_4.png,N:\Desktop\WORKING PAPERS\MVDW-NIKOS-PAPER\Version_22\attacked\1080p\watermarked_image_1080_4\Crops\Croped_BothVertical_25_watermarked_image_1080_4.png,0,68.75,0.0885,"['X', 2, 2, 'X', 'X', 4, 3, 2, 0, 0, 4, 'X', 1, 2, 6, 'X']"
2026-05-20T20:21:49.044424,1080p,Crops,crop,BothVertical_50,Croped_BothVertical_50_watermarked_image_1080_4.png,N:\Desktop\WORKING PAPERS\MVDW-NIKOS-PAPER\Version_22\attacked\1080p\watermarked_image_1080_4\Crops\Croped_BothVertical_50_watermarked_image_1080_4.png,0,50.0,0.1875,"['X', 2, 2, 'X', 'X', 4, 3, 'X', 'X', 0, 4, 'X', 'X', 2, 6, 'X']"
2026-05-20T20:21:50.500792,1080p,Crops,crop,BothVertical_75,Croped_BothVertical_75_watermarked_image_1080_4.png,N:\Desktop\WORKING PAPERS\MVDW-NIKOS-PAPER\Version_22\attacked\1080p\watermarked_image_1080_4\Crops\Croped_BothVertical_75_watermarked_image_1080_4.png,0,31.25,0.2483,"['X', 2, 2, 'X', 'X', 4, 3, 'X', 'X', 'X', 'X', 'X', 'X', 2, 'X', 'X']"
2026-05-20T20:21:52.014449,1080p,Crops,crop,Bottom_25,Croped_Bottom_25_watermarked_image_1080_4.png,N:\Desktop\WORKING PAPERS\MVDW-NIKOS-PAPER\Version_22\attacked\1080p\watermarked_image_1080_4\Crops\Croped_Bottom_25_watermarked_image_1080_4.png,0,75.0,0.0903,"[0, 2, 2, 5, 6, 4, 3, 2, 0, 0, 4, 5, 'X', 'X', 'X', 'X']"
2026-05-20T20:21:53.492434,1080p,Crops,crop,Bottom_50,Croped_Bottom_50_watermarked_image_1080_4.png,N:\Desktop\WORKING PAPERS\MVDW-NIKOS-PAPER\Version_22\attacked\1080p\watermarked_image_1080_4\Crops\Croped_Bottom_50_watermarked_image_1080_4.png,0,50.0,0.184,"[0, 2, 2, 5, 6, 4, 3, 2, 'X', 'X', 'X', 'X', 'X', 'X', 'X', 'X']"
2026-05-20T20:21:54.936795,1080p,Crops,crop,Bottom_75,Croped_Bottom_75_watermarked_image_1080_4.png,N:\Desktop\WORKING PAPERS\MVDW-NIKOS-PAPER\Version_22\attacked\1080p\watermarked_image_1080_4\Crops\Croped_Bottom_75_watermarked_image_1080_4.png,0,25.0,0.2708,"[0, 2, 2, 5, 'X', 'X', 'X', 'X', 'X', 'X', 'X', 'X', 'X', 'X', 'X', 'X']"
2026-05-20T20:21:56.429198,1080p,Crops,crop,Left_25,Croped_Left_25_watermarked_image_1080_4.png,N:\Desktop\WORKING PAPERS\MVDW-NIKOS-PAPER\Version_22\attacked\1080p\watermarked_image_1080_4\Crops\Croped_Left_25_watermarked_image_1080_4.png,0,75.0,0.0903,"['X', 2, 2, 5, 'X', 4, 3, 2, 'X', 0, 4, 5, 'X', 2, 6, 3]"
2026-05-20T20:21:57.903307,1080p,Crops,crop,Left_50,Croped_Left_50_watermarked_image_1080_4.png,N:\Desktop\WORKING PAPERS\MVDW-NIKOS-PAPER\Version_22\attacked\1080p\watermarked_image_1080_4\Crops\Croped_Left_50_watermarked_image_1080_4.png,0,50.0,0.184,"['X', 'X', 2, 5, 'X', 'X', 3, 2, 'X', 'X', 4, 5, 'X', 'X', 6, 3]"
2026-05-20T20:21:59.348193,1080p,Crops,crop,Left_75,Croped_Left_75_watermarked_image_1080_4.png,N:\Desktop\WORKING PAPERS\MVDW-NIKOS-PAPER\Version_22\attacked\1080p\watermarked_image_1080_4\Crops\Croped_Left_75_watermarked_image_1080_4.png,0,25.0,0.2708,"['X', 'X', 'X', 5, 'X', 'X', 'X', 2, 'X', 'X', 'X', 5, 'X', 'X', 'X', 3]"
2026-05-20T20:22:00.868180,1080p,Crops,crop,Right_25,Croped_Right_25_watermarked_image_1080_4.png,N:\Desktop\WORKING PAPERS\MVDW-NIKOS-PAPER\Version_22\attacked\1080p\watermarked_image_1080_4\Crops\Croped_Right_25_watermarked_image_1080_4.png,0,75.0,0.0972,"[0, 2, 2, 'X', 6, 4, 3, 'X', 0, 0, 4, 'X', 1, 2, 6, 'X']"
2026-05-20T20:22:02.329992,1080p,Crops,crop,Right_50,Croped_Right_50_watermarked_image_1080_4.png,N:\Desktop\WORKING PAPERS\MVDW-NIKOS-PAPER\Version_22\attacked\1080p\watermarked_image_1080_4\Crops\Croped_Right_50_watermarked_image_1080_4.png,0,50.0,0.184,"[0, 2, 'X', 'X', 6, 4, 'X', 'X', 0, 0, 'X', 'X', 1, 2, 'X', 'X']"
2026-05-20T20:22:03.760493,1080p,Crops,crop,Right_75,Croped_Right_75_watermarked_image_1080_4.png,N:\Desktop\WORKING PAPERS\MVDW-NIKOS-PAPER\Version_22\attacked\1080p\watermarked_image_1080_4\Crops\Croped_Right_75_watermarked_image_1080_4.png,0,25.0,0.2778,"[0, 'X', 'X', 'X', 6, 'X', 'X', 'X', 0, 'X', 'X', 'X', 1, 'X', 'X', 'X']"
2026-05-20T20:22:05.257578,1080p,Crops,crop,Top_25,Croped_Top_25_watermarked_image_1080_4.png,N:\Desktop\WORKING PAPERS\MVDW-NIKOS-PAPER\Version_22\attacked\1080p\watermarked_image_1080_4\Crops\Croped_Top_25_watermarked_image_1080_4.png,0,75.0,0.0972,"['X', 'X', 'X', 'X', 6, 4, 3, 2, 0, 0, 4, 5, 1, 2, 6, 3]"
2026-05-20T20:22:06.723338,1080p,Crops,crop,Top_50,Croped_Top_50_watermarked_image_1080_4.png,N:\Desktop\WORKING PAPERS\MVDW-NIKOS-PAPER\Version_22\attacked\1080p\watermarked_image_1080_4\Crops\Croped_Top_50_watermarked_image_1080_4.png,0,50.0,0.184,"['X', 'X', 'X', 'X', 'X', 'X', 'X', 'X', 0, 0, 4, 5, 1, 2, 6, 3]"
2026-05-20T20:22:08.156043,1080p,Crops,crop,Top_75,Croped_Top_75_watermarked_image_1080_4.png,N:\Desktop\WORKING PAPERS\MVDW-NIKOS-PAPER\Version_22\attacked\1080p\watermarked_image_1080_4\Crops\Croped_Top_75_watermarked_image_1080_4.png,0,25.0,0.2778,"['X', 'X', 'X', 'X', 'X', 'X', 'X', 'X', 'X', 'X', 'X', 'X', 1, 2, 6, 3]"
2026-05-20T20:22:09.676714,1080p,Filters,jpeg,70,Compressed_q70_watermarked_image_1080_4.jpg,N:\Desktop\WORKING PAPERS\MVDW-NIKOS-PAPER\Version_22\attacked\1080p\watermarked_image_1080_4\Filters\Compressed_q70_watermarked_image_1080_4.jpg,0,31.25,0.2465,"['X', 2, 2, 'X', 'X', 'X', 'X', 2, 'X', 'X', 4, 5, 'X', 'X', 'X', 'X']"
2026-05-20T20:22:11.209829,1080p,Filters,jpeg,80,Compressed_q80_watermarked_image_1080_4.jpg,N:\Desktop\WORKING PAPERS\MVDW-NIKOS-PAPER\Version_22\attacked\1080p\watermarked_image_1080_4\Filters\Compressed_q80_watermarked_image_1080_4.jpg,0,37.5,0.2292,"['X', 2, 'X', 'X', 'X', 'X', 'X', 2, 'X', 'X', 4, 5, 1, 'X', 6, 'X']"
2026-05-20T20:22:12.727324,1080p,Filters,jpeg,90,Compressed_q90_watermarked_image_1080_4.jpg,N:\Desktop\WORKING PAPERS\MVDW-NIKOS-PAPER\Version_22\attacked\1080p\watermarked_image_1080_4\Filters\Compressed_q90_watermarked_image_1080_4.jpg,0,100.0,0.0,"[0, 2, 2, 5, 6, 4, 3, 2, 0, 0, 4, 5, 1, 2, 6, 3]"
2026-05-20T20:22:14.255548,1080p,Filters,gaussian_blur,3,GB_k3_watermarked_image_1080_4.png,N:\Desktop\WORKING PAPERS\MVDW-NIKOS-PAPER\Version_22\attacked\1080p\watermarked_image_1080_4\Filters\GB_k3_watermarked_image_1080_4.png,0,0.0,0.3056,"['X', 'X', 'X', 'X', 'X', 'X', 'X', 'X', 'X', 'X', 'X', 'X', 'X', 'X', 'X', 'X']"
2026-05-20T20:22:15.779165,1080p,Filters,gaussian_blur,5,GB_k5_watermarked_image_1080_4.png,N:\Desktop\WORKING PAPERS\MVDW-NIKOS-PAPER\Version_22\attacked\1080p\watermarked_image_1080_4\Filters\GB_k5_watermarked_image_1080_4.png,0,0.0,0.3941,"['X', 'X', 'X', 'X', 'X', 'X', 'X', 'X', 'X', 'X', 'X', 'X', 'X', 'X', 'X', 'X']"
2026-05-20T20:22:17.330777,1080p,Filters,gaussian_blur,7,GB_k7_watermarked_image_1080_4.png,N:\Desktop\WORKING PAPERS\MVDW-NIKOS-PAPER\Version_22\attacked\1080p\watermarked_image_1080_4\Filters\GB_k7_watermarked_image_1080_4.png,0,12.5,0.3698,"['X', 'X', 'X', 5, 6, 'X', 'X', 'X', 'X', 'X', 'X', 'X', 'X', 'X', 'X', 'X']"
2026-05-20T20:22:18.867303,1080p,Filters,gaussian_noise,0.05,GN_lvl0.05_watermarked_image_1080_4.png,N:\Desktop\WORKING PAPERS\MVDW-NIKOS-PAPER\Version_22\attacked\1080p\watermarked_image_1080_4\Filters\GN_lvl0.05_watermarked_image_1080_4.png,0,100.0,0.0,"[0, 2, 2, 5, 6, 4, 3, 2, 0, 0, 4, 5, 1, 2, 6, 3]"
2026-05-20T20:22:20.414733,1080p,Filters,gaussian_noise,0.1,GN_lvl0.1_watermarked_image_1080_4.png,N:\Desktop\WORKING PAPERS\MVDW-NIKOS-PAPER\Version_22\attacked\1080p\watermarked_image_1080_4\Filters\GN_lvl0.1_watermarked_image_1080_4.png,0,100.0,0.0,"[0, 2, 2, 5, 6, 4, 3, 2, 0, 0, 4, 5, 1, 2, 6, 3]"
2026-05-20T20:22:21.970205,1080p,Filters,gaussian_noise,0.2,GN_lvl0.2_watermarked_image_1080_4.png,N:\Desktop\WORKING PAPERS\MVDW-NIKOS-PAPER\Version_22\attacked\1080p\watermarked_image_1080_4\Filters\GN_lvl0.2_watermarked_image_1080_4.png,0,100.0,0.0,"[0, 2, 2, 5, 6, 4, 3, 2, 0, 0, 4, 5, 1, 2, 6, 3]"
2026-05-20T20:22:23.495547,1080p,Filters,gamma,,Gamma_watermarked_image_1080_4.png,N:\Desktop\WORKING PAPERS\MVDW-NIKOS-PAPER\Version_22\attacked\1080p\watermarked_image_1080_4\Filters\Gamma_watermarked_image_1080_4.png,0,81.25,0.0538,"[0, 'X', 'X', 'X', 6, 4, 3, 2, 0, 0, 4, 5, 1, 2, 6, 3]"
2026-05-20T20:22:25.036335,1080p,Filters,histogram_equalization,,HEQ_watermarked_image_1080_4.png,N:\Desktop\WORKING PAPERS\MVDW-NIKOS-PAPER\Version_22\attacked\1080p\watermarked_image_1080_4\Filters\HEQ_watermarked_image_1080_4.png,0,100.0,0.0,"[0, 2, 2, 5, 6, 4, 3, 2, 0, 0, 4, 5, 1, 2, 6, 3]"
2026-05-20T20:22:26.573732,1080p,Filters,motion_blur,3,MB_k3_watermarked_image_1080_4.png,N:\Desktop\WORKING PAPERS\MVDW-NIKOS-PAPER\Version_22\attacked\1080p\watermarked_image_1080_4\Filters\MB_k3_watermarked_image_1080_4.png,0,100.0,0.0,"[0, 2, 2, 5, 6, 4, 3, 2, 0, 0, 4, 5, 1, 2, 6, 3]"
2026-05-20T20:22:28.132369,1080p,Filters,motion_blur,5,MB_k5_watermarked_image_1080_4.png,N:\Desktop\WORKING PAPERS\MVDW-NIKOS-PAPER\Version_22\attacked\1080p\watermarked_image_1080_4\Filters\MB_k5_watermarked_image_1080_4.png,0,100.0,0.0,"[0, 2, 2, 5, 6, 4, 3, 2, 0, 0, 4, 5, 1, 2, 6, 3]"
2026-05-20T20:22:29.662378,1080p,Filters,motion_blur,7,MB_k7_watermarked_image_1080_4.png,N:\Desktop\WORKING PAPERS\MVDW-NIKOS-PAPER\Version_22\attacked\1080p\watermarked_image_1080_4\Filters\MB_k7_watermarked_image_1080_4.png,0,100.0,0.0,"[0, 2, 2, 5, 6, 4, 3, 2, 0, 0, 4, 5, 1, 2, 6, 3]"
2026-05-20T20:22:31.187321,1080p,Filters,mean_filter,3,MEAN_k3_watermarked_image_1080_4.png,N:\Desktop\WORKING PAPERS\MVDW-NIKOS-PAPER\Version_22\attacked\1080p\watermarked_image_1080_4\Filters\MEAN_k3_watermarked_image_1080_4.png,0,100.0,0.0,"[0, 2, 2, 5, 6, 4, 3, 2, 0, 0, 4, 5, 1, 2, 6, 3]"
2026-05-20T20:22:32.712635,1080p,Filters,mean_filter,5,MEAN_k5_watermarked_image_1080_4.png,N:\Desktop\WORKING PAPERS\MVDW-NIKOS-PAPER\Version_22\attacked\1080p\watermarked_image_1080_4\Filters\MEAN_k5_watermarked_image_1080_4.png,0,81.25,0.0174,"[0, 2, 2, 'X', 6, 4, 3, 'X', 'X', 0, 4, 5, 1, 2, 6, 3]"
2026-05-20T20:22:34.229356,1080p,Filters,median_filter,3,MF_k3_watermarked_image_1080_4.png,N:\Desktop\WORKING PAPERS\MVDW-NIKOS-PAPER\Version_22\attacked\1080p\watermarked_image_1080_4\Filters\MF_k3_watermarked_image_1080_4.png,0,93.75,0.0052,"[0, 2, 2, 5, 6, 4, 3, 2, 0, 0, 4, 5, 1, 2, 'X', 3]"
2026-05-20T20:22:35.790386,1080p,Filters,median_filter,5,MF_k5_watermarked_image_1080_4.png,N:\Desktop\WORKING PAPERS\MVDW-NIKOS-PAPER\Version_22\attacked\1080p\watermarked_image_1080_4\Filters\MF_k5_watermarked_image_1080_4.png,0,68.75,0.0469,"[0, 2, 'X', 'X', 6, 4, 3, 2, 0, 'X', 4, 'X', 1, 2, 'X', 3]"
2026-05-20T20:22:37.340829,1080p,Filters,median_filter,7,MF_k7_watermarked_image_1080_4.png,N:\Desktop\WORKING PAPERS\MVDW-NIKOS-PAPER\Version_22\attacked\1080p\watermarked_image_1080_4\Filters\MF_k7_watermarked_image_1080_4.png,0,6.25,0.2361,"['X', 'X', 'X', 'X', 'X', 'X', 'X', 'X', 'X', 0, 'X', 'X', 'X', 'X', 'X', 'X']"
2026-05-20T20:22:38.861750,1080p,Filters,sharpening,,SHARP_watermarked_image_1080_4.png,N:\Desktop\WORKING PAPERS\MVDW-NIKOS-PAPER\Version_22\attacked\1080p\watermarked_image_1080_4\Filters\SHARP_watermarked_image_1080_4.png,0,100.0,0.0,"[0, 2, 2, 5, 6, 4, 3, 2, 0, 0, 4, 5, 1, 2, 6, 3]"
2026-05-20T20:22:40.387264,1080p,Filters,salt_pepper,0.05,SaP_p0.05_watermarked_image_1080_4.png,N:\Desktop\WORKING PAPERS\MVDW-NIKOS-PAPER\Version_22\attacked\1080p\watermarked_image_1080_4\Filters\SaP_p0.05_watermarked_image_1080_4.png,0,6.25,0.3212,"['X', 'X', 2, 'X', 'X', 'X', 'X', 'X', 'X', 'X', 'X', 'X', 'X', 'X', 'X', 'X']"
2026-05-20T20:22:41.947052,1080p,Filters,salt_pepper,0.1,SaP_p0.1_watermarked_image_1080_4.png,N:\Desktop\WORKING PAPERS\MVDW-NIKOS-PAPER\Version_22\attacked\1080p\watermarked_image_1080_4\Filters\SaP_p0.1_watermarked_image_1080_4.png,0,18.75,0.3455,"['X', 'X', 'X', 'X', 'X', 'X', 'X', 'X', 'X', 'X', 'X', 'X', 'X', 2, 6, 3]"
2026-05-20T20:22:43.475814,1080p,Filters,salt_pepper,0.2,SaP_p0.2_watermarked_image_1080_4.png,N:\Desktop\WORKING PAPERS\MVDW-NIKOS-PAPER\Version_22\attacked\1080p\watermarked_image_1080_4\Filters\SaP_p0.2_watermarked_image_1080_4.png,0,6.25,0.4045,"[0, 'X', 'X', 'X', 'X', 'X', 'X', 'X', 'X', 'X', 'X', 'X', 'X', 'X', 'X', 'X']"
2026-05-20T20:22:45.001262,1080p,Geometric,horizontal_flip,,HFLIP_watermarked_image_1080_4.png,N:\Desktop\WORKING PAPERS\MVDW-NIKOS-PAPER\Version_22\attacked\1080p\watermarked_image_1080_4\Geometric\HFLIP_watermarked_image_1080_4.png,0,0.0,0.3628,"['X', 'X', 'X', 'X', 'X', 'X', 'X', 'X', 'X', 'X', 'X', 'X', 'X', 'X', 'X', 'X']"
2026-05-20T20:22:46.522373,1080p,Geometric,rotation,-10,ROT_-10_watermarked_image_1080_4.png,N:\Desktop\WORKING PAPERS\MVDW-NIKOS-PAPER\Version_22\attacked\1080p\watermarked_image_1080_4\Geometric\ROT_-10_watermarked_image_1080_4.png,0,0.0,0.3594,"['X', 'X', 'X', 'X', 'X', 'X', 'X', 'X', 'X', 'X', 'X', 'X', 'X', 'X', 'X', 'X']"
2026-05-20T20:22:48.049436,1080p,Geometric,rotation,10,ROT_10_watermarked_image_1080_4.png,N:\Desktop\WORKING PAPERS\MVDW-NIKOS-PAPER\Version_22\attacked\1080p\watermarked_image_1080_4\Geometric\ROT_10_watermarked_image_1080_4.png,0,12.5,0.3802,"['X', 'X', 'X', 'X', 6, 'X', 'X', 'X', 'X', 'X', 'X', 'X', 'X', 2, 'X', 'X']"
2026-05-20T20:22:49.577210,1080p,Geometric,rotation,5,ROT_5_watermarked_image_1080_4.png,N:\Desktop\WORKING PAPERS\MVDW-NIKOS-PAPER\Version_22\attacked\1080p\watermarked_image_1080_4\Geometric\ROT_5_watermarked_image_1080_4.png,0,0.0,0.375,"['X', 'X', 'X', 'X', 'X', 'X', 'X', 'X', 'X', 'X', 'X', 'X', 'X', 'X', 'X', 'X']"
2026-05-20T20:22:51.118278,1080p,Geometric,translation,x2_y2,TRANS_x2_y2_watermarked_image_1080_4.png,N:\Desktop\WORKING PAPERS\MVDW-NIKOS-PAPER\Version_22\attacked\1080p\watermarked_image_1080_4\Geometric\TRANS_x2_y2_watermarked_image_1080_4.png,0,100.0,0.0,"[0, 2, 2, 5, 6, 4, 3, 2, 0, 0, 4, 5, 1, 2, 6, 3]"
2026-05-20T20:22:52.660426,1080p,Geometric,translation,x4_y4,TRANS_x4_y4_watermarked_image_1080_4.png,N:\Desktop\WORKING PAPERS\MVDW-NIKOS-PAPER\Version_22\attacked\1080p\watermarked_image_1080_4\Geometric\TRANS_x4_y4_watermarked_image_1080_4.png,0,12.5,0.2622,"['X', 'X', 'X', 'X', 6, 'X', 'X', 'X', 'X', 'X', 'X', 'X', 'X', 'X', 6, 'X']"
2026-05-20T20:22:54.192860,1080p,Resize,resize,110,RESIZE_110_watermarked_image_1080_4.png,N:\Desktop\WORKING PAPERS\MVDW-NIKOS-PAPER\Version_22\attacked\1080p\watermarked_image_1080_4\Resize\RESIZE_110_watermarked_image_1080_4.png,0,100.0,0.0,"[0, 2, 2, 5, 6, 4, 3, 2, 0, 0, 4, 5, 1, 2, 6, 3]"
2026-05-20T20:22:55.709967,1080p,Resize,resize,90,RESIZE_90_watermarked_image_1080_4.png,N:\Desktop\WORKING PAPERS\MVDW-NIKOS-PAPER\Version_22\attacked\1080p\watermarked_image_1080_4\Resize\RESIZE_90_watermarked_image_1080_4.png,0,75.0,0.0365,"['X', 2, 2, 'X', 'X', 4, 3, 2, 0, 0, 4, 'X', 1, 2, 6, 3]"
2026-05-20T20:22:57.228570,1080p,Crops,crop,BothHorizontal_25,Croped_BothHorizontal_25_watermarked_image_1080_5.png,N:\Desktop\WORKING PAPERS\MVDW-NIKOS-PAPER\Version_22\attacked\1080p\watermarked_image_1080_5\Crops\Croped_BothHorizontal_25_watermarked_image_1080_5.png,0,87.5,0.0312,"[0, 'X', 2, 'X', 6, 4, 3, 2, 0, 0, 4, 5, 1, 2, 6, 3]"
2026-05-20T20:22:58.710662,1080p,Crops,crop,BothHorizontal_50,Croped_BothHorizontal_50_watermarked_image_1080_5.png,N:\Desktop\WORKING PAPERS\MVDW-NIKOS-PAPER\Version_22\attacked\1080p\watermarked_image_1080_5\Crops\Croped_BothHorizontal_50_watermarked_image_1080_5.png,0,50.0,0.1875,"['X', 'X', 'X', 'X', 6, 4, 3, 2, 0, 0, 4, 5, 'X', 'X', 'X', 'X']"
2026-05-20T20:23:00.144889,1080p,Crops,crop,BothHorizontal_75,Croped_BothHorizontal_75_watermarked_image_1080_5.png,N:\Desktop\WORKING PAPERS\MVDW-NIKOS-PAPER\Version_22\attacked\1080p\watermarked_image_1080_5\Crops\Croped_BothHorizontal_75_watermarked_image_1080_5.png,0,25.0,0.2674,"['X', 'X', 'X', 'X', 'X', 'X', 3, 'X', 'X', 0, 4, 5, 'X', 'X', 'X', 'X']"
2026-05-20T20:23:01.648645,1080p,Crops,crop,BothVertical_25,Croped_BothVertical_25_watermarked_image_1080_5.png,N:\Desktop\WORKING PAPERS\MVDW-NIKOS-PAPER\Version_22\attacked\1080p\watermarked_image_1080_5\Crops\Croped_BothVertical_25_watermarked_image_1080_5.png,0,81.25,0.0729,"['X', 2, 2, 'X', 6, 4, 3, 2, 'X', 0, 4, 5, 1, 2, 6, 3]"
2026-05-20T20:23:03.108547,1080p,Crops,crop,BothVertical_50,Croped_BothVertical_50_watermarked_image_1080_5.png,N:\Desktop\WORKING PAPERS\MVDW-NIKOS-PAPER\Version_22\attacked\1080p\watermarked_image_1080_5\Crops\Croped_BothVertical_50_watermarked_image_1080_5.png,0,50.0,0.1875,"['X', 2, 2, 'X', 'X', 4, 3, 'X', 'X', 0, 4, 'X', 'X', 2, 6, 'X']"
2026-05-20T20:23:04.544085,1080p,Crops,crop,BothVertical_75,Croped_BothVertical_75_watermarked_image_1080_5.png,N:\Desktop\WORKING PAPERS\MVDW-NIKOS-PAPER\Version_22\attacked\1080p\watermarked_image_1080_5\Crops\Croped_BothVertical_75_watermarked_image_1080_5.png,0,18.75,0.2951,"['X', 'X', 2, 'X', 'X', 'X', 'X', 'X', 'X', 0, 'X', 'X', 'X', 2, 'X', 'X']"
2026-05-20T20:23:06.026352,1080p,Crops,crop,Bottom_25,Croped_Bottom_25_watermarked_image_1080_5.png,N:\Desktop\WORKING PAPERS\MVDW-NIKOS-PAPER\Version_22\attacked\1080p\watermarked_image_1080_5\Crops\Croped_Bottom_25_watermarked_image_1080_5.png,0,75.0,0.0903,"[0, 2, 2, 5, 6, 4, 3, 2, 0, 0, 4, 5, 'X', 'X', 'X', 'X']"
2026-05-20T20:23:07.470860,1080p,Crops,crop,Bottom_50,Croped_Bottom_50_watermarked_image_1080_5.png,N:\Desktop\WORKING PAPERS\MVDW-NIKOS-PAPER\Version_22\attacked\1080p\watermarked_image_1080_5\Crops\Croped_Bottom_50_watermarked_image_1080_5.png,0,50.0,0.184,"[0, 2, 2, 5, 6, 4, 3, 2, 'X', 'X', 'X', 'X', 'X', 'X', 'X', 'X']"
2026-05-20T20:23:08.921313,1080p,Crops,crop,Bottom_75,Croped_Bottom_75_watermarked_image_1080_5.png,N:\Desktop\WORKING PAPERS\MVDW-NIKOS-PAPER\Version_22\attacked\1080p\watermarked_image_1080_5\Crops\Croped_Bottom_75_watermarked_image_1080_5.png,0,25.0,0.2708,"[0, 2, 2, 5, 'X', 'X', 'X', 'X', 'X', 'X', 'X', 'X', 'X', 'X', 'X', 'X']"
2026-05-20T20:23:10.406990,1080p,Crops,crop,Left_25,Croped_Left_25_watermarked_image_1080_5.png,N:\Desktop\WORKING PAPERS\MVDW-NIKOS-PAPER\Version_22\attacked\1080p\watermarked_image_1080_5\Crops\Croped_Left_25_watermarked_image_1080_5.png,0,75.0,0.0903,"['X', 2, 2, 5, 'X', 4, 3, 2, 'X', 0, 4, 5, 'X', 2, 6, 3]"
2026-05-20T20:23:11.870197,1080p,Crops,crop,Left_50,Croped_Left_50_watermarked_image_1080_5.png,N:\Desktop\WORKING PAPERS\MVDW-NIKOS-PAPER\Version_22\attacked\1080p\watermarked_image_1080_5\Crops\Croped_Left_50_watermarked_image_1080_5.png,0,50.0,0.184,"['X', 'X', 2, 5, 'X', 'X', 3, 2, 'X', 'X', 4, 5, 'X', 'X', 6, 3]"
2026-05-20T20:23:13.315150,1080p,Crops,crop,Left_75,Croped_Left_75_watermarked_image_1080_5.png,N:\Desktop\WORKING PAPERS\MVDW-NIKOS-PAPER\Version_22\attacked\1080p\watermarked_image_1080_5\Crops\Croped_Left_75_watermarked_image_1080_5.png,0,25.0,0.2708,"['X', 'X', 'X', 5, 'X', 'X', 'X', 2, 'X', 'X', 'X', 5, 'X', 'X', 'X', 3]"
2026-05-20T20:23:14.830025,1080p,Crops,crop,Right_25,Croped_Right_25_watermarked_image_1080_5.png,N:\Desktop\WORKING PAPERS\MVDW-NIKOS-PAPER\Version_22\attacked\1080p\watermarked_image_1080_5\Crops\Croped_Right_25_watermarked_image_1080_5.png,0,75.0,0.0972,"[0, 2, 2, 'X', 6, 4, 3, 'X', 0, 0, 4, 'X', 1, 2, 6, 'X']"
2026-05-20T20:23:16.279511,1080p,Crops,crop,Right_50,Croped_Right_50_watermarked_image_1080_5.png,N:\Desktop\WORKING PAPERS\MVDW-NIKOS-PAPER\Version_22\attacked\1080p\watermarked_image_1080_5\Crops\Croped_Right_50_watermarked_image_1080_5.png,0,50.0,0.184,"[0, 2, 'X', 'X', 6, 4, 'X', 'X', 0, 0, 'X', 'X', 1, 2, 'X', 'X']"
2026-05-20T20:23:17.708202,1080p,Crops,crop,Right_75,Croped_Right_75_watermarked_image_1080_5.png,N:\Desktop\WORKING PAPERS\MVDW-NIKOS-PAPER\Version_22\attacked\1080p\watermarked_image_1080_5\Crops\Croped_Right_75_watermarked_image_1080_5.png,0,25.0,0.2778,"[0, 'X', 'X', 'X', 6, 'X', 'X', 'X', 0, 'X', 'X', 'X', 1, 'X', 'X', 'X']"
2026-05-20T20:23:19.213244,1080p,Crops,crop,Top_25,Croped_Top_25_watermarked_image_1080_5.png,N:\Desktop\WORKING PAPERS\MVDW-NIKOS-PAPER\Version_22\attacked\1080p\watermarked_image_1080_5\Crops\Croped_Top_25_watermarked_image_1080_5.png,0,75.0,0.0972,"['X', 'X', 'X', 'X', 6, 4, 3, 2, 0, 0, 4, 5, 1, 2, 6, 3]"
2026-05-20T20:23:20.700574,1080p,Crops,crop,Top_50,Croped_Top_50_watermarked_image_1080_5.png,N:\Desktop\WORKING PAPERS\MVDW-NIKOS-PAPER\Version_22\attacked\1080p\watermarked_image_1080_5\Crops\Croped_Top_50_watermarked_image_1080_5.png,0,50.0,0.184,"['X', 'X', 'X', 'X', 'X', 'X', 'X', 'X', 0, 0, 4, 5, 1, 2, 6, 3]"
2026-05-20T20:23:22.212341,1080p,Crops,crop,Top_75,Croped_Top_75_watermarked_image_1080_5.png,N:\Desktop\WORKING PAPERS\MVDW-NIKOS-PAPER\Version_22\attacked\1080p\watermarked_image_1080_5\Crops\Croped_Top_75_watermarked_image_1080_5.png,0,25.0,0.2778,"['X', 'X', 'X', 'X', 'X', 'X', 'X', 'X', 'X', 'X', 'X', 'X', 1, 2, 6, 3]"
2026-05-20T20:23:23.741283,1080p,Filters,jpeg,70,Compressed_q70_watermarked_image_1080_5.jpg,N:\Desktop\WORKING PAPERS\MVDW-NIKOS-PAPER\Version_22\attacked\1080p\watermarked_image_1080_5\Filters\Compressed_q70_watermarked_image_1080_5.jpg,0,25.0,0.3003,"['X', 'X', 'X', 'X', 'X', 4, 'X', 'X', 0, 'X', 'X', 5, 1, 'X', 'X', 'X']"
2026-05-20T20:23:25.245238,1080p,Filters,jpeg,80,Compressed_q80_watermarked_image_1080_5.jpg,N:\Desktop\WORKING PAPERS\MVDW-NIKOS-PAPER\Version_22\attacked\1080p\watermarked_image_1080_5\Filters\Compressed_q80_watermarked_image_1080_5.jpg,0,37.5,0.2587,"['X', 'X', 'X', 'X', 6, 4, 'X', 'X', 0, 'X', 'X', 'X', 1, 2, 'X', 3]"
2026-05-20T20:23:26.751440,1080p,Filters,jpeg,90,Compressed_q90_watermarked_image_1080_5.jpg,N:\Desktop\WORKING PAPERS\MVDW-NIKOS-PAPER\Version_22\attacked\1080p\watermarked_image_1080_5\Filters\Compressed_q90_watermarked_image_1080_5.jpg,0,93.75,0.0069,"[0, 'X', 2, 5, 6, 4, 3, 2, 0, 0, 4, 5, 1, 2, 6, 3]"
2026-05-20T20:23:28.261141,1080p,Filters,gaussian_blur,3,GB_k3_watermarked_image_1080_5.png,N:\Desktop\WORKING PAPERS\MVDW-NIKOS-PAPER\Version_22\attacked\1080p\watermarked_image_1080_5\Filters\GB_k3_watermarked_image_1080_5.png,0,12.5,0.2934,"['X', 'X', 'X', 'X', 6, 'X', 'X', 'X', 'X', 'X', 'X', 'X', 'X', 'X', 6, 'X']"
2026-05-20T20:23:29.780812,1080p,Filters,gaussian_blur,5,GB_k5_watermarked_image_1080_5.png,N:\Desktop\WORKING PAPERS\MVDW-NIKOS-PAPER\Version_22\attacked\1080p\watermarked_image_1080_5\Filters\GB_k5_watermarked_image_1080_5.png,0,12.5,0.2986,"['X', 'X', 'X', 'X', 6, 'X', 3, 'X', 'X', 'X', 'X', 'X', 'X', 'X', 'X', 'X']"
2026-05-20T20:23:31.311162,1080p,Filters,gaussian_blur,7,GB_k7_watermarked_image_1080_5.png,N:\Desktop\WORKING PAPERS\MVDW-NIKOS-PAPER\Version_22\attacked\1080p\watermarked_image_1080_5\Filters\GB_k7_watermarked_image_1080_5.png,0,12.5,0.3281,"['X', 'X', 'X', 'X', 'X', 4, 'X', 'X', 'X', 'X', 'X', 'X', 'X', 'X', 6, 'X']"
2026-05-20T20:23:32.842480,1080p,Filters,gaussian_noise,0.05,GN_lvl0.05_watermarked_image_1080_5.png,N:\Desktop\WORKING PAPERS\MVDW-NIKOS-PAPER\Version_22\attacked\1080p\watermarked_image_1080_5\Filters\GN_lvl0.05_watermarked_image_1080_5.png,0,100.0,0.0,"[0, 2, 2, 5, 6, 4, 3, 2, 0, 0, 4, 5, 1, 2, 6, 3]"
2026-05-20T20:23:34.361268,1080p,Filters,gaussian_noise,0.1,GN_lvl0.1_watermarked_image_1080_5.png,N:\Desktop\WORKING PAPERS\MVDW-NIKOS-PAPER\Version_22\attacked\1080p\watermarked_image_1080_5\Filters\GN_lvl0.1_watermarked_image_1080_5.png,0,100.0,0.0,"[0, 2, 2, 5, 6, 4, 3, 2, 0, 0, 4, 5, 1, 2, 6, 3]"
2026-05-20T20:23:35.882535,1080p,Filters,gaussian_noise,0.2,GN_lvl0.2_watermarked_image_1080_5.png,N:\Desktop\WORKING PAPERS\MVDW-NIKOS-PAPER\Version_22\attacked\1080p\watermarked_image_1080_5\Filters\GN_lvl0.2_watermarked_image_1080_5.png,0,100.0,0.0,"[0, 2, 2, 5, 6, 4, 3, 2, 0, 0, 4, 5, 1, 2, 6, 3]"
2026-05-20T20:23:37.378578,1080p,Filters,gamma,,Gamma_watermarked_image_1080_5.png,N:\Desktop\WORKING PAPERS\MVDW-NIKOS-PAPER\Version_22\attacked\1080p\watermarked_image_1080_5\Filters\Gamma_watermarked_image_1080_5.png,0,75.0,0.0903,"['X', 'X', 2, 'X', 6, 4, 3, 2, 0, 0, 4, 5, 1, 'X', 6, 3]"
2026-05-20T20:23:38.910758,1080p,Filters,histogram_equalization,,HEQ_watermarked_image_1080_5.png,N:\Desktop\WORKING PAPERS\MVDW-NIKOS-PAPER\Version_22\attacked\1080p\watermarked_image_1080_5\Filters\HEQ_watermarked_image_1080_5.png,0,100.0,0.0,"[0, 2, 2, 5, 6, 4, 3, 2, 0, 0, 4, 5, 1, 2, 6, 3]"
2026-05-20T20:23:40.425673,1080p,Filters,motion_blur,3,MB_k3_watermarked_image_1080_5.png,N:\Desktop\WORKING PAPERS\MVDW-NIKOS-PAPER\Version_22\attacked\1080p\watermarked_image_1080_5\Filters\MB_k3_watermarked_image_1080_5.png,0,100.0,0.0,"[0, 2, 2, 5, 6, 4, 3, 2, 0, 0, 4, 5, 1, 2, 6, 3]"
2026-05-20T20:23:41.948741,1080p,Filters,motion_blur,5,MB_k5_watermarked_image_1080_5.png,N:\Desktop\WORKING PAPERS\MVDW-NIKOS-PAPER\Version_22\attacked\1080p\watermarked_image_1080_5\Filters\MB_k5_watermarked_image_1080_5.png,0,100.0,0.0,"[0, 2, 2, 5, 6, 4, 3, 2, 0, 0, 4, 5, 1, 2, 6, 3]"
2026-05-20T20:23:43.465714,1080p,Filters,motion_blur,7,MB_k7_watermarked_image_1080_5.png,N:\Desktop\WORKING PAPERS\MVDW-NIKOS-PAPER\Version_22\attacked\1080p\watermarked_image_1080_5\Filters\MB_k7_watermarked_image_1080_5.png,0,100.0,0.0,"[0, 2, 2, 5, 6, 4, 3, 2, 0, 0, 4, 5, 1, 2, 6, 3]"
2026-05-20T20:23:44.978150,1080p,Filters,mean_filter,3,MEAN_k3_watermarked_image_1080_5.png,N:\Desktop\WORKING PAPERS\MVDW-NIKOS-PAPER\Version_22\attacked\1080p\watermarked_image_1080_5\Filters\MEAN_k3_watermarked_image_1080_5.png,0,100.0,0.0,"[0, 2, 2, 5, 6, 4, 3, 2, 0, 0, 4, 5, 1, 2, 6, 3]"
2026-05-20T20:23:46.488173,1080p,Filters,mean_filter,5,MEAN_k5_watermarked_image_1080_5.png,N:\Desktop\WORKING PAPERS\MVDW-NIKOS-PAPER\Version_22\attacked\1080p\watermarked_image_1080_5\Filters\MEAN_k5_watermarked_image_1080_5.png,0,68.75,0.0486,"['X', 2, 2, 5, 6, 4, 3, 2, 'X', 0, 'X', 5, 1, 'X', 6, 'X']"
2026-05-20T20:23:48.045321,1080p,Filters,median_filter,3,MF_k3_watermarked_image_1080_5.png,N:\Desktop\WORKING PAPERS\MVDW-NIKOS-PAPER\Version_22\attacked\1080p\watermarked_image_1080_5\Filters\MF_k3_watermarked_image_1080_5.png,0,100.0,0.0,"[0, 2, 2, 5, 6, 4, 3, 2, 0, 0, 4, 5, 1, 2, 6, 3]"
2026-05-20T20:23:49.569914,1080p,Filters,median_filter,5,MF_k5_watermarked_image_1080_5.png,N:\Desktop\WORKING PAPERS\MVDW-NIKOS-PAPER\Version_22\attacked\1080p\watermarked_image_1080_5\Filters\MF_k5_watermarked_image_1080_5.png,0,87.5,0.0069,"[0, 2, 2, 5, 6, 'X', 'X', 2, 0, 0, 4, 5, 1, 2, 6, 3]"
2026-05-20T20:23:51.078525,1080p,Filters,median_filter,7,MF_k7_watermarked_image_1080_5.png,N:\Desktop\WORKING PAPERS\MVDW-NIKOS-PAPER\Version_22\attacked\1080p\watermarked_image_1080_5\Filters\MF_k7_watermarked_image_1080_5.png,0,43.75,0.1042,"[0, 'X', 'X', 5, 'X', 'X', 'X', 2, 'X', 'X', 4, 5, 1, 'X', 6, 'X']"
2026-05-20T20:23:52.640141,1080p,Filters,sharpening,,SHARP_watermarked_image_1080_5.png,N:\Desktop\WORKING PAPERS\MVDW-NIKOS-PAPER\Version_22\attacked\1080p\watermarked_image_1080_5\Filters\SHARP_watermarked_image_1080_5.png,0,100.0,0.0,"[0, 2, 2, 5, 6, 4, 3, 2, 0, 0, 4, 5, 1, 2, 6, 3]"
2026-05-20T20:23:54.171111,1080p,Filters,salt_pepper,0.05,SaP_p0.05_watermarked_image_1080_5.png,N:\Desktop\WORKING PAPERS\MVDW-NIKOS-PAPER\Version_22\attacked\1080p\watermarked_image_1080_5\Filters\SaP_p0.05_watermarked_image_1080_5.png,0,0.0,0.309,"['X', 'X', 'X', 'X', 'X', 'X', 'X', 'X', 'X', 'X', 'X', 'X', 'X', 'X', 'X', 'X']"
2026-05-20T20:23:55.699425,1080p,Filters,salt_pepper,0.1,SaP_p0.1_watermarked_image_1080_5.png,N:\Desktop\WORKING PAPERS\MVDW-NIKOS-PAPER\Version_22\attacked\1080p\watermarked_image_1080_5\Filters\SaP_p0.1_watermarked_image_1080_5.png,0,12.5,0.3438,"['X', 'X', 'X', 'X', 'X', 'X', 'X', 'X', 'X', 'X', 'X', 5, 'X', 'X', 6, 'X']"
2026-05-20T20:23:57.211147,1080p,Filters,salt_pepper,0.2,SaP_p0.2_watermarked_image_1080_5.png,N:\Desktop\WORKING PAPERS\MVDW-NIKOS-PAPER\Version_22\attacked\1080p\watermarked_image_1080_5\Filters\SaP_p0.2_watermarked_image_1080_5.png,0,18.75,0.4028,"['X', 'X', 2, 'X', 'X', 'X', 3, 'X', 'X', 'X', 'X', 5, 'X', 'X', 'X', 'X']"
2026-05-20T20:23:58.745270,1080p,Geometric,horizontal_flip,,HFLIP_watermarked_image_1080_5.png,N:\Desktop\WORKING PAPERS\MVDW-NIKOS-PAPER\Version_22\attacked\1080p\watermarked_image_1080_5\Geometric\HFLIP_watermarked_image_1080_5.png,0,0.0,0.3472,"['X', 'X', 'X', 'X', 'X', 'X', 'X', 'X', 'X', 'X', 'X', 'X', 'X', 'X', 'X', 'X']"
2026-05-20T20:24:00.273837,1080p,Geometric,rotation,-10,ROT_-10_watermarked_image_1080_5.png,N:\Desktop\WORKING PAPERS\MVDW-NIKOS-PAPER\Version_22\attacked\1080p\watermarked_image_1080_5\Geometric\ROT_-10_watermarked_image_1080_5.png,0,6.25,0.3681,"['X', 'X', 'X', 'X', 'X', 'X', 'X', 'X', 'X', 'X', 'X', 'X', 'X', 'X', 'X', 3]"
2026-05-20T20:24:01.808158,1080p,Geometric,rotation,10,ROT_10_watermarked_image_1080_5.png,N:\Desktop\WORKING PAPERS\MVDW-NIKOS-PAPER\Version_22\attacked\1080p\watermarked_image_1080_5\Geometric\ROT_10_watermarked_image_1080_5.png,0,0.0,0.3906,"['X', 'X', 'X', 'X', 'X', 'X', 'X', 'X', 'X', 'X', 'X', 'X', 'X', 'X', 'X', 'X']"
2026-05-20T20:24:03.346496,1080p,Geometric,rotation,5,ROT_5_watermarked_image_1080_5.png,N:\Desktop\WORKING PAPERS\MVDW-NIKOS-PAPER\Version_22\attacked\1080p\watermarked_image_1080_5\Geometric\ROT_5_watermarked_image_1080_5.png,0,12.5,0.3681,"['X', 'X', 'X', 'X', 'X', 'X', 3, 'X', 'X', 'X', 'X', 'X', 'X', 2, 'X', 'X']"
2026-05-20T20:24:04.865993,1080p,Geometric,translation,x2_y2,TRANS_x2_y2_watermarked_image_1080_5.png,N:\Desktop\WORKING PAPERS\MVDW-NIKOS-PAPER\Version_22\attacked\1080p\watermarked_image_1080_5\Geometric\TRANS_x2_y2_watermarked_image_1080_5.png,0,100.0,0.0,"[0, 2, 2, 5, 6, 4, 3, 2, 0, 0, 4, 5, 1, 2, 6, 3]"
2026-05-20T20:24:06.433964,1080p,Geometric,translation,x4_y4,TRANS_x4_y4_watermarked_image_1080_5.png,N:\Desktop\WORKING PAPERS\MVDW-NIKOS-PAPER\Version_22\attacked\1080p\watermarked_image_1080_5\Geometric\TRANS_x4_y4_watermarked_image_1080_5.png,0,18.75,0.2309,"['X', 'X', 'X', 'X', 'X', 4, 'X', 'X', 'X', 'X', 4, 'X', 1, 'X', 'X', 'X']"
2026-05-20T20:24:07.960288,1080p,Resize,resize,110,RESIZE_110_watermarked_image_1080_5.png,N:\Desktop\WORKING PAPERS\MVDW-NIKOS-PAPER\Version_22\attacked\1080p\watermarked_image_1080_5\Resize\RESIZE_110_watermarked_image_1080_5.png,0,100.0,0.0,"[0, 2, 2, 5, 6, 4, 3, 2, 0, 0, 4, 5, 1, 2, 6, 3]"
2026-05-20T20:24:09.491788,1080p,Resize,resize,90,RESIZE_90_watermarked_image_1080_5.png,N:\Desktop\WORKING PAPERS\MVDW-NIKOS-PAPER\Version_22\attacked\1080p\watermarked_image_1080_5\Resize\RESIZE_90_watermarked_image_1080_5.png,0,56.25,0.059,"['X', 2, 2, 5, 'X', 'X', 3, 2, 0, 0, 'X', 'X', 1, 'X', 'X', 3]"
2026-05-20T20:24:12.010840,1440p,Crops,crop,BothHorizontal_25,Croped_BothHorizontal_25_watermarked_image_1440_1.png,N:\Desktop\WORKING PAPERS\MVDW-NIKOS-PAPER\Version_22\attacked\1440p\watermarked_image_1440_1\Crops\Croped_BothHorizontal_25_watermarked_image_1440_1.png,0,75.0,0.092,"[0, 'X', 'X', 5, 6, 4, 3, 2, 0, 0, 4, 5, 'X', 2, 6, 'X']"
2026-05-20T20:24:14.425150,1440p,Crops,crop,BothHorizontal_50,Croped_BothHorizontal_50_watermarked_image_1440_1.png,N:\Desktop\WORKING PAPERS\MVDW-NIKOS-PAPER\Version_22\attacked\1440p\watermarked_image_1440_1\Crops\Croped_BothHorizontal_50_watermarked_image_1440_1.png,0,50.0,0.1875,"['X', 'X', 'X', 'X', 6, 4, 3, 2, 0, 0, 4, 5, 'X', 'X', 'X', 'X']"
2026-05-20T20:24:16.777819,1440p,Crops,crop,BothHorizontal_75,Croped_BothHorizontal_75_watermarked_image_1440_1.png,N:\Desktop\WORKING PAPERS\MVDW-NIKOS-PAPER\Version_22\attacked\1440p\watermarked_image_1440_1\Crops\Croped_BothHorizontal_75_watermarked_image_1440_1.png,0,18.75,0.2917,"['X', 'X', 'X', 'X', 'X', 4, 'X', 'X', 0, 'X', 4, 'X', 'X', 'X', 'X', 'X']"
2026-05-20T20:24:19.287456,1440p,Crops,crop,BothVertical_25,Croped_BothVertical_25_watermarked_image_1440_1.png,N:\Desktop\WORKING PAPERS\MVDW-NIKOS-PAPER\Version_22\attacked\1440p\watermarked_image_1440_1\Crops\Croped_BothVertical_25_watermarked_image_1440_1.png,0,75.0,0.0903,"[0, 2, 2, 5, 'X', 4, 3, 'X', 'X', 0, 4, 5, 'X', 2, 6, 3]"
2026-05-20T20:24:21.749839,1440p,Crops,crop,BothVertical_50,Croped_BothVertical_50_watermarked_image_1440_1.png,N:\Desktop\WORKING PAPERS\MVDW-NIKOS-PAPER\Version_22\attacked\1440p\watermarked_image_1440_1\Crops\Croped_BothVertical_50_watermarked_image_1440_1.png,0,50.0,0.1875,"['X', 2, 2, 'X', 'X', 4, 3, 'X', 'X', 0, 4, 'X', 'X', 2, 6, 'X']"
2026-05-20T20:24:24.085233,1440p,Crops,crop,BothVertical_75,Croped_BothVertical_75_watermarked_image_1440_1.png,N:\Desktop\WORKING PAPERS\MVDW-NIKOS-PAPER\Version_22\attacked\1440p\watermarked_image_1440_1\Crops\Croped_BothVertical_75_watermarked_image_1440_1.png,0,25.0,0.2726,"['X', 2, 'X', 'X', 'X', 4, 3, 'X', 'X', 'X', 'X', 'X', 'X', 2, 'X', 'X']"
2026-05-20T20:24:26.565490,1440p,Crops,crop,Bottom_25,Croped_Bottom_25_watermarked_image_1440_1.png,N:\Desktop\WORKING PAPERS\MVDW-NIKOS-PAPER\Version_22\attacked\1440p\watermarked_image_1440_1\Crops\Croped_Bottom_25_watermarked_image_1440_1.png,0,75.0,0.0903,"[0, 2, 2, 5, 6, 4, 3, 2, 0, 0, 4, 5, 'X', 'X', 'X', 'X']"
2026-05-20T20:24:28.967438,1440p,Crops,crop,Bottom_50,Croped_Bottom_50_watermarked_image_1440_1.png,N:\Desktop\WORKING PAPERS\MVDW-NIKOS-PAPER\Version_22\attacked\1440p\watermarked_image_1440_1\Crops\Croped_Bottom_50_watermarked_image_1440_1.png,0,50.0,0.184,"[0, 2, 2, 5, 6, 4, 3, 2, 'X', 'X', 'X', 'X', 'X', 'X', 'X', 'X']"
2026-05-20T20:24:31.354446,1440p,Crops,crop,Bottom_75,Croped_Bottom_75_watermarked_image_1440_1.png,N:\Desktop\WORKING PAPERS\MVDW-NIKOS-PAPER\Version_22\attacked\1440p\watermarked_image_1440_1\Crops\Croped_Bottom_75_watermarked_image_1440_1.png,0,25.0,0.2708,"[0, 2, 2, 5, 'X', 'X', 'X', 'X', 'X', 'X', 'X', 'X', 'X', 'X', 'X', 'X']"
2026-05-20T20:24:33.862063,1440p,Crops,crop,Left_25,Croped_Left_25_watermarked_image_1440_1.png,N:\Desktop\WORKING PAPERS\MVDW-NIKOS-PAPER\Version_22\attacked\1440p\watermarked_image_1440_1\Crops\Croped_Left_25_watermarked_image_1440_1.png,0,75.0,0.0903,"['X', 2, 2, 5, 'X', 4, 3, 2, 'X', 0, 4, 5, 'X', 2, 6, 3]"
2026-05-20T20:24:36.193019,1440p,Crops,crop,Left_50,Croped_Left_50_watermarked_image_1440_1.png,N:\Desktop\WORKING PAPERS\MVDW-NIKOS-PAPER\Version_22\attacked\1440p\watermarked_image_1440_1\Crops\Croped_Left_50_watermarked_image_1440_1.png,0,50.0,0.184,"['X', 'X', 2, 5, 'X', 'X', 3, 2, 'X', 'X', 4, 5, 'X', 'X', 6, 3]"
2026-05-20T20:24:38.440774,1440p,Crops,crop,Left_75,Croped_Left_75_watermarked_image_1440_1.png,N:\Desktop\WORKING PAPERS\MVDW-NIKOS-PAPER\Version_22\attacked\1440p\watermarked_image_1440_1\Crops\Croped_Left_75_watermarked_image_1440_1.png,0,25.0,0.2708,"['X', 'X', 'X', 5, 'X', 'X', 'X', 2, 'X', 'X', 'X', 5, 'X', 'X', 'X', 3]"
2026-05-20T20:24:40.843953,1440p,Crops,crop,Right_25,Croped_Right_25_watermarked_image_1440_1.png,N:\Desktop\WORKING PAPERS\MVDW-NIKOS-PAPER\Version_22\attacked\1440p\watermarked_image_1440_1\Crops\Croped_Right_25_watermarked_image_1440_1.png,0,75.0,0.0972,"[0, 2, 2, 'X', 6, 4, 3, 'X', 0, 0, 4, 'X', 1, 2, 6, 'X']"
2026-05-20T20:24:43.166279,1440p,Crops,crop,Right_50,Croped_Right_50_watermarked_image_1440_1.png,N:\Desktop\WORKING PAPERS\MVDW-NIKOS-PAPER\Version_22\attacked\1440p\watermarked_image_1440_1\Crops\Croped_Right_50_watermarked_image_1440_1.png,0,50.0,0.184,"[0, 2, 'X', 'X', 6, 4, 'X', 'X', 0, 0, 'X', 'X', 1, 2, 'X', 'X']"
2026-05-20T20:24:45.380701,1440p,Crops,crop,Right_75,Croped_Right_75_watermarked_image_1440_1.png,N:\Desktop\WORKING PAPERS\MVDW-NIKOS-PAPER\Version_22\attacked\1440p\watermarked_image_1440_1\Crops\Croped_Right_75_watermarked_image_1440_1.png,0,25.0,0.2778,"[0, 'X', 'X', 'X', 6, 'X', 'X', 'X', 0, 'X', 'X', 'X', 1, 'X', 'X', 'X']"
2026-05-20T20:24:47.781951,1440p,Crops,crop,Top_25,Croped_Top_25_watermarked_image_1440_1.png,N:\Desktop\WORKING PAPERS\MVDW-NIKOS-PAPER\Version_22\attacked\1440p\watermarked_image_1440_1\Crops\Croped_Top_25_watermarked_image_1440_1.png,0,75.0,0.0972,"['X', 'X', 'X', 'X', 6, 4, 3, 2, 0, 0, 4, 5, 1, 2, 6, 3]"
2026-05-20T20:24:50.100471,1440p,Crops,crop,Top_50,Croped_Top_50_watermarked_image_1440_1.png,N:\Desktop\WORKING PAPERS\MVDW-NIKOS-PAPER\Version_22\attacked\1440p\watermarked_image_1440_1\Crops\Croped_Top_50_watermarked_image_1440_1.png,0,50.0,0.184,"['X', 'X', 'X', 'X', 'X', 'X', 'X', 'X', 0, 0, 4, 5, 1, 2, 6, 3]"
2026-05-20T20:24:52.319443,1440p,Crops,crop,Top_75,Croped_Top_75_watermarked_image_1440_1.png,N:\Desktop\WORKING PAPERS\MVDW-NIKOS-PAPER\Version_22\attacked\1440p\watermarked_image_1440_1\Crops\Croped_Top_75_watermarked_image_1440_1.png,0,25.0,0.2778,"['X', 'X', 'X', 'X', 'X', 'X', 'X', 'X', 'X', 'X', 'X', 'X', 1, 2, 6, 3]"
2026-05-20T20:24:54.794706,1440p,Filters,jpeg,70,Compressed_q70_watermarked_image_1440_1.jpg,N:\Desktop\WORKING PAPERS\MVDW-NIKOS-PAPER\Version_22\attacked\1440p\watermarked_image_1440_1\Filters\Compressed_q70_watermarked_image_1440_1.jpg,0,6.25,0.3715,"['X', 'X', 'X', 5, 'X', 'X', 'X', 'X', 'X', 'X', 'X', 'X', 'X', 'X', 'X', 'X']"
2026-05-20T20:24:57.252873,1440p,Filters,jpeg,80,Compressed_q80_watermarked_image_1440_1.jpg,N:\Desktop\WORKING PAPERS\MVDW-NIKOS-PAPER\Version_22\attacked\1440p\watermarked_image_1440_1\Filters\Compressed_q80_watermarked_image_1440_1.jpg,0,25.0,0.2726,"['X', 'X', 'X', 5, 'X', 'X', 'X', 2, 'X', 'X', 'X', 'X', 'X', 2, 'X', 3]"
2026-05-20T20:24:59.717997,1440p,Filters,jpeg,90,Compressed_q90_watermarked_image_1440_1.jpg,N:\Desktop\WORKING PAPERS\MVDW-NIKOS-PAPER\Version_22\attacked\1440p\watermarked_image_1440_1\Filters\Compressed_q90_watermarked_image_1440_1.jpg,0,50.0,0.0885,"['X', 'X', 2, 'X', 6, 4, 3, 'X', 'X', 'X', 4, 'X', 'X', 2, 6, 3]"
2026-05-20T20:25:02.198964,1440p,Filters,gaussian_blur,3,GB_k3_watermarked_image_1440_1.png,N:\Desktop\WORKING PAPERS\MVDW-NIKOS-PAPER\Version_22\attacked\1440p\watermarked_image_1440_1\Filters\GB_k3_watermarked_image_1440_1.png,0,18.75,0.3559,"['X', 'X', 'X', 'X', 6, 'X', 3, 'X', 'X', 'X', 4, 'X', 'X', 'X', 'X', 'X']"
2026-05-20T20:25:04.676750,1440p,Filters,gaussian_blur,5,GB_k5_watermarked_image_1440_1.png,N:\Desktop\WORKING PAPERS\MVDW-NIKOS-PAPER\Version_22\attacked\1440p\watermarked_image_1440_1\Filters\GB_k5_watermarked_image_1440_1.png,0,6.25,0.3872,"['X', 'X', 'X', 'X', 'X', 'X', 'X', 'X', 'X', 'X', 'X', 'X', 'X', 2, 'X', 'X']"
2026-05-20T20:25:07.141383,1440p,Filters,gaussian_blur,7,GB_k7_watermarked_image_1440_1.png,N:\Desktop\WORKING PAPERS\MVDW-NIKOS-PAPER\Version_22\attacked\1440p\watermarked_image_1440_1\Filters\GB_k7_watermarked_image_1440_1.png,0,6.25,0.3872,"['X', 'X', 'X', 'X', 'X', 'X', 3, 'X', 'X', 'X', 'X', 'X', 'X', 'X', 'X', 'X']"
2026-05-20T20:25:09.616605,1440p,Filters,gaussian_noise,0.05,GN_lvl0.05_watermarked_image_1440_1.png,N:\Desktop\WORKING PAPERS\MVDW-NIKOS-PAPER\Version_22\attacked\1440p\watermarked_image_1440_1\Filters\GN_lvl0.05_watermarked_image_1440_1.png,0,100.0,0.0,"[0, 2, 2, 5, 6, 4, 3, 2, 0, 0, 4, 5, 1, 2, 6, 3]"
2026-05-20T20:25:12.101629,1440p,Filters,gaussian_noise,0.1,GN_lvl0.1_watermarked_image_1440_1.png,N:\Desktop\WORKING PAPERS\MVDW-NIKOS-PAPER\Version_22\attacked\1440p\watermarked_image_1440_1\Filters\GN_lvl0.1_watermarked_image_1440_1.png,0,100.0,0.0,"[0, 2, 2, 5, 6, 4, 3, 2, 0, 0, 4, 5, 1, 2, 6, 3]"
2026-05-20T20:25:14.582897,1440p,Filters,gaussian_noise,0.2,GN_lvl0.2_watermarked_image_1440_1.png,N:\Desktop\WORKING PAPERS\MVDW-NIKOS-PAPER\Version_22\attacked\1440p\watermarked_image_1440_1\Filters\GN_lvl0.2_watermarked_image_1440_1.png,0,100.0,0.0,"[0, 2, 2, 5, 6, 4, 3, 2, 0, 0, 4, 5, 1, 2, 6, 3]"
2026-05-20T20:25:17.059514,1440p,Filters,gamma,,Gamma_watermarked_image_1440_1.png,N:\Desktop\WORKING PAPERS\MVDW-NIKOS-PAPER\Version_22\attacked\1440p\watermarked_image_1440_1\Filters\Gamma_watermarked_image_1440_1.png,0,75.0,0.0295,"['X', 2, 2, 'X', 6, 4, 3, 'X', 0, 0, 4, 'X', 1, 2, 6, 3]"
2026-05-20T20:25:19.533090,1440p,Filters,histogram_equalization,,HEQ_watermarked_image_1440_1.png,N:\Desktop\WORKING PAPERS\MVDW-NIKOS-PAPER\Version_22\attacked\1440p\watermarked_image_1440_1\Filters\HEQ_watermarked_image_1440_1.png,0,100.0,0.0,"[0, 2, 2, 5, 6, 4, 3, 2, 0, 0, 4, 5, 1, 2, 6, 3]"
2026-05-20T20:25:21.996615,1440p,Filters,motion_blur,3,MB_k3_watermarked_image_1440_1.png,N:\Desktop\WORKING PAPERS\MVDW-NIKOS-PAPER\Version_22\attacked\1440p\watermarked_image_1440_1\Filters\MB_k3_watermarked_image_1440_1.png,0,93.75,0.0087,"['X', 2, 2, 5, 6, 4, 3, 2, 0, 0, 4, 5, 1, 2, 6, 3]"
2026-05-20T20:25:24.451218,1440p,Filters,motion_blur,5,MB_k5_watermarked_image_1440_1.png,N:\Desktop\WORKING PAPERS\MVDW-NIKOS-PAPER\Version_22\attacked\1440p\watermarked_image_1440_1\Filters\MB_k5_watermarked_image_1440_1.png,0,93.75,0.0104,"['X', 2, 2, 5, 6, 4, 3, 2, 0, 0, 4, 5, 1, 2, 6, 3]"
2026-05-20T20:25:26.903931,1440p,Filters,motion_blur,7,MB_k7_watermarked_image_1440_1.png,N:\Desktop\WORKING PAPERS\MVDW-NIKOS-PAPER\Version_22\attacked\1440p\watermarked_image_1440_1\Filters\MB_k7_watermarked_image_1440_1.png,0,75.0,0.0278,"['X', 2, 2, 'X', 6, 4, 3, 'X', 'X', 0, 4, 5, 1, 2, 6, 3]"
2026-05-20T20:25:29.357679,1440p,Filters,mean_filter,3,MEAN_k3_watermarked_image_1440_1.png,N:\Desktop\WORKING PAPERS\MVDW-NIKOS-PAPER\Version_22\attacked\1440p\watermarked_image_1440_1\Filters\MEAN_k3_watermarked_image_1440_1.png,0,68.75,0.0486,"['X', 2, 2, 'X', 6, 4, 3, 'X', 0, 0, 4, 'X', 1, 2, 'X', 3]"
2026-05-20T20:25:31.811139,1440p,Filters,mean_filter,5,MEAN_k5_watermarked_image_1440_1.png,N:\Desktop\WORKING PAPERS\MVDW-NIKOS-PAPER\Version_22\attacked\1440p\watermarked_image_1440_1\Filters\MEAN_k5_watermarked_image_1440_1.png,0,50.0,0.1024,"['X', 'X', 2, 'X', 6, 4, 3, 'X', 'X', 0, 4, 5, 'X', 'X', 'X', 3]"
2026-05-20T20:25:34.259895,1440p,Filters,median_filter,3,MF_k3_watermarked_image_1440_1.png,N:\Desktop\WORKING PAPERS\MVDW-NIKOS-PAPER\Version_22\attacked\1440p\watermarked_image_1440_1\Filters\MF_k3_watermarked_image_1440_1.png,0,68.75,0.0521,"[0, 2, 2, 'X', 6, 4, 3, 'X', 'X', 0, 4, 'X', 1, 2, 'X', 3]"
2026-05-20T20:25:36.712004,1440p,Filters,median_filter,5,MF_k5_watermarked_image_1440_1.png,N:\Desktop\WORKING PAPERS\MVDW-NIKOS-PAPER\Version_22\attacked\1440p\watermarked_image_1440_1\Filters\MF_k5_watermarked_image_1440_1.png,0,62.5,0.0642,"[0, 2, 2, 'X', 6, 4, 3, 'X', 'X', 'X', 4, 'X', 1, 2, 'X', 3]"
2026-05-20T20:25:39.161339,1440p,Filters,median_filter,7,MF_k7_watermarked_image_1440_1.png,N:\Desktop\WORKING PAPERS\MVDW-NIKOS-PAPER\Version_22\attacked\1440p\watermarked_image_1440_1\Filters\MF_k7_watermarked_image_1440_1.png,0,31.25,0.2031,"[0, 'X', 2, 'X', 6, 4, 'X', 'X', 'X', 'X', 4, 'X', 'X', 'X', 'X', 'X']"
2026-05-20T20:25:41.650408,1440p,Filters,sharpening,,SHARP_watermarked_image_1440_1.png,N:\Desktop\WORKING PAPERS\MVDW-NIKOS-PAPER\Version_22\attacked\1440p\watermarked_image_1440_1\Filters\SHARP_watermarked_image_1440_1.png,0,100.0,0.0,"[0, 2, 2, 5, 6, 4, 3, 2, 0, 0, 4, 5, 1, 2, 6, 3]"
2026-05-20T20:25:44.128339,1440p,Filters,salt_pepper,0.05,SaP_p0.05_watermarked_image_1440_1.png,N:\Desktop\WORKING PAPERS\MVDW-NIKOS-PAPER\Version_22\attacked\1440p\watermarked_image_1440_1\Filters\SaP_p0.05_watermarked_image_1440_1.png,0,0.0,0.3906,"['X', 'X', 'X', 'X', 'X', 'X', 'X', 'X', 'X', 'X', 'X', 'X', 'X', 'X', 'X', 'X']"
2026-05-20T20:25:46.582869,1440p,Filters,salt_pepper,0.1,SaP_p0.1_watermarked_image_1440_1.png,N:\Desktop\WORKING PAPERS\MVDW-NIKOS-PAPER\Version_22\attacked\1440p\watermarked_image_1440_1\Filters\SaP_p0.1_watermarked_image_1440_1.png,0,6.25,0.3594,"['X', 'X', 'X', 'X', 'X', 'X', 3, 'X', 'X', 'X', 'X', 'X', 'X', 'X', 'X', 'X']"
2026-05-20T20:25:49.050395,1440p,Filters,salt_pepper,0.2,SaP_p0.2_watermarked_image_1440_1.png,N:\Desktop\WORKING PAPERS\MVDW-NIKOS-PAPER\Version_22\attacked\1440p\watermarked_image_1440_1\Filters\SaP_p0.2_watermarked_image_1440_1.png,0,6.25,0.3698,"['X', 'X', 'X', 'X', 'X', 'X', 'X', 'X', 0, 'X', 'X', 'X', 'X', 'X', 'X', 'X']"
2026-05-20T20:25:51.521644,1440p,Geometric,horizontal_flip,,HFLIP_watermarked_image_1440_1.png,N:\Desktop\WORKING PAPERS\MVDW-NIKOS-PAPER\Version_22\attacked\1440p\watermarked_image_1440_1\Geometric\HFLIP_watermarked_image_1440_1.png,0,6.25,0.4045,"['X', 'X', 'X', 'X', 'X', 'X', 'X', 'X', 'X', 'X', 'X', 'X', 'X', 2, 'X', 'X']"
2026-05-20T20:25:53.990949,1440p,Geometric,rotation,-10,ROT_-10_watermarked_image_1440_1.png,N:\Desktop\WORKING PAPERS\MVDW-NIKOS-PAPER\Version_22\attacked\1440p\watermarked_image_1440_1\Geometric\ROT_-10_watermarked_image_1440_1.png,0,6.25,0.375,"['X', 'X', 'X', 'X', 'X', 'X', 'X', 'X', 'X', 'X', 'X', 'X', 'X', 2, 'X', 'X']"
2026-05-20T20:25:56.462628,1440p,Geometric,rotation,10,ROT_10_watermarked_image_1440_1.png,N:\Desktop\WORKING PAPERS\MVDW-NIKOS-PAPER\Version_22\attacked\1440p\watermarked_image_1440_1\Geometric\ROT_10_watermarked_image_1440_1.png,0,12.5,0.3802,"['X', 'X', 'X', 'X', 6, 'X', 'X', 'X', 'X', 'X', 'X', 'X', 1, 'X', 'X', 'X']"
2026-05-20T20:25:58.957104,1440p,Geometric,rotation,5,ROT_5_watermarked_image_1440_1.png,N:\Desktop\WORKING PAPERS\MVDW-NIKOS-PAPER\Version_22\attacked\1440p\watermarked_image_1440_1\Geometric\ROT_5_watermarked_image_1440_1.png,0,0.0,0.3403,"['X', 'X', 'X', 'X', 'X', 'X', 'X', 'X', 'X', 'X', 'X', 'X', 'X', 'X', 'X', 'X']"
2026-05-20T20:26:01.460594,1440p,Geometric,translation,x2_y2,TRANS_x2_y2_watermarked_image_1440_1.png,N:\Desktop\WORKING PAPERS\MVDW-NIKOS-PAPER\Version_22\attacked\1440p\watermarked_image_1440_1\Geometric\TRANS_x2_y2_watermarked_image_1440_1.png,0,81.25,0.0278,"['X', 2, 2, 'X', 6, 4, 3, 'X', 0, 0, 4, 5, 1, 2, 6, 3]"
2026-05-20T20:26:04.112300,1440p,Geometric,translation,x4_y4,TRANS_x4_y4_watermarked_image_1440_1.png,N:\Desktop\WORKING PAPERS\MVDW-NIKOS-PAPER\Version_22\attacked\1440p\watermarked_image_1440_1\Geometric\TRANS_x4_y4_watermarked_image_1440_1.png,0,43.75,0.0955,"['X', 2, 'X', 'X', 6, 'X', 3, 'X', 'X', 'X', 'X', 'X', 1, 2, 6, 3]"
2026-05-20T20:26:06.702965,1440p,Resize,resize,110,RESIZE_110_watermarked_image_1440_1.png,N:\Desktop\WORKING PAPERS\MVDW-NIKOS-PAPER\Version_22\attacked\1440p\watermarked_image_1440_1\Resize\RESIZE_110_watermarked_image_1440_1.png,0,100.0,0.0,"[0, 2, 2, 5, 6, 4, 3, 2, 0, 0, 4, 5, 1, 2, 6, 3]"
2026-05-20T20:26:09.323404,1440p,Resize,resize,90,RESIZE_90_watermarked_image_1440_1.png,N:\Desktop\WORKING PAPERS\MVDW-NIKOS-PAPER\Version_22\attacked\1440p\watermarked_image_1440_1\Resize\RESIZE_90_watermarked_image_1440_1.png,0,81.25,0.0104,"[0, 2, 2, 5, 6, 4, 3, 'X', 'X', 0, 4, 5, 1, 2, 'X', 3]"
2026-05-20T20:26:11.815995,1440p,Crops,crop,BothHorizontal_25,Croped_BothHorizontal_25_watermarked_image_1440_2.png,N:\Desktop\WORKING PAPERS\MVDW-NIKOS-PAPER\Version_22\attacked\1440p\watermarked_image_1440_2\Crops\Croped_BothHorizontal_25_watermarked_image_1440_2.png,0,62.5,0.1337,"['X', 'X', 'X', 'X', 6, 4, 3, 2, 0, 0, 4, 5, 'X', 2, 6, 'X']"
2026-05-20T20:26:14.263637,1440p,Crops,crop,BothHorizontal_50,Croped_BothHorizontal_50_watermarked_image_1440_2.png,N:\Desktop\WORKING PAPERS\MVDW-NIKOS-PAPER\Version_22\attacked\1440p\watermarked_image_1440_2\Crops\Croped_BothHorizontal_50_watermarked_image_1440_2.png,0,50.0,0.1927,"['X', 'X', 'X', 'X', 6, 4, 3, 2, 0, 0, 4, 5, 'X', 'X', 'X', 'X']"
2026-05-20T20:26:16.593560,1440p,Crops,crop,BothHorizontal_75,Croped_BothHorizontal_75_watermarked_image_1440_2.png,N:\Desktop\WORKING PAPERS\MVDW-NIKOS-PAPER\Version_22\attacked\1440p\watermarked_image_1440_2\Crops\Croped_BothHorizontal_75_watermarked_image_1440_2.png,0,25.0,0.2604,"['X', 'X', 'X', 'X', 'X', 'X', 3, 'X', 0, 0, 4, 'X', 'X', 'X', 'X', 'X']"
2026-05-20T20:26:19.069991,1440p,Crops,crop,BothVertical_25,Croped_BothVertical_25_watermarked_image_1440_2.png,N:\Desktop\WORKING PAPERS\MVDW-NIKOS-PAPER\Version_22\attacked\1440p\watermarked_image_1440_2\Crops\Croped_BothVertical_25_watermarked_image_1440_2.png,0,62.5,0.1354,"['X', 2, 2, 'X', 'X', 4, 3, 'X', 0, 0, 4, 'X', 'X', 2, 6, 3]"
2026-05-20T20:26:21.557011,1440p,Crops,crop,BothVertical_50,Croped_BothVertical_50_watermarked_image_1440_2.png,N:\Desktop\WORKING PAPERS\MVDW-NIKOS-PAPER\Version_22\attacked\1440p\watermarked_image_1440_2\Crops\Croped_BothVertical_50_watermarked_image_1440_2.png,0,50.0,0.1875,"['X', 2, 2, 'X', 'X', 4, 3, 'X', 'X', 0, 4, 'X', 'X', 2, 6, 'X']"
2026-05-20T20:26:23.909953,1440p,Crops,crop,BothVertical_75,Croped_BothVertical_75_watermarked_image_1440_2.png,N:\Desktop\WORKING PAPERS\MVDW-NIKOS-PAPER\Version_22\attacked\1440p\watermarked_image_1440_2\Crops\Croped_BothVertical_75_watermarked_image_1440_2.png,0,25.0,0.2726,"['X', 'X', 'X', 'X', 'X', 'X', 3, 'X', 'X', 0, 'X', 'X', 'X', 2, 6, 'X']"
2026-05-20T20:26:26.402059,1440p,Crops,crop,Bottom_25,Croped_Bottom_25_watermarked_image_1440_2.png,N:\Desktop\WORKING PAPERS\MVDW-NIKOS-PAPER\Version_22\attacked\1440p\watermarked_image_1440_2\Crops\Croped_Bottom_25_watermarked_image_1440_2.png,0,75.0,0.0955,"[0, 2, 2, 5, 6, 4, 3, 2, 0, 0, 4, 5, 'X', 'X', 'X', 'X']"
2026-05-20T20:26:28.799005,1440p,Crops,crop,Bottom_50,Croped_Bottom_50_watermarked_image_1440_2.png,N:\Desktop\WORKING PAPERS\MVDW-NIKOS-PAPER\Version_22\attacked\1440p\watermarked_image_1440_2\Crops\Croped_Bottom_50_watermarked_image_1440_2.png,0,50.0,0.1892,"[0, 2, 2, 5, 6, 4, 3, 2, 'X', 'X', 'X', 'X', 'X', 'X', 'X', 'X']"
2026-05-20T20:26:31.107223,1440p,Crops,crop,Bottom_75,Croped_Bottom_75_watermarked_image_1440_2.png,N:\Desktop\WORKING PAPERS\MVDW-NIKOS-PAPER\Version_22\attacked\1440p\watermarked_image_1440_2\Crops\Croped_Bottom_75_watermarked_image_1440_2.png,0,25.0,0.2708,"[0, 2, 2, 5, 'X', 'X', 'X', 'X', 'X', 'X', 'X', 'X', 'X', 'X', 'X', 'X']"
2026-05-20T20:26:33.665367,1440p,Crops,crop,Left_25,Croped_Left_25_watermarked_image_1440_2.png,N:\Desktop\WORKING PAPERS\MVDW-NIKOS-PAPER\Version_22\attacked\1440p\watermarked_image_1440_2\Crops\Croped_Left_25_watermarked_image_1440_2.png,0,75.0,0.0903,"['X', 2, 2, 5, 'X', 4, 3, 2, 'X', 0, 4, 5, 'X', 2, 6, 3]"
2026-05-20T20:26:36.088888,1440p,Crops,crop,Left_50,Croped_Left_50_watermarked_image_1440_2.png,N:\Desktop\WORKING PAPERS\MVDW-NIKOS-PAPER\Version_22\attacked\1440p\watermarked_image_1440_2\Crops\Croped_Left_50_watermarked_image_1440_2.png,0,50.0,0.184,"['X', 'X', 2, 5, 'X', 'X', 3, 2, 'X', 'X', 4, 5, 'X', 'X', 6, 3]"
2026-05-20T20:26:38.411034,1440p,Crops,crop,Left_75,Croped_Left_75_watermarked_image_1440_2.png,N:\Desktop\WORKING PAPERS\MVDW-NIKOS-PAPER\Version_22\attacked\1440p\watermarked_image_1440_2\Crops\Croped_Left_75_watermarked_image_1440_2.png,0,25.0,0.2708,"['X', 'X', 'X', 5, 'X', 'X', 'X', 2, 'X', 'X', 'X', 5, 'X', 'X', 'X', 3]"
2026-05-20T20:26:40.949063,1440p,Crops,crop,Right_25,Croped_Right_25_watermarked_image_1440_2.png,N:\Desktop\WORKING PAPERS\MVDW-NIKOS-PAPER\Version_22\attacked\1440p\watermarked_image_1440_2\Crops\Croped_Right_25_watermarked_image_1440_2.png,0,75.0,0.1024,"[0, 2, 2, 'X', 6, 4, 3, 'X', 0, 0, 4, 'X', 1, 2, 6, 'X']"
2026-05-20T20:26:43.339506,1440p,Crops,crop,Right_50,Croped_Right_50_watermarked_image_1440_2.png,N:\Desktop\WORKING PAPERS\MVDW-NIKOS-PAPER\Version_22\attacked\1440p\watermarked_image_1440_2\Crops\Croped_Right_50_watermarked_image_1440_2.png,0,50.0,0.1892,"[0, 2, 'X', 'X', 6, 4, 'X', 'X', 0, 0, 'X', 'X', 1, 2, 'X', 'X']"
2026-05-20T20:26:45.632090,1440p,Crops,crop,Right_75,Croped_Right_75_watermarked_image_1440_2.png,N:\Desktop\WORKING PAPERS\MVDW-NIKOS-PAPER\Version_22\attacked\1440p\watermarked_image_1440_2\Crops\Croped_Right_75_watermarked_image_1440_2.png,0,25.0,0.283,"[0, 'X', 'X', 'X', 6, 'X', 'X', 'X', 0, 'X', 'X', 'X', 1, 'X', 'X', 'X']"
2026-05-20T20:26:48.176130,1440p,Crops,crop,Top_25,Croped_Top_25_watermarked_image_1440_2.png,N:\Desktop\WORKING PAPERS\MVDW-NIKOS-PAPER\Version_22\attacked\1440p\watermarked_image_1440_2\Crops\Croped_Top_25_watermarked_image_1440_2.png,0,75.0,0.1024,"['X', 'X', 'X', 'X', 6, 4, 3, 2, 0, 0, 4, 5, 1, 2, 6, 3]"
2026-05-20T20:26:50.618293,1440p,Crops,crop,Top_50,Croped_Top_50_watermarked_image_1440_2.png,N:\Desktop\WORKING PAPERS\MVDW-NIKOS-PAPER\Version_22\attacked\1440p\watermarked_image_1440_2\Crops\Croped_Top_50_watermarked_image_1440_2.png,0,50.0,0.184,"['X', 'X', 'X', 'X', 'X', 'X', 'X', 'X', 0, 0, 4, 5, 1, 2, 6, 3]"
2026-05-20T20:26:52.954205,1440p,Crops,crop,Top_75,Croped_Top_75_watermarked_image_1440_2.png,N:\Desktop\WORKING PAPERS\MVDW-NIKOS-PAPER\Version_22\attacked\1440p\watermarked_image_1440_2\Crops\Croped_Top_75_watermarked_image_1440_2.png,0,25.0,0.2778,"['X', 'X', 'X', 'X', 'X', 'X', 'X', 'X', 'X', 'X', 'X', 'X', 1, 2, 6, 3]"
2026-05-20T20:26:55.511703,1440p,Filters,jpeg,70,Compressed_q70_watermarked_image_1440_2.jpg,N:\Desktop\WORKING PAPERS\MVDW-NIKOS-PAPER\Version_22\attacked\1440p\watermarked_image_1440_2\Filters\Compressed_q70_watermarked_image_1440_2.jpg,0,6.25,0.4045,"['X', 'X', 'X', 'X', 6, 'X', 'X', 'X', 'X', 'X', 'X', 'X', 'X', 'X', 'X', 'X']"
2026-05-20T20:26:58.084046,1440p,Filters,jpeg,80,Compressed_q80_watermarked_image_1440_2.jpg,N:\Desktop\WORKING PAPERS\MVDW-NIKOS-PAPER\Version_22\attacked\1440p\watermarked_image_1440_2\Filters\Compressed_q80_watermarked_image_1440_2.jpg,0,6.25,0.2066,"['X', 'X', 'X', 'X', 'X', 'X', 'X', 'X', 'X', 'X', 'X', 5, 'X', 'X', 'X', 'X']"
2026-05-20T20:27:00.639114,1440p,Filters,jpeg,90,Compressed_q90_watermarked_image_1440_2.jpg,N:\Desktop\WORKING PAPERS\MVDW-NIKOS-PAPER\Version_22\attacked\1440p\watermarked_image_1440_2\Filters\Compressed_q90_watermarked_image_1440_2.jpg,0,37.5,0.1215,"['X', 2, 'X', 'X', 6, 'X', 'X', 2, 0, 0, 'X', 5, 'X', 'X', 'X', 'X']"
2026-05-20T20:27:03.241894,1440p,Filters,gaussian_blur,3,GB_k3_watermarked_image_1440_2.png,N:\Desktop\WORKING PAPERS\MVDW-NIKOS-PAPER\Version_22\attacked\1440p\watermarked_image_1440_2\Filters\GB_k3_watermarked_image_1440_2.png,0,18.75,0.401,"['X', 2, 'X', 'X', 'X', 'X', 'X', 'X', 'X', 'X', 'X', 5, 'X', 'X', 6, 'X']"
2026-05-20T20:27:05.843035,1440p,Filters,gaussian_blur,5,GB_k5_watermarked_image_1440_2.png,N:\Desktop\WORKING PAPERS\MVDW-NIKOS-PAPER\Version_22\attacked\1440p\watermarked_image_1440_2\Filters\GB_k5_watermarked_image_1440_2.png,0,18.75,0.3698,"['X', 2, 2, 'X', 'X', 'X', 'X', 'X', 'X', 'X', 'X', 5, 'X', 'X', 'X', 'X']"
2026-05-20T20:27:08.422841,1440p,Filters,gaussian_blur,7,GB_k7_watermarked_image_1440_2.png,N:\Desktop\WORKING PAPERS\MVDW-NIKOS-PAPER\Version_22\attacked\1440p\watermarked_image_1440_2\Filters\GB_k7_watermarked_image_1440_2.png,0,18.75,0.3559,"['X', 2, 'X', 'X', 'X', 'X', 'X', 'X', 'X', 'X', 'X', 5, 'X', 'X', 6, 'X']"
2026-05-20T20:27:10.994343,1440p,Filters,gaussian_noise,0.05,GN_lvl0.05_watermarked_image_1440_2.png,N:\Desktop\WORKING PAPERS\MVDW-NIKOS-PAPER\Version_22\attacked\1440p\watermarked_image_1440_2\Filters\GN_lvl0.05_watermarked_image_1440_2.png,0,100.0,0.0052,"[0, 2, 2, 5, 6, 4, 3, 2, 0, 0, 4, 5, 1, 2, 6, 3]"
2026-05-20T20:27:13.589109,1440p,Filters,gaussian_noise,0.1,GN_lvl0.1_watermarked_image_1440_2.png,N:\Desktop\WORKING PAPERS\MVDW-NIKOS-PAPER\Version_22\attacked\1440p\watermarked_image_1440_2\Filters\GN_lvl0.1_watermarked_image_1440_2.png,0,100.0,0.0052,"[0, 2, 2, 5, 6, 4, 3, 2, 0, 0, 4, 5, 1, 2, 6, 3]"
2026-05-20T20:27:16.217900,1440p,Filters,gaussian_noise,0.2,GN_lvl0.2_watermarked_image_1440_2.png,N:\Desktop\WORKING PAPERS\MVDW-NIKOS-PAPER\Version_22\attacked\1440p\watermarked_image_1440_2\Filters\GN_lvl0.2_watermarked_image_1440_2.png,0,100.0,0.0052,"[0, 2, 2, 5, 6, 4, 3, 2, 0, 0, 4, 5, 1, 2, 6, 3]"
2026-05-20T20:27:18.568191,1440p,Filters,gamma,,Gamma_watermarked_image_1440_2.png,N:\Desktop\WORKING PAPERS\MVDW-NIKOS-PAPER\Version_22\attacked\1440p\watermarked_image_1440_2\Filters\Gamma_watermarked_image_1440_2.png,0,31.25,0.2274,"[0, 2, 'X', 5, 'X', 4, 'X', 'X', 'X', 'X', 'X', 'X', 1, 'X', 'X', 'X']"
2026-05-20T20:27:21.159188,1440p,Filters,histogram_equalization,,HEQ_watermarked_image_1440_2.png,N:\Desktop\WORKING PAPERS\MVDW-NIKOS-PAPER\Version_22\attacked\1440p\watermarked_image_1440_2\Filters\HEQ_watermarked_image_1440_2.png,0,87.5,0.0469,"['X', 2, 2, 'X', 6, 4, 3, 2, 0, 0, 4, 5, 1, 2, 6, 3]"
2026-05-20T20:27:23.719748,1440p,Filters,motion_blur,3,MB_k3_watermarked_image_1440_2.png,N:\Desktop\WORKING PAPERS\MVDW-NIKOS-PAPER\Version_22\attacked\1440p\watermarked_image_1440_2\Filters\MB_k3_watermarked_image_1440_2.png,0,87.5,0.033,"['X', 2, 2, 'X', 6, 4, 3, 2, 0, 0, 4, 5, 1, 2, 6, 3]"
2026-05-20T20:27:26.306804,1440p,Filters,motion_blur,5,MB_k5_watermarked_image_1440_2.png,N:\Desktop\WORKING PAPERS\MVDW-NIKOS-PAPER\Version_22\attacked\1440p\watermarked_image_1440_2\Filters\MB_k5_watermarked_image_1440_2.png,0,75.0,0.0521,"['X', 2, 'X', 'X', 6, 4, 3, 2, 'X', 0, 4, 5, 1, 2, 6, 3]"
2026-05-20T20:27:28.882025,1440p,Filters,motion_blur,7,MB_k7_watermarked_image_1440_2.png,N:\Desktop\WORKING PAPERS\MVDW-NIKOS-PAPER\Version_22\attacked\1440p\watermarked_image_1440_2\Filters\MB_k7_watermarked_image_1440_2.png,0,75.0,0.0208,"[0, 2, 'X', 5, 'X', 4, 3, 2, 0, 0, 'X', 5, 1, 2, 'X', 3]"
2026-05-20T20:27:31.457263,1440p,Filters,mean_filter,3,MEAN_k3_watermarked_image_1440_2.png,N:\Desktop\WORKING PAPERS\MVDW-NIKOS-PAPER\Version_22\attacked\1440p\watermarked_image_1440_2\Filters\MEAN_k3_watermarked_image_1440_2.png,0,68.75,0.0642,"['X', 2, 'X', 'X', 6, 4, 3, 2, 0, 0, 'X', 5, 1, 'X', 6, 3]"
2026-05-20T20:27:34.106146,1440p,Filters,mean_filter,5,MEAN_k5_watermarked_image_1440_2.png,N:\Desktop\WORKING PAPERS\MVDW-NIKOS-PAPER\Version_22\attacked\1440p\watermarked_image_1440_2\Filters\MEAN_k5_watermarked_image_1440_2.png,0,50.0,0.1215,"['X', 2, 'X', 5, 'X', 'X', 'X', 2, 'X', 0, 4, 5, 'X', 'X', 6, 3]"
2026-05-20T20:27:36.696668,1440p,Filters,median_filter,3,MF_k3_watermarked_image_1440_2.png,N:\Desktop\WORKING PAPERS\MVDW-NIKOS-PAPER\Version_22\attacked\1440p\watermarked_image_1440_2\Filters\MF_k3_watermarked_image_1440_2.png,0,75.0,0.0451,"[0, 'X', 'X', 5, 6, 4, 3, 2, 0, 0, 4, 5, 1, 'X', 'X', 3]"
2026-05-20T20:27:39.282489,1440p,Filters,median_filter,5,MF_k5_watermarked_image_1440_2.png,N:\Desktop\WORKING PAPERS\MVDW-NIKOS-PAPER\Version_22\attacked\1440p\watermarked_image_1440_2\Filters\MF_k5_watermarked_image_1440_2.png,0,68.75,0.0938,"[0, 2, 2, 5, 'X', 'X', 3, 2, 'X', 0, 4, 5, 'X', 'X', 6, 3]"
2026-05-20T20:27:41.871703,1440p,Filters,median_filter,7,MF_k7_watermarked_image_1440_2.png,N:\Desktop\WORKING PAPERS\MVDW-NIKOS-PAPER\Version_22\attacked\1440p\watermarked_image_1440_2\Filters\MF_k7_watermarked_image_1440_2.png,0,31.25,0.1701,"[0, 'X', 'X', 5, 'X', 'X', 'X', 'X', 'X', 'X', 4, 5, 'X', 'X', 6, 'X']"
2026-05-20T20:27:44.507701,1440p,Filters,sharpening,,SHARP_watermarked_image_1440_2.png,N:\Desktop\WORKING PAPERS\MVDW-NIKOS-PAPER\Version_22\attacked\1440p\watermarked_image_1440_2\Filters\SHARP_watermarked_image_1440_2.png,0,100.0,0.0,"[0, 2, 2, 5, 6, 4, 3, 2, 0, 0, 4, 5, 1, 2, 6, 3]"
2026-05-20T20:27:47.110018,1440p,Filters,salt_pepper,0.05,SaP_p0.05_watermarked_image_1440_2.png,N:\Desktop\WORKING PAPERS\MVDW-NIKOS-PAPER\Version_22\attacked\1440p\watermarked_image_1440_2\Filters\SaP_p0.05_watermarked_image_1440_2.png,0,0.0,0.3733,"['X', 'X', 'X', 'X', 'X', 'X', 'X', 'X', 'X', 'X', 'X', 'X', 'X', 'X', 'X', 'X']"
2026-05-20T20:27:49.751739,1440p,Filters,salt_pepper,0.1,SaP_p0.1_watermarked_image_1440_2.png,N:\Desktop\WORKING PAPERS\MVDW-NIKOS-PAPER\Version_22\attacked\1440p\watermarked_image_1440_2\Filters\SaP_p0.1_watermarked_image_1440_2.png,0,6.25,0.3646,"['X', 'X', 'X', 'X', 'X', 'X', 'X', 'X', 'X', 'X', 'X', 'X', 'X', 'X', 6, 'X']"
2026-05-20T20:27:52.361053,1440p,Filters,salt_pepper,0.2,SaP_p0.2_watermarked_image_1440_2.png,N:\Desktop\WORKING PAPERS\MVDW-NIKOS-PAPER\Version_22\attacked\1440p\watermarked_image_1440_2\Filters\SaP_p0.2_watermarked_image_1440_2.png,0,0.0,0.3611,"['X', 'X', 'X', 'X', 'X', 'X', 'X', 'X', 'X', 'X', 'X', 'X', 'X', 'X', 'X', 'X']"
2026-05-20T20:27:54.989484,1440p,Geometric,horizontal_flip,,HFLIP_watermarked_image_1440_2.png,N:\Desktop\WORKING PAPERS\MVDW-NIKOS-PAPER\Version_22\attacked\1440p\watermarked_image_1440_2\Geometric\HFLIP_watermarked_image_1440_2.png,0,12.5,0.3767,"[0, 'X', 'X', 5, 'X', 'X', 'X', 'X', 'X', 'X', 'X', 'X', 'X', 'X', 'X', 'X']"
2026-05-20T20:27:57.654232,1440p,Geometric,rotation,-10,ROT_-10_watermarked_image_1440_2.png,N:\Desktop\WORKING PAPERS\MVDW-NIKOS-PAPER\Version_22\attacked\1440p\watermarked_image_1440_2\Geometric\ROT_-10_watermarked_image_1440_2.png,0,6.25,0.4115,"['X', 'X', 'X', 'X', 6, 'X', 'X', 'X', 'X', 'X', 'X', 'X', 'X', 'X', 'X', 'X']"
2026-05-20T20:28:00.288973,1440p,Geometric,rotation,10,ROT_10_watermarked_image_1440_2.png,N:\Desktop\WORKING PAPERS\MVDW-NIKOS-PAPER\Version_22\attacked\1440p\watermarked_image_1440_2\Geometric\ROT_10_watermarked_image_1440_2.png,0,12.5,0.3681,"['X', 'X', 'X', 5, 'X', 'X', 'X', 'X', 'X', 'X', 4, 'X', 'X', 'X', 'X', 'X']"
2026-05-20T20:28:02.910919,1440p,Geometric,rotation,5,ROT_5_watermarked_image_1440_2.png,N:\Desktop\WORKING PAPERS\MVDW-NIKOS-PAPER\Version_22\attacked\1440p\watermarked_image_1440_2\Geometric\ROT_5_watermarked_image_1440_2.png,0,18.75,0.3889,"['X', 2, 'X', 'X', 'X', 'X', 3, 'X', 'X', 'X', 4, 'X', 'X', 'X', 'X', 'X']"
2026-05-20T20:28:05.487115,1440p,Geometric,translation,x2_y2,TRANS_x2_y2_watermarked_image_1440_2.png,N:\Desktop\WORKING PAPERS\MVDW-NIKOS-PAPER\Version_22\attacked\1440p\watermarked_image_1440_2\Geometric\TRANS_x2_y2_watermarked_image_1440_2.png,0,81.25,0.0191,"[0, 2, 'X', 5, 'X', 4, 3, 2, 0, 0, 4, 5, 1, 'X', 6, 3]"
2026-05-20T20:28:08.113721,1440p,Geometric,translation,x4_y4,TRANS_x4_y4_watermarked_image_1440_2.png,N:\Desktop\WORKING PAPERS\MVDW-NIKOS-PAPER\Version_22\attacked\1440p\watermarked_image_1440_2\Geometric\TRANS_x4_y4_watermarked_image_1440_2.png,0,37.5,0.0747,"[0, 2, 'X', 5, 'X', 4, 3, 'X', 'X', 'X', 'X', 5, 'X', 'X', 'X', 'X']"
2026-05-20T20:28:10.718651,1440p,Resize,resize,110,RESIZE_110_watermarked_image_1440_2.png,N:\Desktop\WORKING PAPERS\MVDW-NIKOS-PAPER\Version_22\attacked\1440p\watermarked_image_1440_2\Resize\RESIZE_110_watermarked_image_1440_2.png,0,93.75,0.0017,"[0, 2, 2, 5, 'X', 4, 3, 2, 0, 0, 4, 5, 1, 2, 6, 3]"
2026-05-20T20:28:13.322431,1440p,Resize,resize,90,RESIZE_90_watermarked_image_1440_2.png,N:\Desktop\WORKING PAPERS\MVDW-NIKOS-PAPER\Version_22\attacked\1440p\watermarked_image_1440_2\Resize\RESIZE_90_watermarked_image_1440_2.png,0,81.25,0.026,"[0, 2, 'X', 5, 6, 4, 3, 2, 'X', 0, 'X', 5, 1, 2, 6, 3]"
2026-05-20T20:28:15.881451,1440p,Crops,crop,BothHorizontal_25,Croped_BothHorizontal_25_watermarked_image_1440_3.png,N:\Desktop\WORKING PAPERS\MVDW-NIKOS-PAPER\Version_22\attacked\1440p\watermarked_image_1440_3\Crops\Croped_BothHorizontal_25_watermarked_image_1440_3.png,0,68.75,0.1163,"['X', 'X', 2, 'X', 6, 4, 3, 2, 0, 0, 4, 5, 'X', 2, 6, 'X']"
2026-05-20T20:28:18.331713,1440p,Crops,crop,BothHorizontal_50,Croped_BothHorizontal_50_watermarked_image_1440_3.png,N:\Desktop\WORKING PAPERS\MVDW-NIKOS-PAPER\Version_22\attacked\1440p\watermarked_image_1440_3\Crops\Croped_BothHorizontal_50_watermarked_image_1440_3.png,0,50.0,0.1875,"['X', 'X', 'X', 'X', 6, 4, 3, 2, 0, 0, 4, 5, 'X', 'X', 'X', 'X']"
2026-05-20T20:28:20.672782,1440p,Crops,crop,BothHorizontal_75,Croped_BothHorizontal_75_watermarked_image_1440_3.png,N:\Desktop\WORKING PAPERS\MVDW-NIKOS-PAPER\Version_22\attacked\1440p\watermarked_image_1440_3\Crops\Croped_BothHorizontal_75_watermarked_image_1440_3.png,0,18.75,0.2986,"['X', 'X', 'X', 'X', 6, 'X', 'X', 'X', 'X', 0, 'X', 5, 'X', 'X', 'X', 'X']"
2026-05-20T20:28:23.286567,1440p,Crops,crop,BothVertical_25,Croped_BothVertical_25_watermarked_image_1440_3.png,N:\Desktop\WORKING PAPERS\MVDW-NIKOS-PAPER\Version_22\attacked\1440p\watermarked_image_1440_3\Crops\Croped_BothVertical_25_watermarked_image_1440_3.png,0,87.5,0.0503,"['X', 2, 2, 5, 6, 4, 3, 2, 'X', 0, 4, 5, 1, 2, 6, 3]"
2026-05-20T20:28:25.731939,1440p,Crops,crop,BothVertical_50,Croped_BothVertical_50_watermarked_image_1440_3.png,N:\Desktop\WORKING PAPERS\MVDW-NIKOS-PAPER\Version_22\attacked\1440p\watermarked_image_1440_3\Crops\Croped_BothVertical_50_watermarked_image_1440_3.png,0,50.0,0.1892,"['X', 2, 2, 'X', 'X', 4, 3, 'X', 'X', 0, 4, 'X', 'X', 2, 6, 'X']"
2026-05-20T20:28:28.087437,1440p,Crops,crop,BothVertical_75,Croped_BothVertical_75_watermarked_image_1440_3.png,N:\Desktop\WORKING PAPERS\MVDW-NIKOS-PAPER\Version_22\attacked\1440p\watermarked_image_1440_3\Crops\Croped_BothVertical_75_watermarked_image_1440_3.png,0,25.0,0.276,"['X', 2, 'X', 'X', 'X', 4, 3, 'X', 'X', 'X', 'X', 'X', 'X', 2, 'X', 'X']"
2026-05-20T20:28:30.627122,1440p,Crops,crop,Bottom_25,Croped_Bottom_25_watermarked_image_1440_3.png,N:\Desktop\WORKING PAPERS\MVDW-NIKOS-PAPER\Version_22\attacked\1440p\watermarked_image_1440_3\Crops\Croped_Bottom_25_watermarked_image_1440_3.png,0,75.0,0.092,"[0, 2, 2, 5, 6, 4, 3, 2, 0, 0, 4, 5, 'X', 'X', 'X', 'X']"
2026-05-20T20:28:33.069863,1440p,Crops,crop,Bottom_50,Croped_Bottom_50_watermarked_image_1440_3.png,N:\Desktop\WORKING PAPERS\MVDW-NIKOS-PAPER\Version_22\attacked\1440p\watermarked_image_1440_3\Crops\Croped_Bottom_50_watermarked_image_1440_3.png,0,50.0,0.1858,"[0, 2, 2, 5, 6, 4, 3, 2, 'X', 'X', 'X', 'X', 'X', 'X', 'X', 'X']"
2026-05-20T20:28:35.515013,1440p,Crops,crop,Bottom_75,Croped_Bottom_75_watermarked_image_1440_3.png,N:\Desktop\WORKING PAPERS\MVDW-NIKOS-PAPER\Version_22\attacked\1440p\watermarked_image_1440_3\Crops\Croped_Bottom_75_watermarked_image_1440_3.png,0,25.0,0.2726,"[0, 2, 2, 5, 'X', 'X', 'X', 'X', 'X', 'X', 'X', 'X', 'X', 'X', 'X', 'X']"
2026-05-20T20:28:38.090823,1440p,Crops,crop,Left_25,Croped_Left_25_watermarked_image_1440_3.png,N:\Desktop\WORKING PAPERS\MVDW-NIKOS-PAPER\Version_22\attacked\1440p\watermarked_image_1440_3\Crops\Croped_Left_25_watermarked_image_1440_3.png,0,75.0,0.092,"['X', 2, 2, 5, 'X', 4, 3, 2, 'X', 0, 4, 5, 'X', 2, 6, 3]"
2026-05-20T20:28:40.538422,1440p,Crops,crop,Left_50,Croped_Left_50_watermarked_image_1440_3.png,N:\Desktop\WORKING PAPERS\MVDW-NIKOS-PAPER\Version_22\attacked\1440p\watermarked_image_1440_3\Crops\Croped_Left_50_watermarked_image_1440_3.png,0,50.0,0.184,"['X', 'X', 2, 5, 'X', 'X', 3, 2, 'X', 'X', 4, 5, 'X', 'X', 6, 3]"
2026-05-20T20:28:42.883190,1440p,Crops,crop,Left_75,Croped_Left_75_watermarked_image_1440_3.png,N:\Desktop\WORKING PAPERS\MVDW-NIKOS-PAPER\Version_22\attacked\1440p\watermarked_image_1440_3\Crops\Croped_Left_75_watermarked_image_1440_3.png,0,25.0,0.2708,"['X', 'X', 'X', 5, 'X', 'X', 'X', 2, 'X', 'X', 'X', 5, 'X', 'X', 'X', 3]"
2026-05-20T20:28:45.426531,1440p,Crops,crop,Right_25,Croped_Right_25_watermarked_image_1440_3.png,N:\Desktop\WORKING PAPERS\MVDW-NIKOS-PAPER\Version_22\attacked\1440p\watermarked_image_1440_3\Crops\Croped_Right_25_watermarked_image_1440_3.png,0,75.0,0.099,"[0, 2, 2, 'X', 6, 4, 3, 'X', 0, 0, 4, 'X', 1, 2, 6, 'X']"
2026-05-20T20:28:47.847955,1440p,Crops,crop,Right_50,Croped_Right_50_watermarked_image_1440_3.png,N:\Desktop\WORKING PAPERS\MVDW-NIKOS-PAPER\Version_22\attacked\1440p\watermarked_image_1440_3\Crops\Croped_Right_50_watermarked_image_1440_3.png,0,50.0,0.1858,"[0, 2, 'X', 'X', 6, 4, 'X', 'X', 0, 0, 'X', 'X', 1, 2, 'X', 'X']"
2026-05-20T20:28:50.185674,1440p,Crops,crop,Right_75,Croped_Right_75_watermarked_image_1440_3.png,N:\Desktop\WORKING PAPERS\MVDW-NIKOS-PAPER\Version_22\attacked\1440p\watermarked_image_1440_3\Crops\Croped_Right_75_watermarked_image_1440_3.png,0,25.0,0.2778,"[0, 'X', 'X', 'X', 6, 'X', 'X', 'X', 0, 'X', 'X', 'X', 1, 'X', 'X', 'X']"
2026-05-20T20:28:52.721755,1440p,Crops,crop,Top_25,Croped_Top_25_watermarked_image_1440_3.png,N:\Desktop\WORKING PAPERS\MVDW-NIKOS-PAPER\Version_22\attacked\1440p\watermarked_image_1440_3\Crops\Croped_Top_25_watermarked_image_1440_3.png,0,75.0,0.0972,"['X', 'X', 'X', 'X', 6, 4, 3, 2, 0, 0, 4, 5, 1, 2, 6, 3]"
2026-05-20T20:28:55.154736,1440p,Crops,crop,Top_50,Croped_Top_50_watermarked_image_1440_3.png,N:\Desktop\WORKING PAPERS\MVDW-NIKOS-PAPER\Version_22\attacked\1440p\watermarked_image_1440_3\Crops\Croped_Top_50_watermarked_image_1440_3.png,0,50.0,0.184,"['X', 'X', 'X', 'X', 'X', 'X', 'X', 'X', 0, 0, 4, 5, 1, 2, 6, 3]"
2026-05-20T20:28:57.480791,1440p,Crops,crop,Top_75,Croped_Top_75_watermarked_image_1440_3.png,N:\Desktop\WORKING PAPERS\MVDW-NIKOS-PAPER\Version_22\attacked\1440p\watermarked_image_1440_3\Crops\Croped_Top_75_watermarked_image_1440_3.png,0,25.0,0.2778,"['X', 'X', 'X', 'X', 'X', 'X', 'X', 'X', 'X', 'X', 'X', 'X', 1, 2, 6, 3]"
2026-05-20T20:29:00.067270,1440p,Filters,jpeg,70,Compressed_q70_watermarked_image_1440_3.jpg,N:\Desktop\WORKING PAPERS\MVDW-NIKOS-PAPER\Version_22\attacked\1440p\watermarked_image_1440_3\Filters\Compressed_q70_watermarked_image_1440_3.jpg,0,6.25,0.342,"['X', 'X', 2, 'X', 'X', 'X', 'X', 'X', 'X', 'X', 'X', 'X', 'X', 'X', 'X', 'X']"
2026-05-20T20:29:02.687115,1440p,Filters,jpeg,80,Compressed_q80_watermarked_image_1440_3.jpg,N:\Desktop\WORKING PAPERS\MVDW-NIKOS-PAPER\Version_22\attacked\1440p\watermarked_image_1440_3\Filters\Compressed_q80_watermarked_image_1440_3.jpg,0,25.0,0.1979,"['X', 'X', 2, 'X', 6, 'X', 3, 'X', 'X', 'X', 4, 'X', 'X', 'X', 'X', 'X']"
2026-05-20T20:29:05.438740,1440p,Filters,jpeg,90,Compressed_q90_watermarked_image_1440_3.jpg,N:\Desktop\WORKING PAPERS\MVDW-NIKOS-PAPER\Version_22\attacked\1440p\watermarked_image_1440_3\Filters\Compressed_q90_watermarked_image_1440_3.jpg,0,75.0,0.0521,"['X', 'X', 2, 5, 'X', 4, 3, 2, 0, 0, 4, 'X', 1, 2, 6, 3]"
2026-05-20T20:29:08.090399,1440p,Filters,gaussian_blur,3,GB_k3_watermarked_image_1440_3.png,N:\Desktop\WORKING PAPERS\MVDW-NIKOS-PAPER\Version_22\attacked\1440p\watermarked_image_1440_3\Filters\GB_k3_watermarked_image_1440_3.png,0,6.25,0.3576,"['X', 'X', 'X', 'X', 'X', 4, 'X', 'X', 'X', 'X', 'X', 'X', 'X', 'X', 'X', 'X']"
2026-05-20T20:29:10.706126,1440p,Filters,gaussian_blur,5,GB_k5_watermarked_image_1440_3.png,N:\Desktop\WORKING PAPERS\MVDW-NIKOS-PAPER\Version_22\attacked\1440p\watermarked_image_1440_3\Filters\GB_k5_watermarked_image_1440_3.png,0,6.25,0.3646,"['X', 'X', 'X', 5, 'X', 'X', 'X', 'X', 'X', 'X', 'X', 'X', 'X', 'X', 'X', 'X']"
2026-05-20T20:29:13.358327,1440p,Filters,gaussian_blur,7,GB_k7_watermarked_image_1440_3.png,N:\Desktop\WORKING PAPERS\MVDW-NIKOS-PAPER\Version_22\attacked\1440p\watermarked_image_1440_3\Filters\GB_k7_watermarked_image_1440_3.png,0,0.0,0.3611,"['X', 'X', 'X', 'X', 'X', 'X', 'X', 'X', 'X', 'X', 'X', 'X', 'X', 'X', 'X', 'X']"
2026-05-20T20:29:15.971015,1440p,Filters,gaussian_noise,0.05,GN_lvl0.05_watermarked_image_1440_3.png,N:\Desktop\WORKING PAPERS\MVDW-NIKOS-PAPER\Version_22\attacked\1440p\watermarked_image_1440_3\Filters\GN_lvl0.05_watermarked_image_1440_3.png,0,100.0,0.0017,"[0, 2, 2, 5, 6, 4, 3, 2, 0, 0, 4, 5, 1, 2, 6, 3]"
2026-05-20T20:29:18.569056,1440p,Filters,gaussian_noise,0.1,GN_lvl0.1_watermarked_image_1440_3.png,N:\Desktop\WORKING PAPERS\MVDW-NIKOS-PAPER\Version_22\attacked\1440p\watermarked_image_1440_3\Filters\GN_lvl0.1_watermarked_image_1440_3.png,0,100.0,0.0017,"[0, 2, 2, 5, 6, 4, 3, 2, 0, 0, 4, 5, 1, 2, 6, 3]"
2026-05-20T20:29:21.186847,1440p,Filters,gaussian_noise,0.2,GN_lvl0.2_watermarked_image_1440_3.png,N:\Desktop\WORKING PAPERS\MVDW-NIKOS-PAPER\Version_22\attacked\1440p\watermarked_image_1440_3\Filters\GN_lvl0.2_watermarked_image_1440_3.png,0,100.0,0.0017,"[0, 2, 2, 5, 6, 4, 3, 2, 0, 0, 4, 5, 1, 2, 6, 3]"
2026-05-20T20:29:23.711269,1440p,Filters,gamma,,Gamma_watermarked_image_1440_3.png,N:\Desktop\WORKING PAPERS\MVDW-NIKOS-PAPER\Version_22\attacked\1440p\watermarked_image_1440_3\Filters\Gamma_watermarked_image_1440_3.png,0,62.5,0.1076,"[0, 'X', 2, 5, 'X', 4, 3, 2, 0, 0, 4, 5, 'X', 'X', 'X', 'X']"
2026-05-20T20:29:26.329614,1440p,Filters,histogram_equalization,,HEQ_watermarked_image_1440_3.png,N:\Desktop\WORKING PAPERS\MVDW-NIKOS-PAPER\Version_22\attacked\1440p\watermarked_image_1440_3\Filters\HEQ_watermarked_image_1440_3.png,0,93.75,0.026,"['X', 2, 2, 5, 6, 4, 3, 2, 0, 0, 4, 5, 1, 2, 6, 3]"
2026-05-20T20:29:28.967946,1440p,Filters,motion_blur,3,MB_k3_watermarked_image_1440_3.png,N:\Desktop\WORKING PAPERS\MVDW-NIKOS-PAPER\Version_22\attacked\1440p\watermarked_image_1440_3\Filters\MB_k3_watermarked_image_1440_3.png,0,87.5,0.0122,"['X', 'X', 2, 5, 6, 4, 3, 2, 0, 0, 4, 5, 1, 2, 6, 3]"
2026-05-20T20:29:31.563722,1440p,Filters,motion_blur,5,MB_k5_watermarked_image_1440_3.png,N:\Desktop\WORKING PAPERS\MVDW-NIKOS-PAPER\Version_22\attacked\1440p\watermarked_image_1440_3\Filters\MB_k5_watermarked_image_1440_3.png,0,87.5,0.0122,"['X', 'X', 2, 5, 6, 4, 3, 2, 0, 0, 4, 5, 1, 2, 6, 3]"
2026-05-20T20:29:34.226276,1440p,Filters,motion_blur,7,MB_k7_watermarked_image_1440_3.png,N:\Desktop\WORKING PAPERS\MVDW-NIKOS-PAPER\Version_22\attacked\1440p\watermarked_image_1440_3\Filters\MB_k7_watermarked_image_1440_3.png,0,75.0,0.0365,"[0, 'X', 2, 'X', 'X', 4, 3, 2, 0, 0, 'X', 5, 1, 2, 6, 3]"
2026-05-20T20:29:36.845028,1440p,Filters,mean_filter,3,MEAN_k3_watermarked_image_1440_3.png,N:\Desktop\WORKING PAPERS\MVDW-NIKOS-PAPER\Version_22\attacked\1440p\watermarked_image_1440_3\Filters\MEAN_k3_watermarked_image_1440_3.png,0,81.25,0.0365,"['X', 'X', 2, 5, 6, 4, 3, 2, 0, 0, 4, 'X', 1, 2, 6, 3]"
2026-05-20T20:29:39.445802,1440p,Filters,mean_filter,5,MEAN_k5_watermarked_image_1440_3.png,N:\Desktop\WORKING PAPERS\MVDW-NIKOS-PAPER\Version_22\attacked\1440p\watermarked_image_1440_3\Filters\MEAN_k5_watermarked_image_1440_3.png,0,43.75,0.099,"['X', 'X', 2, 5, 'X', 4, 3, 2, 'X', 'X', 4, 'X', 'X', 'X', 6, 'X']"
2026-05-20T20:29:42.070796,1440p,Filters,median_filter,3,MF_k3_watermarked_image_1440_3.png,N:\Desktop\WORKING PAPERS\MVDW-NIKOS-PAPER\Version_22\attacked\1440p\watermarked_image_1440_3\Filters\MF_k3_watermarked_image_1440_3.png,0,62.5,0.0399,"['X', 'X', 2, 'X', 'X', 4, 3, 2, 0, 'X', 4, 'X', 1, 2, 6, 3]"
2026-05-20T20:29:44.696867,1440p,Filters,median_filter,5,MF_k5_watermarked_image_1440_3.png,N:\Desktop\WORKING PAPERS\MVDW-NIKOS-PAPER\Version_22\attacked\1440p\watermarked_image_1440_3\Filters\MF_k5_watermarked_image_1440_3.png,0,50.0,0.0799,"[0, 'X', 2, 5, 'X', 4, 3, 'X', 'X', 'X', 'X', 'X', 1, 2, 6, 'X']"
2026-05-20T20:29:47.359840,1440p,Filters,median_filter,7,MF_k7_watermarked_image_1440_3.png,N:\Desktop\WORKING PAPERS\MVDW-NIKOS-PAPER\Version_22\attacked\1440p\watermarked_image_1440_3\Filters\MF_k7_watermarked_image_1440_3.png,0,6.25,0.2708,"['X', 'X', 'X', 'X', 'X', 'X', 3, 'X', 'X', 'X', 'X', 'X', 'X', 'X', 'X', 'X']"
2026-05-20T20:29:49.984032,1440p,Filters,sharpening,,SHARP_watermarked_image_1440_3.png,N:\Desktop\WORKING PAPERS\MVDW-NIKOS-PAPER\Version_22\attacked\1440p\watermarked_image_1440_3\Filters\SHARP_watermarked_image_1440_3.png,0,93.75,0.0052,"[0, 'X', 2, 5, 6, 4, 3, 2, 0, 0, 4, 5, 1, 2, 6, 3]"
2026-05-20T20:29:52.586775,1440p,Filters,salt_pepper,0.05,SaP_p0.05_watermarked_image_1440_3.png,N:\Desktop\WORKING PAPERS\MVDW-NIKOS-PAPER\Version_22\attacked\1440p\watermarked_image_1440_3\Filters\SaP_p0.05_watermarked_image_1440_3.png,0,6.25,0.3455,"['X', 'X', 'X', 'X', 6, 'X', 'X', 'X', 'X', 'X', 'X', 'X', 'X', 'X', 'X', 'X']"
2026-05-20T20:29:55.185103,1440p,Filters,salt_pepper,0.1,SaP_p0.1_watermarked_image_1440_3.png,N:\Desktop\WORKING PAPERS\MVDW-NIKOS-PAPER\Version_22\attacked\1440p\watermarked_image_1440_3\Filters\SaP_p0.1_watermarked_image_1440_3.png,0,12.5,0.3663,"['X', 'X', 'X', 'X', 'X', 'X', 3, 2, 'X', 'X', 'X', 'X', 'X', 'X', 'X', 'X']"
2026-05-20T20:29:57.774688,1440p,Filters,salt_pepper,0.2,SaP_p0.2_watermarked_image_1440_3.png,N:\Desktop\WORKING PAPERS\MVDW-NIKOS-PAPER\Version_22\attacked\1440p\watermarked_image_1440_3\Filters\SaP_p0.2_watermarked_image_1440_3.png,0,18.75,0.3403,"['X', 'X', 'X', 5, 6, 4, 'X', 'X', 'X', 'X', 'X', 'X', 'X', 'X', 'X', 'X']"
2026-05-20T20:30:00.382582,1440p,Geometric,horizontal_flip,,HFLIP_watermarked_image_1440_3.png,N:\Desktop\WORKING PAPERS\MVDW-NIKOS-PAPER\Version_22\attacked\1440p\watermarked_image_1440_3\Geometric\HFLIP_watermarked_image_1440_3.png,0,6.25,0.3611,"['X', 'X', 'X', 'X', 'X', 'X', 'X', 'X', 'X', 'X', 'X', 'X', 'X', 'X', 'X', 3]"
2026-05-20T20:30:03.092763,1440p,Geometric,rotation,-10,ROT_-10_watermarked_image_1440_3.png,N:\Desktop\WORKING PAPERS\MVDW-NIKOS-PAPER\Version_22\attacked\1440p\watermarked_image_1440_3\Geometric\ROT_-10_watermarked_image_1440_3.png,0,6.25,0.3611,"['X', 'X', 'X', 'X', 'X', 'X', 'X', 'X', 'X', 'X', 'X', 5, 'X', 'X', 'X', 'X']"
2026-05-20T20:30:05.721718,1440p,Geometric,rotation,10,ROT_10_watermarked_image_1440_3.png,N:\Desktop\WORKING PAPERS\MVDW-NIKOS-PAPER\Version_22\attacked\1440p\watermarked_image_1440_3\Geometric\ROT_10_watermarked_image_1440_3.png,0,0.0,0.349,"['X', 'X', 'X', 'X', 'X', 'X', 'X', 'X', 'X', 'X', 'X', 'X', 'X', 'X', 'X', 'X']"
2026-05-20T20:30:08.346015,1440p,Geometric,rotation,5,ROT_5_watermarked_image_1440_3.png,N:\Desktop\WORKING PAPERS\MVDW-NIKOS-PAPER\Version_22\attacked\1440p\watermarked_image_1440_3\Geometric\ROT_5_watermarked_image_1440_3.png,0,6.25,0.3646,"['X', 'X', 'X', 'X', 'X', 'X', 'X', 'X', 'X', 'X', 'X', 'X', 1, 'X', 'X', 'X']"
2026-05-20T20:30:10.952329,1440p,Geometric,translation,x2_y2,TRANS_x2_y2_watermarked_image_1440_3.png,N:\Desktop\WORKING PAPERS\MVDW-NIKOS-PAPER\Version_22\attacked\1440p\watermarked_image_1440_3\Geometric\TRANS_x2_y2_watermarked_image_1440_3.png,0,87.5,0.0139,"[0, 'X', 2, 5, 'X', 4, 3, 2, 0, 0, 4, 5, 1, 2, 6, 3]"
2026-05-20T20:30:13.569018,1440p,Geometric,translation,x4_y4,TRANS_x4_y4_watermarked_image_1440_3.png,N:\Desktop\WORKING PAPERS\MVDW-NIKOS-PAPER\Version_22\attacked\1440p\watermarked_image_1440_3\Geometric\TRANS_x4_y4_watermarked_image_1440_3.png,0,56.25,0.0608,"[0, 'X', 2, 'X', 'X', 4, 3, 2, 0, 0, 'X', 'X', 1, 'X', 6, 'X']"
2026-05-20T20:30:16.164999,1440p,Resize,resize,110,RESIZE_110_watermarked_image_1440_3.png,N:\Desktop\WORKING PAPERS\MVDW-NIKOS-PAPER\Version_22\attacked\1440p\watermarked_image_1440_3\Resize\RESIZE_110_watermarked_image_1440_3.png,0,93.75,0.0052,"[0, 'X', 2, 5, 6, 4, 3, 2, 0, 0, 4, 5, 1, 2, 6, 3]"
2026-05-20T20:30:18.811931,1440p,Resize,resize,90,RESIZE_90_watermarked_image_1440_3.png,N:\Desktop\WORKING PAPERS\MVDW-NIKOS-PAPER\Version_22\attacked\1440p\watermarked_image_1440_3\Resize\RESIZE_90_watermarked_image_1440_3.png,0,87.5,0.0156,"[0, 'X', 2, 5, 6, 4, 3, 2, 0, 0, 4, 'X', 1, 2, 6, 3]"
2026-05-20T20:30:21.316992,1440p,Crops,crop,BothHorizontal_25,Croped_BothHorizontal_25_watermarked_image_1440_4.png,N:\Desktop\WORKING PAPERS\MVDW-NIKOS-PAPER\Version_22\attacked\1440p\watermarked_image_1440_4\Crops\Croped_BothHorizontal_25_watermarked_image_1440_4.png,0,62.5,0.1319,"['X', 'X', 'X', 'X', 6, 4, 3, 2, 0, 0, 4, 5, 1, 'X', 6, 'X']"
2026-05-20T20:30:23.767798,1440p,Crops,crop,BothHorizontal_50,Croped_BothHorizontal_50_watermarked_image_1440_4.png,N:\Desktop\WORKING PAPERS\MVDW-NIKOS-PAPER\Version_22\attacked\1440p\watermarked_image_1440_4\Crops\Croped_BothHorizontal_50_watermarked_image_1440_4.png,0,50.0,0.1875,"['X', 'X', 'X', 'X', 6, 4, 3, 2, 0, 0, 4, 5, 'X', 'X', 'X', 'X']"
2026-05-20T20:30:26.165938,1440p,Crops,crop,BothHorizontal_75,Croped_BothHorizontal_75_watermarked_image_1440_4.png,N:\Desktop\WORKING PAPERS\MVDW-NIKOS-PAPER\Version_22\attacked\1440p\watermarked_image_1440_4\Crops\Croped_BothHorizontal_75_watermarked_image_1440_4.png,0,43.75,0.2118,"['X', 'X', 'X', 'X', 6, 4, 3, 2, 0, 0, 4, 'X', 'X', 'X', 'X', 'X']"
2026-05-20T20:30:28.722012,1440p,Crops,crop,BothVertical_25,Croped_BothVertical_25_watermarked_image_1440_4.png,N:\Desktop\WORKING PAPERS\MVDW-NIKOS-PAPER\Version_22\attacked\1440p\watermarked_image_1440_4\Crops\Croped_BothVertical_25_watermarked_image_1440_4.png,0,75.0,0.0972,"['X', 2, 2, 5, 6, 4, 3, 'X', 0, 0, 4, 'X', 1, 2, 6, 'X']"
2026-05-20T20:30:31.165195,1440p,Crops,crop,BothVertical_50,Croped_BothVertical_50_watermarked_image_1440_4.png,N:\Desktop\WORKING PAPERS\MVDW-NIKOS-PAPER\Version_22\attacked\1440p\watermarked_image_1440_4\Crops\Croped_BothVertical_50_watermarked_image_1440_4.png,0,50.0,0.1875,"['X', 2, 2, 'X', 'X', 4, 3, 'X', 'X', 0, 4, 'X', 'X', 2, 6, 'X']"
2026-05-20T20:30:33.564756,1440p,Crops,crop,BothVertical_75,Croped_BothVertical_75_watermarked_image_1440_4.png,N:\Desktop\WORKING PAPERS\MVDW-NIKOS-PAPER\Version_22\attacked\1440p\watermarked_image_1440_4\Crops\Croped_BothVertical_75_watermarked_image_1440_4.png,0,31.25,0.2535,"['X', 2, 'X', 'X', 'X', 4, 'X', 'X', 'X', 0, 4, 'X', 'X', 2, 'X', 'X']"
2026-05-20T20:30:36.089243,1440p,Crops,crop,Bottom_25,Croped_Bottom_25_watermarked_image_1440_4.png,N:\Desktop\WORKING PAPERS\MVDW-NIKOS-PAPER\Version_22\attacked\1440p\watermarked_image_1440_4\Crops\Croped_Bottom_25_watermarked_image_1440_4.png,0,75.0,0.0903,"[0, 2, 2, 5, 6, 4, 3, 2, 0, 0, 4, 5, 'X', 'X', 'X', 'X']"
2026-05-20T20:30:38.543147,1440p,Crops,crop,Bottom_50,Croped_Bottom_50_watermarked_image_1440_4.png,N:\Desktop\WORKING PAPERS\MVDW-NIKOS-PAPER\Version_22\attacked\1440p\watermarked_image_1440_4\Crops\Croped_Bottom_50_watermarked_image_1440_4.png,0,50.0,0.184,"[0, 2, 2, 5, 6, 4, 3, 2, 'X', 'X', 'X', 'X', 'X', 'X', 'X', 'X']"
2026-05-20T20:30:40.877730,1440p,Crops,crop,Bottom_75,Croped_Bottom_75_watermarked_image_1440_4.png,N:\Desktop\WORKING PAPERS\MVDW-NIKOS-PAPER\Version_22\attacked\1440p\watermarked_image_1440_4\Crops\Croped_Bottom_75_watermarked_image_1440_4.png,0,25.0,0.2708,"[0, 2, 2, 5, 'X', 'X', 'X', 'X', 'X', 'X', 'X', 'X', 'X', 'X', 'X', 'X']"
2026-05-20T20:30:43.427186,1440p,Crops,crop,Left_25,Croped_Left_25_watermarked_image_1440_4.png,N:\Desktop\WORKING PAPERS\MVDW-NIKOS-PAPER\Version_22\attacked\1440p\watermarked_image_1440_4\Crops\Croped_Left_25_watermarked_image_1440_4.png,0,75.0,0.0903,"['X', 2, 2, 5, 'X', 4, 3, 2, 'X', 0, 4, 5, 'X', 2, 6, 3]"
2026-05-20T20:30:45.878135,1440p,Crops,crop,Left_50,Croped_Left_50_watermarked_image_1440_4.png,N:\Desktop\WORKING PAPERS\MVDW-NIKOS-PAPER\Version_22\attacked\1440p\watermarked_image_1440_4\Crops\Croped_Left_50_watermarked_image_1440_4.png,0,50.0,0.184,"['X', 'X', 2, 5, 'X', 'X', 3, 2, 'X', 'X', 4, 5, 'X', 'X', 6, 3]"
2026-05-20T20:30:48.239995,1440p,Crops,crop,Left_75,Croped_Left_75_watermarked_image_1440_4.png,N:\Desktop\WORKING PAPERS\MVDW-NIKOS-PAPER\Version_22\attacked\1440p\watermarked_image_1440_4\Crops\Croped_Left_75_watermarked_image_1440_4.png,0,25.0,0.2708,"['X', 'X', 'X', 5, 'X', 'X', 'X', 2, 'X', 'X', 'X', 5, 'X', 'X', 'X', 3]"
2026-05-20T20:30:50.778728,1440p,Crops,crop,Right_25,Croped_Right_25_watermarked_image_1440_4.png,N:\Desktop\WORKING PAPERS\MVDW-NIKOS-PAPER\Version_22\attacked\1440p\watermarked_image_1440_4\Crops\Croped_Right_25_watermarked_image_1440_4.png,0,75.0,0.0972,"[0, 2, 2, 'X', 6, 4, 3, 'X', 0, 0, 4, 'X', 1, 2, 6, 'X']"
2026-05-20T20:30:53.236380,1440p,Crops,crop,Right_50,Croped_Right_50_watermarked_image_1440_4.png,N:\Desktop\WORKING PAPERS\MVDW-NIKOS-PAPER\Version_22\attacked\1440p\watermarked_image_1440_4\Crops\Croped_Right_50_watermarked_image_1440_4.png,0,50.0,0.184,"[0, 2, 'X', 'X', 6, 4, 'X', 'X', 0, 0, 'X', 'X', 1, 2, 'X', 'X']"
2026-05-20T20:30:55.596557,1440p,Crops,crop,Right_75,Croped_Right_75_watermarked_image_1440_4.png,N:\Desktop\WORKING PAPERS\MVDW-NIKOS-PAPER\Version_22\attacked\1440p\watermarked_image_1440_4\Crops\Croped_Right_75_watermarked_image_1440_4.png,0,25.0,0.2778,"[0, 'X', 'X', 'X', 6, 'X', 'X', 'X', 0, 'X', 'X', 'X', 1, 'X', 'X', 'X']"
2026-05-20T20:30:58.153991,1440p,Crops,crop,Top_25,Croped_Top_25_watermarked_image_1440_4.png,N:\Desktop\WORKING PAPERS\MVDW-NIKOS-PAPER\Version_22\attacked\1440p\watermarked_image_1440_4\Crops\Croped_Top_25_watermarked_image_1440_4.png,0,75.0,0.0972,"['X', 'X', 'X', 'X', 6, 4, 3, 2, 0, 0, 4, 5, 1, 2, 6, 3]"
2026-05-20T20:31:00.611834,1440p,Crops,crop,Top_50,Croped_Top_50_watermarked_image_1440_4.png,N:\Desktop\WORKING PAPERS\MVDW-NIKOS-PAPER\Version_22\attacked\1440p\watermarked_image_1440_4\Crops\Croped_Top_50_watermarked_image_1440_4.png,0,50.0,0.184,"['X', 'X', 'X', 'X', 'X', 'X', 'X', 'X', 0, 0, 4, 5, 1, 2, 6, 3]"
2026-05-20T20:31:02.959136,1440p,Crops,crop,Top_75,Croped_Top_75_watermarked_image_1440_4.png,N:\Desktop\WORKING PAPERS\MVDW-NIKOS-PAPER\Version_22\attacked\1440p\watermarked_image_1440_4\Crops\Croped_Top_75_watermarked_image_1440_4.png,0,25.0,0.2778,"['X', 'X', 'X', 'X', 'X', 'X', 'X', 'X', 'X', 'X', 'X', 'X', 1, 2, 6, 3]"
2026-05-20T20:31:05.580734,1440p,Filters,jpeg,70,Compressed_q70_watermarked_image_1440_4.jpg,N:\Desktop\WORKING PAPERS\MVDW-NIKOS-PAPER\Version_22\attacked\1440p\watermarked_image_1440_4\Filters\Compressed_q70_watermarked_image_1440_4.jpg,0,6.25,0.3646,"['X', 'X', 'X', 'X', 'X', 'X', 'X', 'X', 'X', 'X', 'X', 5, 'X', 'X', 'X', 'X']"
2026-05-20T20:31:08.205935,1440p,Filters,jpeg,80,Compressed_q80_watermarked_image_1440_4.jpg,N:\Desktop\WORKING PAPERS\MVDW-NIKOS-PAPER\Version_22\attacked\1440p\watermarked_image_1440_4\Filters\Compressed_q80_watermarked_image_1440_4.jpg,0,37.5,0.1389,"['X', 'X', 2, 'X', 6, 'X', 'X', 2, 'X', 0, 4, 'X', 'X', 2, 'X', 'X']"
2026-05-20T20:31:10.827284,1440p,Filters,jpeg,90,Compressed_q90_watermarked_image_1440_4.jpg,N:\Desktop\WORKING PAPERS\MVDW-NIKOS-PAPER\Version_22\attacked\1440p\watermarked_image_1440_4\Filters\Compressed_q90_watermarked_image_1440_4.jpg,0,62.5,0.0556,"[0, 'X', 2, 'X', 6, 4, 'X', 2, 0, 0, 4, 5, 'X', 2, 'X', 'X']"
2026-05-20T20:31:13.492369,1440p,Filters,gaussian_blur,3,GB_k3_watermarked_image_1440_4.png,N:\Desktop\WORKING PAPERS\MVDW-NIKOS-PAPER\Version_22\attacked\1440p\watermarked_image_1440_4\Filters\GB_k3_watermarked_image_1440_4.png,0,0.0,0.3646,"['X', 'X', 'X', 'X', 'X', 'X', 'X', 'X', 'X', 'X', 'X', 'X', 'X', 'X', 'X', 'X']"
2026-05-20T20:31:16.160791,1440p,Filters,gaussian_blur,5,GB_k5_watermarked_image_1440_4.png,N:\Desktop\WORKING PAPERS\MVDW-NIKOS-PAPER\Version_22\attacked\1440p\watermarked_image_1440_4\Filters\GB_k5_watermarked_image_1440_4.png,0,6.25,0.3767,"['X', 'X', 'X', 'X', 'X', 4, 'X', 'X', 'X', 'X', 'X', 'X', 'X', 'X', 'X', 'X']"
2026-05-20T20:31:18.790778,1440p,Filters,gaussian_blur,7,GB_k7_watermarked_image_1440_4.png,N:\Desktop\WORKING PAPERS\MVDW-NIKOS-PAPER\Version_22\attacked\1440p\watermarked_image_1440_4\Filters\GB_k7_watermarked_image_1440_4.png,0,0.0,0.3854,"['X', 'X', 'X', 'X', 'X', 'X', 'X', 'X', 'X', 'X', 'X', 'X', 'X', 'X', 'X', 'X']"
2026-05-20T20:31:21.400503,1440p,Filters,gaussian_noise,0.05,GN_lvl0.05_watermarked_image_1440_4.png,N:\Desktop\WORKING PAPERS\MVDW-NIKOS-PAPER\Version_22\attacked\1440p\watermarked_image_1440_4\Filters\GN_lvl0.05_watermarked_image_1440_4.png,0,100.0,0.0,"[0, 2, 2, 5, 6, 4, 3, 2, 0, 0, 4, 5, 1, 2, 6, 3]"
2026-05-20T20:31:24.053329,1440p,Filters,gaussian_noise,0.1,GN_lvl0.1_watermarked_image_1440_4.png,N:\Desktop\WORKING PAPERS\MVDW-NIKOS-PAPER\Version_22\attacked\1440p\watermarked_image_1440_4\Filters\GN_lvl0.1_watermarked_image_1440_4.png,0,100.0,0.0,"[0, 2, 2, 5, 6, 4, 3, 2, 0, 0, 4, 5, 1, 2, 6, 3]"
2026-05-20T20:31:26.681819,1440p,Filters,gaussian_noise,0.2,GN_lvl0.2_watermarked_image_1440_4.png,N:\Desktop\WORKING PAPERS\MVDW-NIKOS-PAPER\Version_22\attacked\1440p\watermarked_image_1440_4\Filters\GN_lvl0.2_watermarked_image_1440_4.png,0,100.0,0.0,"[0, 2, 2, 5, 6, 4, 3, 2, 0, 0, 4, 5, 1, 2, 6, 3]"
2026-05-20T20:31:29.132404,1440p,Filters,gamma,,Gamma_watermarked_image_1440_4.png,N:\Desktop\WORKING PAPERS\MVDW-NIKOS-PAPER\Version_22\attacked\1440p\watermarked_image_1440_4\Filters\Gamma_watermarked_image_1440_4.png,0,50.0,0.1771,"['X', 'X', 'X', 5, 6, 'X', 'X', 2, 0, 0, 4, 'X', 1, 'X', 6, 'X']"
2026-05-20T20:31:31.755822,1440p,Filters,histogram_equalization,,HEQ_watermarked_image_1440_4.png,N:\Desktop\WORKING PAPERS\MVDW-NIKOS-PAPER\Version_22\attacked\1440p\watermarked_image_1440_4\Filters\HEQ_watermarked_image_1440_4.png,0,100.0,0.0,"[0, 2, 2, 5, 6, 4, 3, 2, 0, 0, 4, 5, 1, 2, 6, 3]"
2026-05-20T20:31:34.397028,1440p,Filters,motion_blur,3,MB_k3_watermarked_image_1440_4.png,N:\Desktop\WORKING PAPERS\MVDW-NIKOS-PAPER\Version_22\attacked\1440p\watermarked_image_1440_4\Filters\MB_k3_watermarked_image_1440_4.png,0,100.0,0.0,"[0, 2, 2, 5, 6, 4, 3, 2, 0, 0, 4, 5, 1, 2, 6, 3]"
2026-05-20T20:31:37.085547,1440p,Filters,motion_blur,5,MB_k5_watermarked_image_1440_4.png,N:\Desktop\WORKING PAPERS\MVDW-NIKOS-PAPER\Version_22\attacked\1440p\watermarked_image_1440_4\Filters\MB_k5_watermarked_image_1440_4.png,0,100.0,0.0,"[0, 2, 2, 5, 6, 4, 3, 2, 0, 0, 4, 5, 1, 2, 6, 3]"
2026-05-20T20:31:39.764931,1440p,Filters,motion_blur,7,MB_k7_watermarked_image_1440_4.png,N:\Desktop\WORKING PAPERS\MVDW-NIKOS-PAPER\Version_22\attacked\1440p\watermarked_image_1440_4\Filters\MB_k7_watermarked_image_1440_4.png,0,93.75,0.0035,"[0, 2, 2, 5, 6, 4, 3, 2, 0, 0, 4, 5, 1, 2, 6, 'X']"
2026-05-20T20:31:42.418901,1440p,Filters,mean_filter,3,MEAN_k3_watermarked_image_1440_4.png,N:\Desktop\WORKING PAPERS\MVDW-NIKOS-PAPER\Version_22\attacked\1440p\watermarked_image_1440_4\Filters\MEAN_k3_watermarked_image_1440_4.png,0,87.5,0.0087,"[0, 2, 2, 5, 6, 4, 3, 2, 0, 0, 4, 'X', 'X', 2, 6, 3]"
2026-05-20T20:31:45.046605,1440p,Filters,mean_filter,5,MEAN_k5_watermarked_image_1440_4.png,N:\Desktop\WORKING PAPERS\MVDW-NIKOS-PAPER\Version_22\attacked\1440p\watermarked_image_1440_4\Filters\MEAN_k5_watermarked_image_1440_4.png,0,56.25,0.0712,"[0, 'X', 2, 'X', 6, 'X', 'X', 2, 0, 0, 4, 'X', 'X', 2, 6, 'X']"
2026-05-20T20:31:47.670710,1440p,Filters,median_filter,3,MF_k3_watermarked_image_1440_4.png,N:\Desktop\WORKING PAPERS\MVDW-NIKOS-PAPER\Version_22\attacked\1440p\watermarked_image_1440_4\Filters\MF_k3_watermarked_image_1440_4.png,0,50.0,0.0556,"[0, 'X', 2, 'X', 'X', 4, 'X', 2, 0, 'X', 4, 'X', 'X', 2, 6, 'X']"
2026-05-20T20:31:50.261022,1440p,Filters,median_filter,5,MF_k5_watermarked_image_1440_4.png,N:\Desktop\WORKING PAPERS\MVDW-NIKOS-PAPER\Version_22\attacked\1440p\watermarked_image_1440_4\Filters\MF_k5_watermarked_image_1440_4.png,0,56.25,0.0677,"[0, 'X', 2, 5, 6, 4, 3, 'X', 0, 0, 4, 'X', 'X', 'X', 'X', 'X']"
2026-05-20T20:31:52.855899,1440p,Filters,median_filter,7,MF_k7_watermarked_image_1440_4.png,N:\Desktop\WORKING PAPERS\MVDW-NIKOS-PAPER\Version_22\attacked\1440p\watermarked_image_1440_4\Filters\MF_k7_watermarked_image_1440_4.png,0,25.0,0.2413,"[0, 'X', 'X', 'X', 'X', 'X', 'X', 'X', 0, 'X', 4, 'X', 'X', 2, 'X', 'X']"
2026-05-20T20:31:55.494100,1440p,Filters,sharpening,,SHARP_watermarked_image_1440_4.png,N:\Desktop\WORKING PAPERS\MVDW-NIKOS-PAPER\Version_22\attacked\1440p\watermarked_image_1440_4\Filters\SHARP_watermarked_image_1440_4.png,0,100.0,0.0,"[0, 2, 2, 5, 6, 4, 3, 2, 0, 0, 4, 5, 1, 2, 6, 3]"
2026-05-20T20:31:58.110708,1440p,Filters,salt_pepper,0.05,SaP_p0.05_watermarked_image_1440_4.png,N:\Desktop\WORKING PAPERS\MVDW-NIKOS-PAPER\Version_22\attacked\1440p\watermarked_image_1440_4\Filters\SaP_p0.05_watermarked_image_1440_4.png,0,6.25,0.3542,"['X', 'X', 'X', 'X', 'X', 'X', 'X', 'X', 'X', 'X', 'X', 'X', 'X', 2, 'X', 'X']"
2026-05-20T20:32:00.722215,1440p,Filters,salt_pepper,0.1,SaP_p0.1_watermarked_image_1440_4.png,N:\Desktop\WORKING PAPERS\MVDW-NIKOS-PAPER\Version_22\attacked\1440p\watermarked_image_1440_4\Filters\SaP_p0.1_watermarked_image_1440_4.png,0,0.0,0.3646,"['X', 'X', 'X', 'X', 'X', 'X', 'X', 'X', 'X', 'X', 'X', 'X', 'X', 'X', 'X', 'X']"
2026-05-20T20:32:03.333489,1440p,Filters,salt_pepper,0.2,SaP_p0.2_watermarked_image_1440_4.png,N:\Desktop\WORKING PAPERS\MVDW-NIKOS-PAPER\Version_22\attacked\1440p\watermarked_image_1440_4\Filters\SaP_p0.2_watermarked_image_1440_4.png,0,6.25,0.3819,"['X', 'X', 'X', 'X', 'X', 4, 'X', 'X', 'X', 'X', 'X', 'X', 'X', 'X', 'X', 'X']"
2026-05-20T20:32:05.967042,1440p,Geometric,horizontal_flip,,HFLIP_watermarked_image_1440_4.png,N:\Desktop\WORKING PAPERS\MVDW-NIKOS-PAPER\Version_22\attacked\1440p\watermarked_image_1440_4\Geometric\HFLIP_watermarked_image_1440_4.png,0,0.0,0.4201,"['X', 'X', 'X', 'X', 'X', 'X', 'X', 'X', 'X', 'X', 'X', 'X', 'X', 'X', 'X', 'X']"
2026-05-20T20:32:08.628250,1440p,Geometric,rotation,-10,ROT_-10_watermarked_image_1440_4.png,N:\Desktop\WORKING PAPERS\MVDW-NIKOS-PAPER\Version_22\attacked\1440p\watermarked_image_1440_4\Geometric\ROT_-10_watermarked_image_1440_4.png,0,6.25,0.3698,"['X', 'X', 'X', 'X', 'X', 'X', 'X', 'X', 'X', 'X', 'X', 'X', 'X', 'X', 6, 'X']"
2026-05-20T20:32:11.260142,1440p,Geometric,rotation,10,ROT_10_watermarked_image_1440_4.png,N:\Desktop\WORKING PAPERS\MVDW-NIKOS-PAPER\Version_22\attacked\1440p\watermarked_image_1440_4\Geometric\ROT_10_watermarked_image_1440_4.png,0,0.0,0.3941,"['X', 'X', 'X', 'X', 'X', 'X', 'X', 'X', 'X', 'X', 'X', 'X', 'X', 'X', 'X', 'X']"
2026-05-20T20:32:13.878035,1440p,Geometric,rotation,5,ROT_5_watermarked_image_1440_4.png,N:\Desktop\WORKING PAPERS\MVDW-NIKOS-PAPER\Version_22\attacked\1440p\watermarked_image_1440_4\Geometric\ROT_5_watermarked_image_1440_4.png,0,0.0,0.3767,"['X', 'X', 'X', 'X', 'X', 'X', 'X', 'X', 'X', 'X', 'X', 'X', 'X', 'X', 'X', 'X']"
2026-05-20T20:32:16.495016,1440p,Geometric,translation,x2_y2,TRANS_x2_y2_watermarked_image_1440_4.png,N:\Desktop\WORKING PAPERS\MVDW-NIKOS-PAPER\Version_22\attacked\1440p\watermarked_image_1440_4\Geometric\TRANS_x2_y2_watermarked_image_1440_4.png,0,81.25,0.0087,"[0, 2, 2, 'X', 6, 4, 3, 2, 0, 0, 4, 'X', 1, 2, 6, 'X']"
2026-05-20T20:32:19.112667,1440p,Geometric,translation,x4_y4,TRANS_x4_y4_watermarked_image_1440_4.png,N:\Desktop\WORKING PAPERS\MVDW-NIKOS-PAPER\Version_22\attacked\1440p\watermarked_image_1440_4\Geometric\TRANS_x4_y4_watermarked_image_1440_4.png,0,43.75,0.059,"[0, 'X', 'X', 'X', 6, 4, 3, 2, 'X', 'X', 4, 'X', 'X', 2, 'X', 'X']"
2026-05-20T20:32:21.795246,1440p,Resize,resize,110,RESIZE_110_watermarked_image_1440_4.png,N:\Desktop\WORKING PAPERS\MVDW-NIKOS-PAPER\Version_22\attacked\1440p\watermarked_image_1440_4\Resize\RESIZE_110_watermarked_image_1440_4.png,0,100.0,0.0,"[0, 2, 2, 5, 6, 4, 3, 2, 0, 0, 4, 5, 1, 2, 6, 3]"
2026-05-20T20:32:24.431801,1440p,Resize,resize,90,RESIZE_90_watermarked_image_1440_4.png,N:\Desktop\WORKING PAPERS\MVDW-NIKOS-PAPER\Version_22\attacked\1440p\watermarked_image_1440_4\Resize\RESIZE_90_watermarked_image_1440_4.png,0,87.5,0.0104,"[0, 'X', 2, 5, 6, 4, 3, 2, 0, 0, 4, 'X', 1, 2, 6, 3]"
2026-05-20T20:32:26.983983,1440p,Crops,crop,BothHorizontal_25,Croped_BothHorizontal_25_watermarked_image_1440_5.png,N:\Desktop\WORKING PAPERS\MVDW-NIKOS-PAPER\Version_22\attacked\1440p\watermarked_image_1440_5\Crops\Croped_BothHorizontal_25_watermarked_image_1440_5.png,0,81.25,0.066,"['X', 2, 2, 5, 6, 4, 3, 2, 0, 0, 4, 5, 'X', 'X', 6, 3]"
2026-05-20T20:32:29.488909,1440p,Crops,crop,BothHorizontal_50,Croped_BothHorizontal_50_watermarked_image_1440_5.png,N:\Desktop\WORKING PAPERS\MVDW-NIKOS-PAPER\Version_22\attacked\1440p\watermarked_image_1440_5\Crops\Croped_BothHorizontal_50_watermarked_image_1440_5.png,0,50.0,0.1875,"['X', 'X', 'X', 'X', 6, 4, 3, 2, 0, 0, 4, 5, 'X', 'X', 'X', 'X']"
2026-05-20T20:32:31.802941,1440p,Crops,crop,BothHorizontal_75,Croped_BothHorizontal_75_watermarked_image_1440_5.png,N:\Desktop\WORKING PAPERS\MVDW-NIKOS-PAPER\Version_22\attacked\1440p\watermarked_image_1440_5\Crops\Croped_BothHorizontal_75_watermarked_image_1440_5.png,0,18.75,0.2812,"['X', 'X', 'X', 'X', 'X', 'X', 3, 'X', 'X', 'X', 4, 5, 'X', 'X', 'X', 'X']"
2026-05-20T20:32:34.337862,1440p,Crops,crop,BothVertical_25,Croped_BothVertical_25_watermarked_image_1440_5.png,N:\Desktop\WORKING PAPERS\MVDW-NIKOS-PAPER\Version_22\attacked\1440p\watermarked_image_1440_5\Crops\Croped_BothVertical_25_watermarked_image_1440_5.png,0,81.25,0.0625,"[0, 2, 2, 'X', 6, 4, 3, 'X', 0, 0, 4, 5, 'X', 2, 6, 3]"
2026-05-20T20:32:36.762057,1440p,Crops,crop,BothVertical_50,Croped_BothVertical_50_watermarked_image_1440_5.png,N:\Desktop\WORKING PAPERS\MVDW-NIKOS-PAPER\Version_22\attacked\1440p\watermarked_image_1440_5\Crops\Croped_BothVertical_50_watermarked_image_1440_5.png,0,50.0,0.1875,"['X', 2, 2, 'X', 'X', 4, 3, 'X', 'X', 0, 4, 'X', 'X', 2, 6, 'X']"
2026-05-20T20:32:39.133323,1440p,Crops,crop,BothVertical_75,Croped_BothVertical_75_watermarked_image_1440_5.png,N:\Desktop\WORKING PAPERS\MVDW-NIKOS-PAPER\Version_22\attacked\1440p\watermarked_image_1440_5\Crops\Croped_BothVertical_75_watermarked_image_1440_5.png,0,31.25,0.2483,"['X', 'X', 'X', 'X', 'X', 4, 3, 'X', 'X', 0, 'X', 'X', 'X', 2, 6, 'X']"
2026-05-20T20:32:41.649488,1440p,Crops,crop,Bottom_25,Croped_Bottom_25_watermarked_image_1440_5.png,N:\Desktop\WORKING PAPERS\MVDW-NIKOS-PAPER\Version_22\attacked\1440p\watermarked_image_1440_5\Crops\Croped_Bottom_25_watermarked_image_1440_5.png,0,75.0,0.0903,"[0, 2, 2, 5, 6, 4, 3, 2, 0, 0, 4, 5, 'X', 'X', 'X', 'X']"
2026-05-20T20:32:44.115454,1440p,Crops,crop,Bottom_50,Croped_Bottom_50_watermarked_image_1440_5.png,N:\Desktop\WORKING PAPERS\MVDW-NIKOS-PAPER\Version_22\attacked\1440p\watermarked_image_1440_5\Crops\Croped_Bottom_50_watermarked_image_1440_5.png,0,50.0,0.184,"[0, 2, 2, 5, 6, 4, 3, 2, 'X', 'X', 'X', 'X', 'X', 'X', 'X', 'X']"
2026-05-20T20:32:46.468336,1440p,Crops,crop,Bottom_75,Croped_Bottom_75_watermarked_image_1440_5.png,N:\Desktop\WORKING PAPERS\MVDW-NIKOS-PAPER\Version_22\attacked\1440p\watermarked_image_1440_5\Crops\Croped_Bottom_75_watermarked_image_1440_5.png,0,25.0,0.2708,"[0, 2, 2, 5, 'X', 'X', 'X', 'X', 'X', 'X', 'X', 'X', 'X', 'X', 'X', 'X']"
2026-05-20T20:32:49.015678,1440p,Crops,crop,Left_25,Croped_Left_25_watermarked_image_1440_5.png,N:\Desktop\WORKING PAPERS\MVDW-NIKOS-PAPER\Version_22\attacked\1440p\watermarked_image_1440_5\Crops\Croped_Left_25_watermarked_image_1440_5.png,0,75.0,0.0903,"['X', 2, 2, 5, 'X', 4, 3, 2, 'X', 0, 4, 5, 'X', 2, 6, 3]"
2026-05-20T20:32:51.457356,1440p,Crops,crop,Left_50,Croped_Left_50_watermarked_image_1440_5.png,N:\Desktop\WORKING PAPERS\MVDW-NIKOS-PAPER\Version_22\attacked\1440p\watermarked_image_1440_5\Crops\Croped_Left_50_watermarked_image_1440_5.png,0,50.0,0.184,"['X', 'X', 2, 5, 'X', 'X', 3, 2, 'X', 'X', 4, 5, 'X', 'X', 6, 3]"
2026-05-20T20:32:53.805215,1440p,Crops,crop,Left_75,Croped_Left_75_watermarked_image_1440_5.png,N:\Desktop\WORKING PAPERS\MVDW-NIKOS-PAPER\Version_22\attacked\1440p\watermarked_image_1440_5\Crops\Croped_Left_75_watermarked_image_1440_5.png,0,25.0,0.2708,"['X', 'X', 'X', 5, 'X', 'X', 'X', 2, 'X', 'X', 'X', 5, 'X', 'X', 'X', 3]"
2026-05-20T20:32:56.337735,1440p,Crops,crop,Right_25,Croped_Right_25_watermarked_image_1440_5.png,N:\Desktop\WORKING PAPERS\MVDW-NIKOS-PAPER\Version_22\attacked\1440p\watermarked_image_1440_5\Crops\Croped_Right_25_watermarked_image_1440_5.png,0,75.0,0.0972,"[0, 2, 2, 'X', 6, 4, 3, 'X', 0, 0, 4, 'X', 1, 2, 6, 'X']"
2026-05-20T20:32:58.778184,1440p,Crops,crop,Right_50,Croped_Right_50_watermarked_image_1440_5.png,N:\Desktop\WORKING PAPERS\MVDW-NIKOS-PAPER\Version_22\attacked\1440p\watermarked_image_1440_5\Crops\Croped_Right_50_watermarked_image_1440_5.png,0,50.0,0.184,"[0, 2, 'X', 'X', 6, 4, 'X', 'X', 0, 0, 'X', 'X', 1, 2, 'X', 'X']"
2026-05-20T20:33:01.108100,1440p,Crops,crop,Right_75,Croped_Right_75_watermarked_image_1440_5.png,N:\Desktop\WORKING PAPERS\MVDW-NIKOS-PAPER\Version_22\attacked\1440p\watermarked_image_1440_5\Crops\Croped_Right_75_watermarked_image_1440_5.png,0,25.0,0.2778,"[0, 'X', 'X', 'X', 6, 'X', 'X', 'X', 0, 'X', 'X', 'X', 1, 'X', 'X', 'X']"
2026-05-20T20:33:03.621938,1440p,Crops,crop,Top_25,Croped_Top_25_watermarked_image_1440_5.png,N:\Desktop\WORKING PAPERS\MVDW-NIKOS-PAPER\Version_22\attacked\1440p\watermarked_image_1440_5\Crops\Croped_Top_25_watermarked_image_1440_5.png,0,75.0,0.0972,"['X', 'X', 'X', 'X', 6, 4, 3, 2, 0, 0, 4, 5, 1, 2, 6, 3]"
2026-05-20T20:33:06.061717,1440p,Crops,crop,Top_50,Croped_Top_50_watermarked_image_1440_5.png,N:\Desktop\WORKING PAPERS\MVDW-NIKOS-PAPER\Version_22\attacked\1440p\watermarked_image_1440_5\Crops\Croped_Top_50_watermarked_image_1440_5.png,0,50.0,0.184,"['X', 'X', 'X', 'X', 'X', 'X', 'X', 'X', 0, 0, 4, 5, 1, 2, 6, 3]"
2026-05-20T20:33:08.420393,1440p,Crops,crop,Top_75,Croped_Top_75_watermarked_image_1440_5.png,N:\Desktop\WORKING PAPERS\MVDW-NIKOS-PAPER\Version_22\attacked\1440p\watermarked_image_1440_5\Crops\Croped_Top_75_watermarked_image_1440_5.png,0,25.0,0.2778,"['X', 'X', 'X', 'X', 'X', 'X', 'X', 'X', 'X', 'X', 'X', 'X', 1, 2, 6, 3]"
2026-05-20T20:33:10.995629,1440p,Filters,jpeg,70,Compressed_q70_watermarked_image_1440_5.jpg,N:\Desktop\WORKING PAPERS\MVDW-NIKOS-PAPER\Version_22\attacked\1440p\watermarked_image_1440_5\Filters\Compressed_q70_watermarked_image_1440_5.jpg,0,6.25,0.3715,"['X', 'X', 'X', 'X', 'X', 'X', 'X', 'X', 'X', 'X', 'X', 5, 'X', 'X', 'X', 'X']"
2026-05-20T20:33:13.583814,1440p,Filters,jpeg,80,Compressed_q80_watermarked_image_1440_5.jpg,N:\Desktop\WORKING PAPERS\MVDW-NIKOS-PAPER\Version_22\attacked\1440p\watermarked_image_1440_5\Filters\Compressed_q80_watermarked_image_1440_5.jpg,0,25.0,0.1719,"['X', 2, 'X', 'X', 'X', 'X', 'X', 2, 'X', 'X', 4, 5, 'X', 'X', 'X', 'X']"
2026-05-20T20:33:16.159976,1440p,Filters,jpeg,90,Compressed_q90_watermarked_image_1440_5.jpg,N:\Desktop\WORKING PAPERS\MVDW-NIKOS-PAPER\Version_22\attacked\1440p\watermarked_image_1440_5\Filters\Compressed_q90_watermarked_image_1440_5.jpg,0,62.5,0.0469,"[0, 2, 2, 5, 6, 4, 'X', 'X', 'X', 0, 4, 'X', 1, 'X', 'X', 3]"
2026-05-20T20:33:18.752105,1440p,Filters,gaussian_blur,3,GB_k3_watermarked_image_1440_5.png,N:\Desktop\WORKING PAPERS\MVDW-NIKOS-PAPER\Version_22\attacked\1440p\watermarked_image_1440_5\Filters\GB_k3_watermarked_image_1440_5.png,0,0.0,0.3941,"['X', 'X', 'X', 'X', 'X', 'X', 'X', 'X', 'X', 'X', 'X', 'X', 'X', 'X', 'X', 'X']"
2026-05-20T20:33:21.357034,1440p,Filters,gaussian_blur,5,GB_k5_watermarked_image_1440_5.png,N:\Desktop\WORKING PAPERS\MVDW-NIKOS-PAPER\Version_22\attacked\1440p\watermarked_image_1440_5\Filters\GB_k5_watermarked_image_1440_5.png,0,0.0,0.3993,"['X', 'X', 'X', 'X', 'X', 'X', 'X', 'X', 'X', 'X', 'X', 'X', 'X', 'X', 'X', 'X']"
2026-05-20T20:33:23.975699,1440p,Filters,gaussian_blur,7,GB_k7_watermarked_image_1440_5.png,N:\Desktop\WORKING PAPERS\MVDW-NIKOS-PAPER\Version_22\attacked\1440p\watermarked_image_1440_5\Filters\GB_k7_watermarked_image_1440_5.png,0,0.0,0.3733,"['X', 'X', 'X', 'X', 'X', 'X', 'X', 'X', 'X', 'X', 'X', 'X', 'X', 'X', 'X', 'X']"
2026-05-20T20:33:26.638106,1440p,Filters,gaussian_noise,0.05,GN_lvl0.05_watermarked_image_1440_5.png,N:\Desktop\WORKING PAPERS\MVDW-NIKOS-PAPER\Version_22\attacked\1440p\watermarked_image_1440_5\Filters\GN_lvl0.05_watermarked_image_1440_5.png,0,100.0,0.0,"[0, 2, 2, 5, 6, 4, 3, 2, 0, 0, 4, 5, 1, 2, 6, 3]"
2026-05-20T20:33:29.246911,1440p,Filters,gaussian_noise,0.1,GN_lvl0.1_watermarked_image_1440_5.png,N:\Desktop\WORKING PAPERS\MVDW-NIKOS-PAPER\Version_22\attacked\1440p\watermarked_image_1440_5\Filters\GN_lvl0.1_watermarked_image_1440_5.png,0,100.0,0.0,"[0, 2, 2, 5, 6, 4, 3, 2, 0, 0, 4, 5, 1, 2, 6, 3]"
2026-05-20T20:33:31.851068,1440p,Filters,gaussian_noise,0.2,GN_lvl0.2_watermarked_image_1440_5.png,N:\Desktop\WORKING PAPERS\MVDW-NIKOS-PAPER\Version_22\attacked\1440p\watermarked_image_1440_5\Filters\GN_lvl0.2_watermarked_image_1440_5.png,0,100.0,0.0,"[0, 2, 2, 5, 6, 4, 3, 2, 0, 0, 4, 5, 1, 2, 6, 3]"
2026-05-20T20:33:34.437667,1440p,Filters,gamma,,Gamma_watermarked_image_1440_5.png,N:\Desktop\WORKING PAPERS\MVDW-NIKOS-PAPER\Version_22\attacked\1440p\watermarked_image_1440_5\Filters\Gamma_watermarked_image_1440_5.png,0,81.25,0.033,"[0, 'X', 2, 5, 6, 4, 3, 'X', 0, 0, 4, 'X', 1, 2, 6, 3]"
2026-05-20T20:33:37.062341,1440p,Filters,histogram_equalization,,HEQ_watermarked_image_1440_5.png,N:\Desktop\WORKING PAPERS\MVDW-NIKOS-PAPER\Version_22\attacked\1440p\watermarked_image_1440_5\Filters\HEQ_watermarked_image_1440_5.png,0,100.0,0.0,"[0, 2, 2, 5, 6, 4, 3, 2, 0, 0, 4, 5, 1, 2, 6, 3]"
2026-05-20T20:33:39.693768,1440p,Filters,motion_blur,3,MB_k3_watermarked_image_1440_5.png,N:\Desktop\WORKING PAPERS\MVDW-NIKOS-PAPER\Version_22\attacked\1440p\watermarked_image_1440_5\Filters\MB_k3_watermarked_image_1440_5.png,0,100.0,0.0,"[0, 2, 2, 5, 6, 4, 3, 2, 0, 0, 4, 5, 1, 2, 6, 3]"
2026-05-20T20:33:42.254446,1440p,Filters,motion_blur,5,MB_k5_watermarked_image_1440_5.png,N:\Desktop\WORKING PAPERS\MVDW-NIKOS-PAPER\Version_22\attacked\1440p\watermarked_image_1440_5\Filters\MB_k5_watermarked_image_1440_5.png,0,100.0,0.0,"[0, 2, 2, 5, 6, 4, 3, 2, 0, 0, 4, 5, 1, 2, 6, 3]"
2026-05-20T20:33:44.861676,1440p,Filters,motion_blur,7,MB_k7_watermarked_image_1440_5.png,N:\Desktop\WORKING PAPERS\MVDW-NIKOS-PAPER\Version_22\attacked\1440p\watermarked_image_1440_5\Filters\MB_k7_watermarked_image_1440_5.png,0,75.0,0.0278,"[0, 2, 2, 5, 6, 4, 'X', 'X', 0, 0, 4, 'X', 1, 2, 'X', 3]"
2026-05-20T20:33:47.465806,1440p,Filters,mean_filter,3,MEAN_k3_watermarked_image_1440_5.png,N:\Desktop\WORKING PAPERS\MVDW-NIKOS-PAPER\Version_22\attacked\1440p\watermarked_image_1440_5\Filters\MEAN_k3_watermarked_image_1440_5.png,0,68.75,0.026,"[0, 2, 2, 5, 6, 4, 'X', 'X', 'X', 0, 4, 'X', 1, 'X', 6, 3]"
2026-05-20T20:33:50.084242,1440p,Filters,mean_filter,5,MEAN_k5_watermarked_image_1440_5.png,N:\Desktop\WORKING PAPERS\MVDW-NIKOS-PAPER\Version_22\attacked\1440p\watermarked_image_1440_5\Filters\MEAN_k5_watermarked_image_1440_5.png,0,62.5,0.0729,"[0, 2, 2, 5, 6, 4, 'X', 2, 'X', 'X', 4, 'X', 1, 'X', 'X', 3]"
2026-05-20T20:33:52.703953,1440p,Filters,median_filter,3,MF_k3_watermarked_image_1440_5.png,N:\Desktop\WORKING PAPERS\MVDW-NIKOS-PAPER\Version_22\attacked\1440p\watermarked_image_1440_5\Filters\MF_k3_watermarked_image_1440_5.png,0,62.5,0.0573,"['X', 2, 2, 5, 6, 4, 'X', 'X', 'X', 'X', 4, 'X', 1, 2, 6, 3]"
2026-05-20T20:33:55.307607,1440p,Filters,median_filter,5,MF_k5_watermarked_image_1440_5.png,N:\Desktop\WORKING PAPERS\MVDW-NIKOS-PAPER\Version_22\attacked\1440p\watermarked_image_1440_5\Filters\MF_k5_watermarked_image_1440_5.png,0,62.5,0.0538,"[0, 2, 2, 5, 6, 4, 'X', 'X', 'X', 'X', 4, 'X', 1, 'X', 6, 3]"
2026-05-20T20:33:57.904028,1440p,Filters,median_filter,7,MF_k7_watermarked_image_1440_5.png,N:\Desktop\WORKING PAPERS\MVDW-NIKOS-PAPER\Version_22\attacked\1440p\watermarked_image_1440_5\Filters\MF_k7_watermarked_image_1440_5.png,0,18.75,0.2274,"['X', 'X', 'X', 'X', 6, 'X', 'X', 'X', 'X', 'X', 4, 'X', 'X', 'X', 'X', 3]"
2026-05-20T20:34:00.619311,1440p,Filters,sharpening,,SHARP_watermarked_image_1440_5.png,N:\Desktop\WORKING PAPERS\MVDW-NIKOS-PAPER\Version_22\attacked\1440p\watermarked_image_1440_5\Filters\SHARP_watermarked_image_1440_5.png,0,100.0,0.0,"[0, 2, 2, 5, 6, 4, 3, 2, 0, 0, 4, 5, 1, 2, 6, 3]"
2026-05-20T20:34:03.211141,1440p,Filters,salt_pepper,0.05,SaP_p0.05_watermarked_image_1440_5.png,N:\Desktop\WORKING PAPERS\MVDW-NIKOS-PAPER\Version_22\attacked\1440p\watermarked_image_1440_5\Filters\SaP_p0.05_watermarked_image_1440_5.png,0,12.5,0.349,"['X', 'X', 'X', 5, 6, 'X', 'X', 'X', 'X', 'X', 'X', 'X', 'X', 'X', 'X', 'X']"
2026-05-20T20:34:05.799391,1440p,Filters,salt_pepper,0.1,SaP_p0.1_watermarked_image_1440_5.png,N:\Desktop\WORKING PAPERS\MVDW-NIKOS-PAPER\Version_22\attacked\1440p\watermarked_image_1440_5\Filters\SaP_p0.1_watermarked_image_1440_5.png,0,0.0,0.3767,"['X', 'X', 'X', 'X', 'X', 'X', 'X', 'X', 'X', 'X', 'X', 'X', 'X', 'X', 'X', 'X']"
2026-05-20T20:34:08.387231,1440p,Filters,salt_pepper,0.2,SaP_p0.2_watermarked_image_1440_5.png,N:\Desktop\WORKING PAPERS\MVDW-NIKOS-PAPER\Version_22\attacked\1440p\watermarked_image_1440_5\Filters\SaP_p0.2_watermarked_image_1440_5.png,0,18.75,0.3715,"['X', 'X', 'X', 5, 'X', 'X', 'X', 'X', 'X', 'X', 'X', 'X', 'X', 'X', 6, 3]"
2026-05-20T20:34:11.016091,1440p,Geometric,horizontal_flip,,HFLIP_watermarked_image_1440_5.png,N:\Desktop\WORKING PAPERS\MVDW-NIKOS-PAPER\Version_22\attacked\1440p\watermarked_image_1440_5\Geometric\HFLIP_watermarked_image_1440_5.png,0,0.0,0.3507,"['X', 'X', 'X', 'X', 'X', 'X', 'X', 'X', 'X', 'X', 'X', 'X', 'X', 'X', 'X', 'X']"
2026-05-20T20:34:13.613326,1440p,Geometric,rotation,-10,ROT_-10_watermarked_image_1440_5.png,N:\Desktop\WORKING PAPERS\MVDW-NIKOS-PAPER\Version_22\attacked\1440p\watermarked_image_1440_5\Geometric\ROT_-10_watermarked_image_1440_5.png,0,12.5,0.441,"['X', 'X', 'X', 'X', 'X', 'X', 'X', 'X', 'X', 'X', 'X', 5, 'X', 'X', 'X', 3]"
2026-05-20T20:34:16.242571,1440p,Geometric,rotation,10,ROT_10_watermarked_image_1440_5.png,N:\Desktop\WORKING PAPERS\MVDW-NIKOS-PAPER\Version_22\attacked\1440p\watermarked_image_1440_5\Geometric\ROT_10_watermarked_image_1440_5.png,0,6.25,0.4062,"['X', 'X', 'X', 'X', 'X', 'X', 3, 'X', 'X', 'X', 'X', 'X', 'X', 'X', 'X', 'X']"
2026-05-20T20:34:18.845816,1440p,Geometric,rotation,5,ROT_5_watermarked_image_1440_5.png,N:\Desktop\WORKING PAPERS\MVDW-NIKOS-PAPER\Version_22\attacked\1440p\watermarked_image_1440_5\Geometric\ROT_5_watermarked_image_1440_5.png,0,6.25,0.3785,"['X', 'X', 'X', 'X', 'X', 'X', 'X', 'X', 'X', 'X', 'X', 'X', 'X', 'X', 6, 'X']"
2026-05-20T20:34:21.455032,1440p,Geometric,translation,x2_y2,TRANS_x2_y2_watermarked_image_1440_5.png,N:\Desktop\WORKING PAPERS\MVDW-NIKOS-PAPER\Version_22\attacked\1440p\watermarked_image_1440_5\Geometric\TRANS_x2_y2_watermarked_image_1440_5.png,0,81.25,0.0226,"[0, 2, 2, 5, 6, 4, 'X', 'X', 0, 0, 4, 5, 1, 2, 'X', 3]"
2026-05-20T20:34:24.099966,1440p,Geometric,translation,x4_y4,TRANS_x4_y4_watermarked_image_1440_5.png,N:\Desktop\WORKING PAPERS\MVDW-NIKOS-PAPER\Version_22\attacked\1440p\watermarked_image_1440_5\Geometric\TRANS_x4_y4_watermarked_image_1440_5.png,0,43.75,0.0816,"['X', 2, 2, 5, 6, 4, 'X', 'X', 'X', 'X', 'X', 'X', 1, 'X', 'X', 3]"
2026-05-20T20:34:26.717195,1440p,Resize,resize,110,RESIZE_110_watermarked_image_1440_5.png,N:\Desktop\WORKING PAPERS\MVDW-NIKOS-PAPER\Version_22\attacked\1440p\watermarked_image_1440_5\Resize\RESIZE_110_watermarked_image_1440_5.png,0,100.0,0.0,"[0, 2, 2, 5, 6, 4, 3, 2, 0, 0, 4, 5, 1, 2, 6, 3]"
2026-05-20T20:34:29.347353,1440p,Resize,resize,90,RESIZE_90_watermarked_image_1440_5.png,N:\Desktop\WORKING PAPERS\MVDW-NIKOS-PAPER\Version_22\attacked\1440p\watermarked_image_1440_5\Resize\RESIZE_90_watermarked_image_1440_5.png,0,93.75,0.0035,"[0, 2, 2, 5, 6, 4, 3, 2, 0, 0, 4, 'X', 1, 2, 6, 3]"
2026-05-20T20:34:30.520173,720p,Crops,crop,BothHorizontal_25,Croped_BothHorizontal_25_watermarked_image_720_1.png,N:\Desktop\WORKING PAPERS\MVDW-NIKOS-PAPER\Version_22\attacked\720p\watermarked_image_720_1\Crops\Croped_BothHorizontal_25_watermarked_image_720_1.png,0,62.5,0.1163,"['X', 'X', 'X', 'X', 6, 4, 3, 2, 0, 0, 4, 5, 1, 2, 'X', 'X']"
2026-05-20T20:34:31.657129,720p,Crops,crop,BothHorizontal_50,Croped_BothHorizontal_50_watermarked_image_720_1.png,N:\Desktop\WORKING PAPERS\MVDW-NIKOS-PAPER\Version_22\attacked\720p\watermarked_image_720_1\Crops\Croped_BothHorizontal_50_watermarked_image_720_1.png,0,50.0,0.1875,"['X', 'X', 'X', 'X', 6, 4, 3, 2, 0, 0, 4, 5, 'X', 'X', 'X', 'X']"
2026-05-20T20:34:32.789985,720p,Crops,crop,BothHorizontal_75,Croped_BothHorizontal_75_watermarked_image_720_1.png,N:\Desktop\WORKING PAPERS\MVDW-NIKOS-PAPER\Version_22\attacked\720p\watermarked_image_720_1\Crops\Croped_BothHorizontal_75_watermarked_image_720_1.png,0,31.25,0.2483,"['X', 'X', 'X', 'X', 'X', 4, 3, 'X', 0, 'X', 4, 5, 'X', 'X', 'X', 'X']"
2026-05-20T20:34:33.943073,720p,Crops,crop,BothVertical_25,Croped_BothVertical_25_watermarked_image_720_1.png,N:\Desktop\WORKING PAPERS\MVDW-NIKOS-PAPER\Version_22\attacked\720p\watermarked_image_720_1\Crops\Croped_BothVertical_25_watermarked_image_720_1.png,0,62.5,0.1389,"['X', 2, 2, 'X', 'X', 4, 3, 2, 'X', 0, 4, 5, 'X', 2, 6, 'X']"
2026-05-20T20:34:35.093090,720p,Crops,crop,BothVertical_50,Croped_BothVertical_50_watermarked_image_720_1.png,N:\Desktop\WORKING PAPERS\MVDW-NIKOS-PAPER\Version_22\attacked\720p\watermarked_image_720_1\Crops\Croped_BothVertical_50_watermarked_image_720_1.png,0,50.0,0.1875,"['X', 2, 2, 'X', 'X', 4, 3, 'X', 'X', 0, 4, 'X', 'X', 2, 6, 'X']"
2026-05-20T20:34:36.217912,720p,Crops,crop,BothVertical_75,Croped_BothVertical_75_watermarked_image_720_1.png,N:\Desktop\WORKING PAPERS\MVDW-NIKOS-PAPER\Version_22\attacked\720p\watermarked_image_720_1\Crops\Croped_BothVertical_75_watermarked_image_720_1.png,0,31.25,0.25,"['X', 2, 'X', 'X', 'X', 'X', 3, 'X', 'X', 'X', 4, 'X', 'X', 2, 6, 'X']"
2026-05-20T20:34:37.375454,720p,Crops,crop,Bottom_25,Croped_Bottom_25_watermarked_image_720_1.png,N:\Desktop\WORKING PAPERS\MVDW-NIKOS-PAPER\Version_22\attacked\720p\watermarked_image_720_1\Crops\Croped_Bottom_25_watermarked_image_720_1.png,0,75.0,0.0903,"[0, 2, 2, 5, 6, 4, 3, 2, 0, 0, 4, 5, 'X', 'X', 'X', 'X']"
2026-05-20T20:34:38.516419,720p,Crops,crop,Bottom_50,Croped_Bottom_50_watermarked_image_720_1.png,N:\Desktop\WORKING PAPERS\MVDW-NIKOS-PAPER\Version_22\attacked\720p\watermarked_image_720_1\Crops\Croped_Bottom_50_watermarked_image_720_1.png,0,50.0,0.184,"[0, 2, 2, 5, 6, 4, 3, 2, 'X', 'X', 'X', 'X', 'X', 'X', 'X', 'X']"
2026-05-20T20:34:39.639098,720p,Crops,crop,Bottom_75,Croped_Bottom_75_watermarked_image_720_1.png,N:\Desktop\WORKING PAPERS\MVDW-NIKOS-PAPER\Version_22\attacked\720p\watermarked_image_720_1\Crops\Croped_Bottom_75_watermarked_image_720_1.png,0,25.0,0.2708,"[0, 2, 2, 5, 'X', 'X', 'X', 'X', 'X', 'X', 'X', 'X', 'X', 'X', 'X', 'X']"
2026-05-20T20:34:40.797328,720p,Crops,crop,Left_25,Croped_Left_25_watermarked_image_720_1.png,N:\Desktop\WORKING PAPERS\MVDW-NIKOS-PAPER\Version_22\attacked\720p\watermarked_image_720_1\Crops\Croped_Left_25_watermarked_image_720_1.png,0,75.0,0.0903,"['X', 2, 2, 5, 'X', 4, 3, 2, 'X', 0, 4, 5, 'X', 2, 6, 3]"
2026-05-20T20:34:41.932051,720p,Crops,crop,Left_50,Croped_Left_50_watermarked_image_720_1.png,N:\Desktop\WORKING PAPERS\MVDW-NIKOS-PAPER\Version_22\attacked\720p\watermarked_image_720_1\Crops\Croped_Left_50_watermarked_image_720_1.png,0,50.0,0.184,"['X', 'X', 2, 5, 'X', 'X', 3, 2, 'X', 'X', 4, 5, 'X', 'X', 6, 3]"
2026-05-20T20:34:43.037325,720p,Crops,crop,Left_75,Croped_Left_75_watermarked_image_720_1.png,N:\Desktop\WORKING PAPERS\MVDW-NIKOS-PAPER\Version_22\attacked\720p\watermarked_image_720_1\Crops\Croped_Left_75_watermarked_image_720_1.png,0,25.0,0.2708,"['X', 'X', 'X', 5, 'X', 'X', 'X', 2, 'X', 'X', 'X', 5, 'X', 'X', 'X', 3]"
2026-05-20T20:34:44.197960,720p,Crops,crop,Right_25,Croped_Right_25_watermarked_image_720_1.png,N:\Desktop\WORKING PAPERS\MVDW-NIKOS-PAPER\Version_22\attacked\720p\watermarked_image_720_1\Crops\Croped_Right_25_watermarked_image_720_1.png,0,75.0,0.0972,"[0, 2, 2, 'X', 6, 4, 3, 'X', 0, 0, 4, 'X', 1, 2, 6, 'X']"
2026-05-20T20:34:45.334915,720p,Crops,crop,Right_50,Croped_Right_50_watermarked_image_720_1.png,N:\Desktop\WORKING PAPERS\MVDW-NIKOS-PAPER\Version_22\attacked\720p\watermarked_image_720_1\Crops\Croped_Right_50_watermarked_image_720_1.png,0,50.0,0.184,"[0, 2, 'X', 'X', 6, 4, 'X', 'X', 0, 0, 'X', 'X', 1, 2, 'X', 'X']"
2026-05-20T20:34:46.446062,720p,Crops,crop,Right_75,Croped_Right_75_watermarked_image_720_1.png,N:\Desktop\WORKING PAPERS\MVDW-NIKOS-PAPER\Version_22\attacked\720p\watermarked_image_720_1\Crops\Croped_Right_75_watermarked_image_720_1.png,0,25.0,0.2778,"[0, 'X', 'X', 'X', 6, 'X', 'X', 'X', 0, 'X', 'X', 'X', 1, 'X', 'X', 'X']"
2026-05-20T20:34:47.600777,720p,Crops,crop,Top_25,Croped_Top_25_watermarked_image_720_1.png,N:\Desktop\WORKING PAPERS\MVDW-NIKOS-PAPER\Version_22\attacked\720p\watermarked_image_720_1\Crops\Croped_Top_25_watermarked_image_720_1.png,0,75.0,0.0972,"['X', 'X', 'X', 'X', 6, 4, 3, 2, 0, 0, 4, 5, 1, 2, 6, 3]"
2026-05-20T20:34:48.722733,720p,Crops,crop,Top_50,Croped_Top_50_watermarked_image_720_1.png,N:\Desktop\WORKING PAPERS\MVDW-NIKOS-PAPER\Version_22\attacked\720p\watermarked_image_720_1\Crops\Croped_Top_50_watermarked_image_720_1.png,0,50.0,0.184,"['X', 'X', 'X', 'X', 'X', 'X', 'X', 'X', 0, 0, 4, 5, 1, 2, 6, 3]"
2026-05-20T20:34:49.832095,720p,Crops,crop,Top_75,Croped_Top_75_watermarked_image_720_1.png,N:\Desktop\WORKING PAPERS\MVDW-NIKOS-PAPER\Version_22\attacked\720p\watermarked_image_720_1\Crops\Croped_Top_75_watermarked_image_720_1.png,0,25.0,0.2778,"['X', 'X', 'X', 'X', 'X', 'X', 'X', 'X', 'X', 'X', 'X', 'X', 1, 2, 6, 3]"
2026-05-20T20:34:51.020884,720p,Filters,jpeg,70,Compressed_q70_watermarked_image_720_1.jpg,N:\Desktop\WORKING PAPERS\MVDW-NIKOS-PAPER\Version_22\attacked\720p\watermarked_image_720_1\Filters\Compressed_q70_watermarked_image_720_1.jpg,0,75.0,0.0608,"['X', 2, 2, 'X', 6, 4, 3, 2, 0, 0, 4, 5, 'X', 2, 6, 'X']"
2026-05-20T20:34:52.193458,720p,Filters,jpeg,80,Compressed_q80_watermarked_image_720_1.jpg,N:\Desktop\WORKING PAPERS\MVDW-NIKOS-PAPER\Version_22\attacked\720p\watermarked_image_720_1\Filters\Compressed_q80_watermarked_image_720_1.jpg,0,87.5,0.0122,"['X', 2, 2, 5, 6, 4, 3, 2, 0, 0, 4, 5, 'X', 2, 6, 3]"
2026-05-20T20:34:53.359675,720p,Filters,jpeg,90,Compressed_q90_watermarked_image_720_1.jpg,N:\Desktop\WORKING PAPERS\MVDW-NIKOS-PAPER\Version_22\attacked\720p\watermarked_image_720_1\Filters\Compressed_q90_watermarked_image_720_1.jpg,0,100.0,0.0,"[0, 2, 2, 5, 6, 4, 3, 2, 0, 0, 4, 5, 1, 2, 6, 3]"
2026-05-20T20:34:54.522865,720p,Filters,gaussian_blur,3,GB_k3_watermarked_image_720_1.png,N:\Desktop\WORKING PAPERS\MVDW-NIKOS-PAPER\Version_22\attacked\720p\watermarked_image_720_1\Filters\GB_k3_watermarked_image_720_1.png,0,37.5,0.2674,"['X', 'X', 'X', 5, 'X', 4, 3, 'X', 'X', 'X', 4, 5, 'X', 2, 'X', 'X']"
2026-05-20T20:34:55.702663,720p,Filters,gaussian_blur,5,GB_k5_watermarked_image_720_1.png,N:\Desktop\WORKING PAPERS\MVDW-NIKOS-PAPER\Version_22\attacked\720p\watermarked_image_720_1\Filters\GB_k5_watermarked_image_720_1.png,0,12.5,0.3333,"['X', 'X', 'X', 'X', 'X', 'X', 'X', 'X', 'X', 'X', 4, 'X', 'X', 2, 'X', 'X']"
2026-05-20T20:34:56.868552,720p,Filters,gaussian_blur,7,GB_k7_watermarked_image_720_1.png,N:\Desktop\WORKING PAPERS\MVDW-NIKOS-PAPER\Version_22\attacked\720p\watermarked_image_720_1\Filters\GB_k7_watermarked_image_720_1.png,0,12.5,0.342,"['X', 2, 'X', 'X', 'X', 'X', 'X', 'X', 'X', 'X', 4, 'X', 'X', 'X', 'X', 'X']"
2026-05-20T20:34:58.042197,720p,Filters,gaussian_noise,0.05,GN_lvl0.05_watermarked_image_720_1.png,N:\Desktop\WORKING PAPERS\MVDW-NIKOS-PAPER\Version_22\attacked\720p\watermarked_image_720_1\Filters\GN_lvl0.05_watermarked_image_720_1.png,0,100.0,0.0,"[0, 2, 2, 5, 6, 4, 3, 2, 0, 0, 4, 5, 1, 2, 6, 3]"
2026-05-20T20:34:59.207305,720p,Filters,gaussian_noise,0.1,GN_lvl0.1_watermarked_image_720_1.png,N:\Desktop\WORKING PAPERS\MVDW-NIKOS-PAPER\Version_22\attacked\720p\watermarked_image_720_1\Filters\GN_lvl0.1_watermarked_image_720_1.png,0,100.0,0.0,"[0, 2, 2, 5, 6, 4, 3, 2, 0, 0, 4, 5, 1, 2, 6, 3]"
2026-05-20T20:35:00.369329,720p,Filters,gaussian_noise,0.2,GN_lvl0.2_watermarked_image_720_1.png,N:\Desktop\WORKING PAPERS\MVDW-NIKOS-PAPER\Version_22\attacked\720p\watermarked_image_720_1\Filters\GN_lvl0.2_watermarked_image_720_1.png,0,100.0,0.0,"[0, 2, 2, 5, 6, 4, 3, 2, 0, 0, 4, 5, 1, 2, 6, 3]"
2026-05-20T20:35:01.514582,720p,Filters,gamma,,Gamma_watermarked_image_720_1.png,N:\Desktop\WORKING PAPERS\MVDW-NIKOS-PAPER\Version_22\attacked\720p\watermarked_image_720_1\Filters\Gamma_watermarked_image_720_1.png,0,93.75,0.0017,"[0, 2, 2, 5, 6, 4, 3, 'X', 0, 0, 4, 5, 1, 2, 6, 3]"
2026-05-20T20:35:02.685107,720p,Filters,histogram_equalization,,HEQ_watermarked_image_720_1.png,N:\Desktop\WORKING PAPERS\MVDW-NIKOS-PAPER\Version_22\attacked\720p\watermarked_image_720_1\Filters\HEQ_watermarked_image_720_1.png,0,100.0,0.0,"[0, 2, 2, 5, 6, 4, 3, 2, 0, 0, 4, 5, 1, 2, 6, 3]"
2026-05-20T20:35:03.870090,720p,Filters,motion_blur,3,MB_k3_watermarked_image_720_1.png,N:\Desktop\WORKING PAPERS\MVDW-NIKOS-PAPER\Version_22\attacked\720p\watermarked_image_720_1\Filters\MB_k3_watermarked_image_720_1.png,0,100.0,0.0,"[0, 2, 2, 5, 6, 4, 3, 2, 0, 0, 4, 5, 1, 2, 6, 3]"
2026-05-20T20:35:05.029792,720p,Filters,motion_blur,5,MB_k5_watermarked_image_720_1.png,N:\Desktop\WORKING PAPERS\MVDW-NIKOS-PAPER\Version_22\attacked\720p\watermarked_image_720_1\Filters\MB_k5_watermarked_image_720_1.png,0,100.0,0.0,"[0, 2, 2, 5, 6, 4, 3, 2, 0, 0, 4, 5, 1, 2, 6, 3]"
2026-05-20T20:35:06.207004,720p,Filters,motion_blur,7,MB_k7_watermarked_image_720_1.png,N:\Desktop\WORKING PAPERS\MVDW-NIKOS-PAPER\Version_22\attacked\720p\watermarked_image_720_1\Filters\MB_k7_watermarked_image_720_1.png,0,56.25,0.1684,"[0, 2, 2, 'X', 6, 4, 'X', 'X', 'X', 0, 4, 'X', 'X', 2, 6, 'X']"
2026-05-20T20:35:07.395724,720p,Filters,mean_filter,3,MEAN_k3_watermarked_image_720_1.png,N:\Desktop\WORKING PAPERS\MVDW-NIKOS-PAPER\Version_22\attacked\720p\watermarked_image_720_1\Filters\MEAN_k3_watermarked_image_720_1.png,0,68.75,0.1372,"['X', 'X', 2, 5, 6, 4, 3, 2, 'X', 0, 4, 5, 'X', 2, 6, 'X']"
2026-05-20T20:35:08.568605,720p,Filters,mean_filter,5,MEAN_k5_watermarked_image_720_1.png,N:\Desktop\WORKING PAPERS\MVDW-NIKOS-PAPER\Version_22\attacked\720p\watermarked_image_720_1\Filters\MEAN_k5_watermarked_image_720_1.png,0,56.25,0.0851,"[0, 2, 2, 'X', 'X', 4, 'X', 2, 'X', 'X', 4, 5, 'X', 2, 6, 'X']"
2026-05-20T20:35:09.725467,720p,Filters,median_filter,3,MF_k3_watermarked_image_720_1.png,N:\Desktop\WORKING PAPERS\MVDW-NIKOS-PAPER\Version_22\attacked\720p\watermarked_image_720_1\Filters\MF_k3_watermarked_image_720_1.png,0,68.75,0.0816,"[0, 2, 2, 5, 'X', 4, 'X', 'X', 'X', 0, 'X', 5, 1, 2, 6, 3]"
2026-05-20T20:35:10.886632,720p,Filters,median_filter,5,MF_k5_watermarked_image_720_1.png,N:\Desktop\WORKING PAPERS\MVDW-NIKOS-PAPER\Version_22\attacked\720p\watermarked_image_720_1\Filters\MF_k5_watermarked_image_720_1.png,0,6.25,0.3333,"['X', 'X', 'X', 'X', 'X', 'X', 'X', 'X', 'X', 'X', 'X', 5, 'X', 'X', 'X', 'X']"
2026-05-20T20:35:12.042873,720p,Filters,median_filter,7,MF_k7_watermarked_image_720_1.png,N:\Desktop\WORKING PAPERS\MVDW-NIKOS-PAPER\Version_22\attacked\720p\watermarked_image_720_1\Filters\MF_k7_watermarked_image_720_1.png,0,6.25,0.3646,"['X', 'X', 'X', 'X', 'X', 'X', 'X', 'X', 'X', 'X', 'X', 5, 'X', 'X', 'X', 'X']"
2026-05-20T20:35:13.214391,720p,Filters,sharpening,,SHARP_watermarked_image_720_1.png,N:\Desktop\WORKING PAPERS\MVDW-NIKOS-PAPER\Version_22\attacked\720p\watermarked_image_720_1\Filters\SHARP_watermarked_image_720_1.png,0,100.0,0.0,"[0, 2, 2, 5, 6, 4, 3, 2, 0, 0, 4, 5, 1, 2, 6, 3]"
2026-05-20T20:35:14.388072,720p,Filters,salt_pepper,0.05,SaP_p0.05_watermarked_image_720_1.png,N:\Desktop\WORKING PAPERS\MVDW-NIKOS-PAPER\Version_22\attacked\720p\watermarked_image_720_1\Filters\SaP_p0.05_watermarked_image_720_1.png,0,50.0,0.2014,"['X', 'X', 'X', 5, 'X', 4, 'X', 2, 0, 'X', 'X', 5, 1, 2, 6, 'X']"
2026-05-20T20:35:15.566535,720p,Filters,salt_pepper,0.1,SaP_p0.1_watermarked_image_720_1.png,N:\Desktop\WORKING PAPERS\MVDW-NIKOS-PAPER\Version_22\attacked\720p\watermarked_image_720_1\Filters\SaP_p0.1_watermarked_image_720_1.png,0,18.75,0.2726,"['X', 'X', 'X', 'X', 'X', 4, 'X', 2, 'X', 'X', 'X', 'X', 'X', 'X', 'X', 3]"
2026-05-20T20:35:16.743739,720p,Filters,salt_pepper,0.2,SaP_p0.2_watermarked_image_720_1.png,N:\Desktop\WORKING PAPERS\MVDW-NIKOS-PAPER\Version_22\attacked\720p\watermarked_image_720_1\Filters\SaP_p0.2_watermarked_image_720_1.png,0,6.25,0.3056,"['X', 'X', 'X', 'X', 6, 'X', 'X', 'X', 'X', 'X', 'X', 'X', 'X', 'X', 'X', 'X']"
2026-05-20T20:35:17.918596,720p,Geometric,horizontal_flip,,HFLIP_watermarked_image_720_1.png,N:\Desktop\WORKING PAPERS\MVDW-NIKOS-PAPER\Version_22\attacked\720p\watermarked_image_720_1\Geometric\HFLIP_watermarked_image_720_1.png,0,12.5,0.3524,"['X', 'X', 'X', 'X', 'X', 4, 'X', 'X', 'X', 'X', 'X', 5, 'X', 'X', 'X', 'X']"
2026-05-20T20:35:19.093662,720p,Geometric,rotation,-10,ROT_-10_watermarked_image_720_1.png,N:\Desktop\WORKING PAPERS\MVDW-NIKOS-PAPER\Version_22\attacked\720p\watermarked_image_720_1\Geometric\ROT_-10_watermarked_image_720_1.png,0,25.0,0.3056,"[0, 'X', 2, 5, 'X', 'X', 'X', 'X', 'X', 'X', 'X', 'X', 'X', 'X', 6, 'X']"
2026-05-20T20:35:20.264612,720p,Geometric,rotation,10,ROT_10_watermarked_image_720_1.png,N:\Desktop\WORKING PAPERS\MVDW-NIKOS-PAPER\Version_22\attacked\720p\watermarked_image_720_1\Geometric\ROT_10_watermarked_image_720_1.png,0,18.75,0.3073,"['X', 'X', 'X', 'X', 'X', 4, 'X', 'X', 'X', 'X', 'X', 5, 'X', 'X', 6, 'X']"
2026-05-20T20:35:21.434511,720p,Geometric,rotation,5,ROT_5_watermarked_image_720_1.png,N:\Desktop\WORKING PAPERS\MVDW-NIKOS-PAPER\Version_22\attacked\720p\watermarked_image_720_1\Geometric\ROT_5_watermarked_image_720_1.png,0,0.0,0.342,"['X', 'X', 'X', 'X', 'X', 'X', 'X', 'X', 'X', 'X', 'X', 'X', 'X', 'X', 'X', 'X']"
2026-05-20T20:35:22.617164,720p,Geometric,translation,x2_y2,TRANS_x2_y2_watermarked_image_720_1.png,N:\Desktop\WORKING PAPERS\MVDW-NIKOS-PAPER\Version_22\attacked\720p\watermarked_image_720_1\Geometric\TRANS_x2_y2_watermarked_image_720_1.png,0,81.25,0.0139,"[0, 'X', 'X', 5, 'X', 4, 3, 2, 0, 0, 4, 5, 1, 2, 6, 3]"
2026-05-20T20:35:23.801214,720p,Geometric,translation,x4_y4,TRANS_x4_y4_watermarked_image_720_1.png,N:\Desktop\WORKING PAPERS\MVDW-NIKOS-PAPER\Version_22\attacked\720p\watermarked_image_720_1\Geometric\TRANS_x4_y4_watermarked_image_720_1.png,0,25.0,0.2604,"['X', 'X', 'X', 'X', 6, 'X', 'X', 'X', 0, 0, 4, 'X', 'X', 'X', 'X', 'X']"
2026-05-20T20:35:24.975208,720p,Resize,resize,110,RESIZE_110_watermarked_image_720_1.png,N:\Desktop\WORKING PAPERS\MVDW-NIKOS-PAPER\Version_22\attacked\720p\watermarked_image_720_1\Resize\RESIZE_110_watermarked_image_720_1.png,0,100.0,0.0,"[0, 2, 2, 5, 6, 4, 3, 2, 0, 0, 4, 5, 1, 2, 6, 3]"
2026-05-20T20:35:26.155953,720p,Resize,resize,90,RESIZE_90_watermarked_image_720_1.png,N:\Desktop\WORKING PAPERS\MVDW-NIKOS-PAPER\Version_22\attacked\720p\watermarked_image_720_1\Resize\RESIZE_90_watermarked_image_720_1.png,0,75.0,0.0365,"['X', 'X', 2, 5, 6, 4, 3, 2, 'X', 'X', 4, 5, 1, 2, 6, 3]"
2026-05-20T20:35:27.334394,720p,Crops,crop,BothHorizontal_25,Croped_BothHorizontal_25_watermarked_image_720_2.png,N:\Desktop\WORKING PAPERS\MVDW-NIKOS-PAPER\Version_22\attacked\720p\watermarked_image_720_2\Crops\Croped_BothHorizontal_25_watermarked_image_720_2.png,0,81.25,0.1406,"['X', 'X', 'X', 5, 6, 4, 3, 2, 0, 0, 4, 5, 1, 2, 6, 3]"
2026-05-20T20:35:28.468104,720p,Crops,crop,BothHorizontal_50,Croped_BothHorizontal_50_watermarked_image_720_2.png,N:\Desktop\WORKING PAPERS\MVDW-NIKOS-PAPER\Version_22\attacked\720p\watermarked_image_720_2\Crops\Croped_BothHorizontal_50_watermarked_image_720_2.png,0,50.0,0.2292,"['X', 'X', 'X', 'X', 6, 4, 3, 2, 0, 0, 4, 5, 'X', 'X', 'X', 'X']"
2026-05-20T20:35:29.566103,720p,Crops,crop,BothHorizontal_75,Croped_BothHorizontal_75_watermarked_image_720_2.png,N:\Desktop\WORKING PAPERS\MVDW-NIKOS-PAPER\Version_22\attacked\720p\watermarked_image_720_2\Crops\Croped_BothHorizontal_75_watermarked_image_720_2.png,0,6.25,0.3229,"['X', 'X', 'X', 'X', 'X', 4, 'X', 'X', 'X', 'X', 'X', 'X', 'X', 'X', 'X', 'X']"
2026-05-20T20:35:30.706942,720p,Crops,crop,BothVertical_25,Croped_BothVertical_25_watermarked_image_720_2.png,N:\Desktop\WORKING PAPERS\MVDW-NIKOS-PAPER\Version_22\attacked\720p\watermarked_image_720_2\Crops\Croped_BothVertical_25_watermarked_image_720_2.png,0,62.5,0.1441,"['X', 2, 2, 'X', 'X', 4, 3, 'X', 0, 0, 4, 5, 'X', 2, 6, 'X']"
2026-05-20T20:35:31.845875,720p,Crops,crop,BothVertical_50,Croped_BothVertical_50_watermarked_image_720_2.png,N:\Desktop\WORKING PAPERS\MVDW-NIKOS-PAPER\Version_22\attacked\720p\watermarked_image_720_2\Crops\Croped_BothVertical_50_watermarked_image_720_2.png,0,50.0,0.2049,"['X', 2, 2, 'X', 'X', 4, 3, 'X', 'X', 0, 4, 'X', 'X', 2, 6, 'X']"
2026-05-20T20:35:32.969537,720p,Crops,crop,BothVertical_75,Croped_BothVertical_75_watermarked_image_720_2.png,N:\Desktop\WORKING PAPERS\MVDW-NIKOS-PAPER\Version_22\attacked\720p\watermarked_image_720_2\Crops\Croped_BothVertical_75_watermarked_image_720_2.png,0,18.75,0.3021,"['X', 'X', 'X', 'X', 'X', 4, 'X', 'X', 'X', 'X', 'X', 'X', 'X', 2, 6, 'X']"
2026-05-20T20:35:34.109360,720p,Crops,crop,Bottom_25,Croped_Bottom_25_watermarked_image_720_2.png,N:\Desktop\WORKING PAPERS\MVDW-NIKOS-PAPER\Version_22\attacked\720p\watermarked_image_720_2\Crops\Croped_Bottom_25_watermarked_image_720_2.png,0,75.0,0.1632,"[0, 2, 2, 5, 6, 4, 3, 2, 0, 0, 4, 5, 'X', 'X', 'X', 'X']"
2026-05-20T20:35:35.257331,720p,Crops,crop,Bottom_50,Croped_Bottom_50_watermarked_image_720_2.png,N:\Desktop\WORKING PAPERS\MVDW-NIKOS-PAPER\Version_22\attacked\720p\watermarked_image_720_2\Crops\Croped_Bottom_50_watermarked_image_720_2.png,0,50.0,0.2569,"[0, 2, 2, 5, 6, 4, 3, 2, 'X', 'X', 'X', 'X', 'X', 'X', 'X', 'X']"
2026-05-20T20:35:36.387801,720p,Crops,crop,Bottom_75,Croped_Bottom_75_watermarked_image_720_2.png,N:\Desktop\WORKING PAPERS\MVDW-NIKOS-PAPER\Version_22\attacked\720p\watermarked_image_720_2\Crops\Croped_Bottom_75_watermarked_image_720_2.png,0,25.0,0.3021,"[0, 2, 2, 5, 'X', 'X', 'X', 'X', 'X', 'X', 'X', 'X', 'X', 'X', 'X', 'X']"
2026-05-20T20:35:37.541639,720p,Crops,crop,Left_25,Croped_Left_25_watermarked_image_720_2.png,N:\Desktop\WORKING PAPERS\MVDW-NIKOS-PAPER\Version_22\attacked\720p\watermarked_image_720_2\Crops\Croped_Left_25_watermarked_image_720_2.png,0,75.0,0.1406,"['X', 2, 2, 5, 'X', 4, 3, 2, 'X', 0, 4, 5, 'X', 2, 6, 3]"
2026-05-20T20:35:38.690669,720p,Crops,crop,Left_50,Croped_Left_50_watermarked_image_720_2.png,N:\Desktop\WORKING PAPERS\MVDW-NIKOS-PAPER\Version_22\attacked\720p\watermarked_image_720_2\Crops\Croped_Left_50_watermarked_image_720_2.png,0,50.0,0.2222,"['X', 'X', 2, 5, 'X', 'X', 3, 2, 'X', 'X', 4, 5, 'X', 'X', 6, 3]"
2026-05-20T20:35:39.791851,720p,Crops,crop,Left_75,Croped_Left_75_watermarked_image_720_2.png,N:\Desktop\WORKING PAPERS\MVDW-NIKOS-PAPER\Version_22\attacked\720p\watermarked_image_720_2\Crops\Croped_Left_75_watermarked_image_720_2.png,0,25.0,0.3038,"['X', 'X', 'X', 5, 'X', 'X', 'X', 2, 'X', 'X', 'X', 5, 'X', 'X', 'X', 3]"
2026-05-20T20:35:40.948607,720p,Crops,crop,Right_25,Croped_Right_25_watermarked_image_720_2.png,N:\Desktop\WORKING PAPERS\MVDW-NIKOS-PAPER\Version_22\attacked\720p\watermarked_image_720_2\Crops\Croped_Right_25_watermarked_image_720_2.png,0,75.0,0.1528,"[0, 2, 2, 'X', 6, 4, 3, 'X', 0, 0, 4, 'X', 1, 2, 6, 'X']"
2026-05-20T20:35:42.084561,720p,Crops,crop,Right_50,Croped_Right_50_watermarked_image_720_2.png,N:\Desktop\WORKING PAPERS\MVDW-NIKOS-PAPER\Version_22\attacked\720p\watermarked_image_720_2\Crops\Croped_Right_50_watermarked_image_720_2.png,0,50.0,0.2344,"[0, 2, 'X', 'X', 6, 4, 'X', 'X', 0, 0, 'X', 'X', 1, 2, 'X', 'X']"
2026-05-20T20:35:43.209916,720p,Crops,crop,Right_75,Croped_Right_75_watermarked_image_720_2.png,N:\Desktop\WORKING PAPERS\MVDW-NIKOS-PAPER\Version_22\attacked\720p\watermarked_image_720_2\Crops\Croped_Right_75_watermarked_image_720_2.png,0,25.0,0.316,"[0, 'X', 'X', 'X', 6, 'X', 'X', 'X', 0, 'X', 'X', 'X', 1, 'X', 'X', 'X']"
2026-05-20T20:35:44.368514,720p,Crops,crop,Top_25,Croped_Top_25_watermarked_image_720_2.png,N:\Desktop\WORKING PAPERS\MVDW-NIKOS-PAPER\Version_22\attacked\720p\watermarked_image_720_2\Crops\Croped_Top_25_watermarked_image_720_2.png,0,75.0,0.1545,"['X', 'X', 'X', 'X', 6, 4, 3, 2, 0, 0, 4, 5, 1, 2, 6, 3]"
2026-05-20T20:35:45.521611,720p,Crops,crop,Top_50,Croped_Top_50_watermarked_image_720_2.png,N:\Desktop\WORKING PAPERS\MVDW-NIKOS-PAPER\Version_22\attacked\720p\watermarked_image_720_2\Crops\Croped_Top_50_watermarked_image_720_2.png,0,50.0,0.1997,"['X', 'X', 'X', 'X', 'X', 'X', 'X', 'X', 0, 0, 4, 5, 1, 2, 6, 3]"
2026-05-20T20:35:46.644954,720p,Crops,crop,Top_75,Croped_Top_75_watermarked_image_720_2.png,N:\Desktop\WORKING PAPERS\MVDW-NIKOS-PAPER\Version_22\attacked\720p\watermarked_image_720_2\Crops\Croped_Top_75_watermarked_image_720_2.png,0,25.0,0.2934,"['X', 'X', 'X', 'X', 'X', 'X', 'X', 'X', 'X', 'X', 'X', 'X', 1, 2, 6, 3]"
2026-05-20T20:35:47.829495,720p,Filters,jpeg,70,Compressed_q70_watermarked_image_720_2.jpg,N:\Desktop\WORKING PAPERS\MVDW-NIKOS-PAPER\Version_22\attacked\720p\watermarked_image_720_2\Filters\Compressed_q70_watermarked_image_720_2.jpg,0,50.0,0.1962,"['X', 'X', 'X', 'X', 'X', 4, 3, 'X', 0, 0, 4, 5, 'X', 2, 6, 'X']"
2026-05-20T20:35:49.019157,720p,Filters,jpeg,80,Compressed_q80_watermarked_image_720_2.jpg,N:\Desktop\WORKING PAPERS\MVDW-NIKOS-PAPER\Version_22\attacked\720p\watermarked_image_720_2\Filters\Compressed_q80_watermarked_image_720_2.jpg,0,56.25,0.2014,"['X', 'X', 'X', 'X', 'X', 4, 3, 'X', 0, 0, 4, 5, 1, 2, 6, 'X']"
2026-05-20T20:35:50.216970,720p,Filters,jpeg,90,Compressed_q90_watermarked_image_720_2.jpg,N:\Desktop\WORKING PAPERS\MVDW-NIKOS-PAPER\Version_22\attacked\720p\watermarked_image_720_2\Filters\Compressed_q90_watermarked_image_720_2.jpg,0,75.0,0.1024,"[0, 'X', 2, 5, 'X', 4, 3, 'X', 0, 0, 4, 5, 1, 2, 6, 'X']"
2026-05-20T20:35:51.397528,720p,Filters,gaussian_blur,3,GB_k3_watermarked_image_720_2.png,N:\Desktop\WORKING PAPERS\MVDW-NIKOS-PAPER\Version_22\attacked\720p\watermarked_image_720_2\Filters\GB_k3_watermarked_image_720_2.png,0,18.75,0.3038,"['X', 'X', 'X', 'X', 'X', 'X', 'X', 'X', 'X', 'X', 'X', 'X', 1, 2, 6, 'X']"
2026-05-20T20:35:52.570074,720p,Filters,gaussian_blur,5,GB_k5_watermarked_image_720_2.png,N:\Desktop\WORKING PAPERS\MVDW-NIKOS-PAPER\Version_22\attacked\720p\watermarked_image_720_2\Filters\GB_k5_watermarked_image_720_2.png,0,12.5,0.4167,"['X', 'X', 'X', 'X', 'X', 'X', 3, 'X', 'X', 'X', 'X', 'X', 1, 'X', 'X', 'X']"
2026-05-20T20:35:53.754284,720p,Filters,gaussian_blur,7,GB_k7_watermarked_image_720_2.png,N:\Desktop\WORKING PAPERS\MVDW-NIKOS-PAPER\Version_22\attacked\720p\watermarked_image_720_2\Filters\GB_k7_watermarked_image_720_2.png,0,18.75,0.3906,"['X', 2, 'X', 'X', 6, 'X', 3, 'X', 'X', 'X', 'X', 'X', 'X', 'X', 'X', 'X']"
2026-05-20T20:35:54.939808,720p,Filters,gaussian_noise,0.05,GN_lvl0.05_watermarked_image_720_2.png,N:\Desktop\WORKING PAPERS\MVDW-NIKOS-PAPER\Version_22\attacked\720p\watermarked_image_720_2\Filters\GN_lvl0.05_watermarked_image_720_2.png,0,100.0,0.0885,"[0, 2, 2, 5, 6, 4, 3, 2, 0, 0, 4, 5, 1, 2, 6, 3]"
2026-05-20T20:35:56.119222,720p,Filters,gaussian_noise,0.1,GN_lvl0.1_watermarked_image_720_2.png,N:\Desktop\WORKING PAPERS\MVDW-NIKOS-PAPER\Version_22\attacked\720p\watermarked_image_720_2\Filters\GN_lvl0.1_watermarked_image_720_2.png,0,100.0,0.0885,"[0, 2, 2, 5, 6, 4, 3, 2, 0, 0, 4, 5, 1, 2, 6, 3]"
2026-05-20T20:35:57.301170,720p,Filters,gaussian_noise,0.2,GN_lvl0.2_watermarked_image_720_2.png,N:\Desktop\WORKING PAPERS\MVDW-NIKOS-PAPER\Version_22\attacked\720p\watermarked_image_720_2\Filters\GN_lvl0.2_watermarked_image_720_2.png,0,100.0,0.0885,"[0, 2, 2, 5, 6, 4, 3, 2, 0, 0, 4, 5, 1, 2, 6, 3]"
2026-05-20T20:35:58.482279,720p,Filters,gamma,,Gamma_watermarked_image_720_2.png,N:\Desktop\WORKING PAPERS\MVDW-NIKOS-PAPER\Version_22\attacked\720p\watermarked_image_720_2\Filters\Gamma_watermarked_image_720_2.png,0,50.0,0.1233,"[0, 2, 'X', 'X', 'X', 4, 3, 'X', 0, 0, 'X', 5, 1, 'X', 'X', 'X']"
2026-05-20T20:35:59.669042,720p,Filters,histogram_equalization,,HEQ_watermarked_image_720_2.png,N:\Desktop\WORKING PAPERS\MVDW-NIKOS-PAPER\Version_22\attacked\720p\watermarked_image_720_2\Filters\HEQ_watermarked_image_720_2.png,0,75.0,0.0747,"[0, 'X', 'X', 5, 'X', 4, 3, 2, 0, 0, 4, 5, 1, 2, 6, 'X']"
2026-05-20T20:36:00.859747,720p,Filters,motion_blur,3,MB_k3_watermarked_image_720_2.png,N:\Desktop\WORKING PAPERS\MVDW-NIKOS-PAPER\Version_22\attacked\720p\watermarked_image_720_2\Filters\MB_k3_watermarked_image_720_2.png,0,62.5,0.1615,"['X', 'X', 2, 'X', 6, 4, 3, 'X', 0, 0, 4, 5, 'X', 2, 6, 'X']"
2026-05-20T20:36:02.049768,720p,Filters,motion_blur,5,MB_k5_watermarked_image_720_2.png,N:\Desktop\WORKING PAPERS\MVDW-NIKOS-PAPER\Version_22\attacked\720p\watermarked_image_720_2\Filters\MB_k5_watermarked_image_720_2.png,0,56.25,0.1684,"['X', 'X', 'X', 'X', 6, 4, 3, 'X', 0, 0, 4, 5, 'X', 2, 6, 'X']"
2026-05-20T20:36:03.243011,720p,Filters,motion_blur,7,MB_k7_watermarked_image_720_2.png,N:\Desktop\WORKING PAPERS\MVDW-NIKOS-PAPER\Version_22\attacked\720p\watermarked_image_720_2\Filters\MB_k7_watermarked_image_720_2.png,0,31.25,0.2639,"['X', 'X', 'X', 'X', 6, 4, 'X', 'X', 'X', 'X', 4, 'X', 1, 2, 'X', 'X']"
2026-05-20T20:36:04.418861,720p,Filters,mean_filter,3,MEAN_k3_watermarked_image_720_2.png,N:\Desktop\WORKING PAPERS\MVDW-NIKOS-PAPER\Version_22\attacked\720p\watermarked_image_720_2\Filters\MEAN_k3_watermarked_image_720_2.png,0,37.5,0.2222,"['X', 'X', 'X', 5, 'X', 'X', 3, 'X', 0, 0, 'X', 'X', 'X', 2, 6, 'X']"
2026-05-20T20:36:05.597116,720p,Filters,mean_filter,5,MEAN_k5_watermarked_image_720_2.png,N:\Desktop\WORKING PAPERS\MVDW-NIKOS-PAPER\Version_22\attacked\720p\watermarked_image_720_2\Filters\MEAN_k5_watermarked_image_720_2.png,0,25.0,0.2222,"['X', 'X', 'X', 'X', 'X', 4, 'X', 'X', 'X', 0, 4, 'X', 'X', 2, 'X', 'X']"
2026-05-20T20:36:06.787058,720p,Filters,median_filter,3,MF_k3_watermarked_image_720_2.png,N:\Desktop\WORKING PAPERS\MVDW-NIKOS-PAPER\Version_22\attacked\720p\watermarked_image_720_2\Filters\MF_k3_watermarked_image_720_2.png,0,37.5,0.2326,"['X', 'X', 'X', 'X', 'X', 'X', 3, 'X', 0, 'X', 4, 5, 1, 'X', 6, 'X']"
2026-05-20T20:36:07.986636,720p,Filters,median_filter,5,MF_k5_watermarked_image_720_2.png,N:\Desktop\WORKING PAPERS\MVDW-NIKOS-PAPER\Version_22\attacked\720p\watermarked_image_720_2\Filters\MF_k5_watermarked_image_720_2.png,0,6.25,0.3559,"['X', 'X', 'X', 5, 'X', 'X', 'X', 'X', 'X', 'X', 'X', 'X', 'X', 'X', 'X', 'X']"
2026-05-20T20:36:09.158990,720p,Filters,median_filter,7,MF_k7_watermarked_image_720_2.png,N:\Desktop\WORKING PAPERS\MVDW-NIKOS-PAPER\Version_22\attacked\720p\watermarked_image_720_2\Filters\MF_k7_watermarked_image_720_2.png,0,18.75,0.3767,"['X', 'X', 'X', 5, 'X', 'X', 3, 'X', 'X', 'X', 'X', 'X', 'X', 'X', 6, 'X']"
2026-05-20T20:36:10.347002,720p,Filters,sharpening,,SHARP_watermarked_image_720_2.png,N:\Desktop\WORKING PAPERS\MVDW-NIKOS-PAPER\Version_22\attacked\720p\watermarked_image_720_2\Filters\SHARP_watermarked_image_720_2.png,0,56.25,0.0642,"[0, 'X', 'X', 'X', 'X', 4, 3, 'X', 0, 0, 4, 5, 'X', 2, 6, 'X']"
2026-05-20T20:36:11.521365,720p,Filters,salt_pepper,0.05,SaP_p0.05_watermarked_image_720_2.png,N:\Desktop\WORKING PAPERS\MVDW-NIKOS-PAPER\Version_22\attacked\720p\watermarked_image_720_2\Filters\SaP_p0.05_watermarked_image_720_2.png,0,18.75,0.3299,"['X', 'X', 'X', 5, 'X', 'X', 3, 'X', 'X', 'X', 'X', 'X', 'X', 'X', 6, 'X']"
2026-05-20T20:36:12.713394,720p,Filters,salt_pepper,0.1,SaP_p0.1_watermarked_image_720_2.png,N:\Desktop\WORKING PAPERS\MVDW-NIKOS-PAPER\Version_22\attacked\720p\watermarked_image_720_2\Filters\SaP_p0.1_watermarked_image_720_2.png,0,25.0,0.3056,"['X', 'X', 'X', 'X', 'X', 'X', 3, 'X', 'X', 'X', 'X', 5, 'X', 2, 'X', 3]"
2026-05-20T20:36:13.889289,720p,Filters,salt_pepper,0.2,SaP_p0.2_watermarked_image_720_2.png,N:\Desktop\WORKING PAPERS\MVDW-NIKOS-PAPER\Version_22\attacked\720p\watermarked_image_720_2\Filters\SaP_p0.2_watermarked_image_720_2.png,0,0.0,0.3681,"['X', 'X', 'X', 'X', 'X', 'X', 'X', 'X', 'X', 'X', 'X', 'X', 'X', 'X', 'X', 'X']"
2026-05-20T20:36:15.069657,720p,Geometric,horizontal_flip,,HFLIP_watermarked_image_720_2.png,N:\Desktop\WORKING PAPERS\MVDW-NIKOS-PAPER\Version_22\attacked\720p\watermarked_image_720_2\Geometric\HFLIP_watermarked_image_720_2.png,0,6.25,0.3802,"['X', 'X', 'X', 'X', 6, 'X', 'X', 'X', 'X', 'X', 'X', 'X', 'X', 'X', 'X', 'X']"
2026-05-20T20:36:16.259692,720p,Geometric,rotation,-10,ROT_-10_watermarked_image_720_2.png,N:\Desktop\WORKING PAPERS\MVDW-NIKOS-PAPER\Version_22\attacked\720p\watermarked_image_720_2\Geometric\ROT_-10_watermarked_image_720_2.png,0,0.0,0.3559,"['X', 'X', 'X', 'X', 'X', 'X', 'X', 'X', 'X', 'X', 'X', 'X', 'X', 'X', 'X', 'X']"
2026-05-20T20:36:17.446855,720p,Geometric,rotation,10,ROT_10_watermarked_image_720_2.png,N:\Desktop\WORKING PAPERS\MVDW-NIKOS-PAPER\Version_22\attacked\720p\watermarked_image_720_2\Geometric\ROT_10_watermarked_image_720_2.png,0,12.5,0.3785,"['X', 'X', 2, 'X', 6, 'X', 'X', 'X', 'X', 'X', 'X', 'X', 'X', 'X', 'X', 'X']"
2026-05-20T20:36:18.637299,720p,Geometric,rotation,5,ROT_5_watermarked_image_720_2.png,N:\Desktop\WORKING PAPERS\MVDW-NIKOS-PAPER\Version_22\attacked\720p\watermarked_image_720_2\Geometric\ROT_5_watermarked_image_720_2.png,0,0.0,0.3281,"['X', 'X', 'X', 'X', 'X', 'X', 'X', 'X', 'X', 'X', 'X', 'X', 'X', 'X', 'X', 'X']"
2026-05-20T20:36:19.823044,720p,Geometric,translation,x2_y2,TRANS_x2_y2_watermarked_image_720_2.png,N:\Desktop\WORKING PAPERS\MVDW-NIKOS-PAPER\Version_22\attacked\720p\watermarked_image_720_2\Geometric\TRANS_x2_y2_watermarked_image_720_2.png,0,31.25,0.1806,"['X', 'X', 2, 'X', 'X', 'X', 'X', 'X', 'X', 'X', 4, 5, 1, 'X', 'X', 3]"
2026-05-20T20:36:21.004211,720p,Geometric,translation,x4_y4,TRANS_x4_y4_watermarked_image_720_2.png,N:\Desktop\WORKING PAPERS\MVDW-NIKOS-PAPER\Version_22\attacked\720p\watermarked_image_720_2\Geometric\TRANS_x4_y4_watermarked_image_720_2.png,0,12.5,0.3108,"['X', 'X', 'X', 'X', 'X', 'X', 'X', 'X', 0, 'X', 'X', 'X', 'X', 'X', 'X', 3]"
2026-05-20T20:36:22.189507,720p,Resize,resize,110,RESIZE_110_watermarked_image_720_2.png,N:\Desktop\WORKING PAPERS\MVDW-NIKOS-PAPER\Version_22\attacked\720p\watermarked_image_720_2\Resize\RESIZE_110_watermarked_image_720_2.png,0,62.5,0.1406,"['X', 'X', 2, 'X', 6, 4, 3, 'X', 0, 0, 4, 5, 'X', 2, 6, 'X']"
2026-05-20T20:36:23.383700,720p,Resize,resize,90,RESIZE_90_watermarked_image_720_2.png,N:\Desktop\WORKING PAPERS\MVDW-NIKOS-PAPER\Version_22\attacked\720p\watermarked_image_720_2\Resize\RESIZE_90_watermarked_image_720_2.png,0,37.5,0.2066,"['X', 'X', 'X', 'X', 6, 'X', 'X', 'X', 0, 0, 'X', 5, 'X', 2, 6, 'X']"
2026-05-20T20:36:24.555734,720p,Crops,crop,BothHorizontal_25,Croped_BothHorizontal_25_watermarked_image_720_3.png,N:\Desktop\WORKING PAPERS\MVDW-NIKOS-PAPER\Version_22\attacked\720p\watermarked_image_720_3\Crops\Croped_BothHorizontal_25_watermarked_image_720_3.png,0,62.5,0.125,"[0, 'X', 'X', 'X', 6, 4, 3, 2, 0, 0, 4, 5, 1, 'X', 'X', 'X']"
2026-05-20T20:36:25.696066,720p,Crops,crop,BothHorizontal_50,Croped_BothHorizontal_50_watermarked_image_720_3.png,N:\Desktop\WORKING PAPERS\MVDW-NIKOS-PAPER\Version_22\attacked\720p\watermarked_image_720_3\Crops\Croped_BothHorizontal_50_watermarked_image_720_3.png,0,50.0,0.1875,"['X', 'X', 'X', 'X', 6, 4, 3, 2, 0, 0, 4, 5, 'X', 'X', 'X', 'X']"
2026-05-20T20:36:26.825540,720p,Crops,crop,BothHorizontal_75,Croped_BothHorizontal_75_watermarked_image_720_3.png,N:\Desktop\WORKING PAPERS\MVDW-NIKOS-PAPER\Version_22\attacked\720p\watermarked_image_720_3\Crops\Croped_BothHorizontal_75_watermarked_image_720_3.png,0,31.25,0.2448,"['X', 'X', 'X', 'X', 'X', 4, 3, 'X', 0, 0, 'X', 5, 'X', 'X', 'X', 'X']"
2026-05-20T20:36:27.977408,720p,Crops,crop,BothVertical_25,Croped_BothVertical_25_watermarked_image_720_3.png,N:\Desktop\WORKING PAPERS\MVDW-NIKOS-PAPER\Version_22\attacked\720p\watermarked_image_720_3\Crops\Croped_BothVertical_25_watermarked_image_720_3.png,0,62.5,0.1389,"['X', 2, 2, 'X', 'X', 4, 3, 2, 'X', 0, 4, 5, 'X', 2, 6, 'X']"
2026-05-20T20:36:29.123220,720p,Crops,crop,BothVertical_50,Croped_BothVertical_50_watermarked_image_720_3.png,N:\Desktop\WORKING PAPERS\MVDW-NIKOS-PAPER\Version_22\attacked\720p\watermarked_image_720_3\Crops\Croped_BothVertical_50_watermarked_image_720_3.png,0,50.0,0.1875,"['X', 2, 2, 'X', 'X', 4, 3, 'X', 'X', 0, 4, 'X', 'X', 2, 6, 'X']"
2026-05-20T20:36:30.237464,720p,Crops,crop,BothVertical_75,Croped_BothVertical_75_watermarked_image_720_3.png,N:\Desktop\WORKING PAPERS\MVDW-NIKOS-PAPER\Version_22\attacked\720p\watermarked_image_720_3\Crops\Croped_BothVertical_75_watermarked_image_720_3.png,0,25.0,0.2847,"['X', 'X', 2, 'X', 'X', 4, 'X', 'X', 'X', 'X', 4, 'X', 'X', 'X', 6, 'X']"
2026-05-20T20:36:31.389956,720p,Crops,crop,Bottom_25,Croped_Bottom_25_watermarked_image_720_3.png,N:\Desktop\WORKING PAPERS\MVDW-NIKOS-PAPER\Version_22\attacked\720p\watermarked_image_720_3\Crops\Croped_Bottom_25_watermarked_image_720_3.png,0,75.0,0.0903,"[0, 2, 2, 5, 6, 4, 3, 2, 0, 0, 4, 5, 'X', 'X', 'X', 'X']"
2026-05-20T20:36:32.513995,720p,Crops,crop,Bottom_50,Croped_Bottom_50_watermarked_image_720_3.png,N:\Desktop\WORKING PAPERS\MVDW-NIKOS-PAPER\Version_22\attacked\720p\watermarked_image_720_3\Crops\Croped_Bottom_50_watermarked_image_720_3.png,0,50.0,0.184,"[0, 2, 2, 5, 6, 4, 3, 2, 'X', 'X', 'X', 'X', 'X', 'X', 'X', 'X']"
2026-05-20T20:36:33.606738,720p,Crops,crop,Bottom_75,Croped_Bottom_75_watermarked_image_720_3.png,N:\Desktop\WORKING PAPERS\MVDW-NIKOS-PAPER\Version_22\attacked\720p\watermarked_image_720_3\Crops\Croped_Bottom_75_watermarked_image_720_3.png,0,25.0,0.2708,"[0, 2, 2, 5, 'X', 'X', 'X', 'X', 'X', 'X', 'X', 'X', 'X', 'X', 'X', 'X']"
2026-05-20T20:36:34.780923,720p,Crops,crop,Left_25,Croped_Left_25_watermarked_image_720_3.png,N:\Desktop\WORKING PAPERS\MVDW-NIKOS-PAPER\Version_22\attacked\720p\watermarked_image_720_3\Crops\Croped_Left_25_watermarked_image_720_3.png,0,75.0,0.0903,"['X', 2, 2, 5, 'X', 4, 3, 2, 'X', 0, 4, 5, 'X', 2, 6, 3]"
2026-05-20T20:36:35.915191,720p,Crops,crop,Left_50,Croped_Left_50_watermarked_image_720_3.png,N:\Desktop\WORKING PAPERS\MVDW-NIKOS-PAPER\Version_22\attacked\720p\watermarked_image_720_3\Crops\Croped_Left_50_watermarked_image_720_3.png,0,50.0,0.184,"['X', 'X', 2, 5, 'X', 'X', 3, 2, 'X', 'X', 4, 5, 'X', 'X', 6, 3]"
2026-05-20T20:36:37.034302,720p,Crops,crop,Left_75,Croped_Left_75_watermarked_image_720_3.png,N:\Desktop\WORKING PAPERS\MVDW-NIKOS-PAPER\Version_22\attacked\720p\watermarked_image_720_3\Crops\Croped_Left_75_watermarked_image_720_3.png,0,25.0,0.2708,"['X', 'X', 'X', 5, 'X', 'X', 'X', 2, 'X', 'X', 'X', 5, 'X', 'X', 'X', 3]"
2026-05-20T20:36:38.181411,720p,Crops,crop,Right_25,Croped_Right_25_watermarked_image_720_3.png,N:\Desktop\WORKING PAPERS\MVDW-NIKOS-PAPER\Version_22\attacked\720p\watermarked_image_720_3\Crops\Croped_Right_25_watermarked_image_720_3.png,0,75.0,0.0972,"[0, 2, 2, 'X', 6, 4, 3, 'X', 0, 0, 4, 'X', 1, 2, 6, 'X']"
2026-05-20T20:36:39.324035,720p,Crops,crop,Right_50,Croped_Right_50_watermarked_image_720_3.png,N:\Desktop\WORKING PAPERS\MVDW-NIKOS-PAPER\Version_22\attacked\720p\watermarked_image_720_3\Crops\Croped_Right_50_watermarked_image_720_3.png,0,50.0,0.184,"[0, 2, 'X', 'X', 6, 4, 'X', 'X', 0, 0, 'X', 'X', 1, 2, 'X', 'X']"
2026-05-20T20:36:40.433294,720p,Crops,crop,Right_75,Croped_Right_75_watermarked_image_720_3.png,N:\Desktop\WORKING PAPERS\MVDW-NIKOS-PAPER\Version_22\attacked\720p\watermarked_image_720_3\Crops\Croped_Right_75_watermarked_image_720_3.png,0,25.0,0.2778,"[0, 'X', 'X', 'X', 6, 'X', 'X', 'X', 0, 'X', 'X', 'X', 1, 'X', 'X', 'X']"
2026-05-20T20:36:41.577962,720p,Crops,crop,Top_25,Croped_Top_25_watermarked_image_720_3.png,N:\Desktop\WORKING PAPERS\MVDW-NIKOS-PAPER\Version_22\attacked\720p\watermarked_image_720_3\Crops\Croped_Top_25_watermarked_image_720_3.png,0,75.0,0.0972,"['X', 'X', 'X', 'X', 6, 4, 3, 2, 0, 0, 4, 5, 1, 2, 6, 3]"
2026-05-20T20:36:42.693730,720p,Crops,crop,Top_50,Croped_Top_50_watermarked_image_720_3.png,N:\Desktop\WORKING PAPERS\MVDW-NIKOS-PAPER\Version_22\attacked\720p\watermarked_image_720_3\Crops\Croped_Top_50_watermarked_image_720_3.png,0,50.0,0.184,"['X', 'X', 'X', 'X', 'X', 'X', 'X', 'X', 0, 0, 4, 5, 1, 2, 6, 3]"
2026-05-20T20:36:43.804054,720p,Crops,crop,Top_75,Croped_Top_75_watermarked_image_720_3.png,N:\Desktop\WORKING PAPERS\MVDW-NIKOS-PAPER\Version_22\attacked\720p\watermarked_image_720_3\Crops\Croped_Top_75_watermarked_image_720_3.png,0,25.0,0.2778,"['X', 'X', 'X', 'X', 'X', 'X', 'X', 'X', 'X', 'X', 'X', 'X', 1, 2, 6, 3]"
2026-05-20T20:36:44.977012,720p,Filters,jpeg,70,Compressed_q70_watermarked_image_720_3.jpg,N:\Desktop\WORKING PAPERS\MVDW-NIKOS-PAPER\Version_22\attacked\720p\watermarked_image_720_3\Filters\Compressed_q70_watermarked_image_720_3.jpg,0,68.75,0.0694,"['X', 2, 2, 'X', 6, 4, 3, 'X', 0, 0, 4, 5, 'X', 2, 6, 'X']"
2026-05-20T20:36:46.157655,720p,Filters,jpeg,80,Compressed_q80_watermarked_image_720_3.jpg,N:\Desktop\WORKING PAPERS\MVDW-NIKOS-PAPER\Version_22\attacked\720p\watermarked_image_720_3\Filters\Compressed_q80_watermarked_image_720_3.jpg,0,93.75,0.0156,"[0, 2, 2, 5, 6, 4, 3, 2, 0, 0, 4, 5, 'X', 2, 6, 3]"
2026-05-20T20:36:47.325321,720p,Filters,jpeg,90,Compressed_q90_watermarked_image_720_3.jpg,N:\Desktop\WORKING PAPERS\MVDW-NIKOS-PAPER\Version_22\attacked\720p\watermarked_image_720_3\Filters\Compressed_q90_watermarked_image_720_3.jpg,0,100.0,0.0,"[0, 2, 2, 5, 6, 4, 3, 2, 0, 0, 4, 5, 1, 2, 6, 3]"
2026-05-20T20:36:48.501974,720p,Filters,gaussian_blur,3,GB_k3_watermarked_image_720_3.png,N:\Desktop\WORKING PAPERS\MVDW-NIKOS-PAPER\Version_22\attacked\720p\watermarked_image_720_3\Filters\GB_k3_watermarked_image_720_3.png,0,18.75,0.2431,"['X', 2, 2, 'X', 'X', 'X', 'X', 'X', 'X', 'X', 4, 'X', 'X', 'X', 'X', 'X']"
2026-05-20T20:36:49.672991,720p,Filters,gaussian_blur,5,GB_k5_watermarked_image_720_3.png,N:\Desktop\WORKING PAPERS\MVDW-NIKOS-PAPER\Version_22\attacked\720p\watermarked_image_720_3\Filters\GB_k5_watermarked_image_720_3.png,0,12.5,0.3646,"['X', 'X', 'X', 'X', 'X', 'X', 'X', 'X', 'X', 'X', 'X', 5, 'X', 'X', 6, 'X']"
2026-05-20T20:36:50.841956,720p,Filters,gaussian_blur,7,GB_k7_watermarked_image_720_3.png,N:\Desktop\WORKING PAPERS\MVDW-NIKOS-PAPER\Version_22\attacked\720p\watermarked_image_720_3\Filters\GB_k7_watermarked_image_720_3.png,0,6.25,0.3507,"['X', 'X', 'X', 'X', 'X', 'X', 3, 'X', 'X', 'X', 'X', 'X', 'X', 'X', 'X', 'X']"
2026-05-20T20:36:52.001609,720p,Filters,gaussian_noise,0.05,GN_lvl0.05_watermarked_image_720_3.png,N:\Desktop\WORKING PAPERS\MVDW-NIKOS-PAPER\Version_22\attacked\720p\watermarked_image_720_3\Filters\GN_lvl0.05_watermarked_image_720_3.png,0,100.0,0.0,"[0, 2, 2, 5, 6, 4, 3, 2, 0, 0, 4, 5, 1, 2, 6, 3]"
2026-05-20T20:36:53.158229,720p,Filters,gaussian_noise,0.1,GN_lvl0.1_watermarked_image_720_3.png,N:\Desktop\WORKING PAPERS\MVDW-NIKOS-PAPER\Version_22\attacked\720p\watermarked_image_720_3\Filters\GN_lvl0.1_watermarked_image_720_3.png,0,100.0,0.0,"[0, 2, 2, 5, 6, 4, 3, 2, 0, 0, 4, 5, 1, 2, 6, 3]"
2026-05-20T20:36:54.317018,720p,Filters,gaussian_noise,0.2,GN_lvl0.2_watermarked_image_720_3.png,N:\Desktop\WORKING PAPERS\MVDW-NIKOS-PAPER\Version_22\attacked\720p\watermarked_image_720_3\Filters\GN_lvl0.2_watermarked_image_720_3.png,0,100.0,0.0,"[0, 2, 2, 5, 6, 4, 3, 2, 0, 0, 4, 5, 1, 2, 6, 3]"
2026-05-20T20:36:55.480814,720p,Filters,gamma,,Gamma_watermarked_image_720_3.png,N:\Desktop\WORKING PAPERS\MVDW-NIKOS-PAPER\Version_22\attacked\720p\watermarked_image_720_3\Filters\Gamma_watermarked_image_720_3.png,0,81.25,0.0122,"[0, 2, 'X', 5, 6, 4, 'X', 2, 0, 'X', 4, 5, 1, 2, 6, 3]"
2026-05-20T20:36:56.660927,720p,Filters,histogram_equalization,,HEQ_watermarked_image_720_3.png,N:\Desktop\WORKING PAPERS\MVDW-NIKOS-PAPER\Version_22\attacked\720p\watermarked_image_720_3\Filters\HEQ_watermarked_image_720_3.png,0,100.0,0.0,"[0, 2, 2, 5, 6, 4, 3, 2, 0, 0, 4, 5, 1, 2, 6, 3]"
2026-05-20T20:36:57.818689,720p,Filters,motion_blur,3,MB_k3_watermarked_image_720_3.png,N:\Desktop\WORKING PAPERS\MVDW-NIKOS-PAPER\Version_22\attacked\720p\watermarked_image_720_3\Filters\MB_k3_watermarked_image_720_3.png,0,100.0,0.0,"[0, 2, 2, 5, 6, 4, 3, 2, 0, 0, 4, 5, 1, 2, 6, 3]"
2026-05-20T20:36:59.008169,720p,Filters,motion_blur,5,MB_k5_watermarked_image_720_3.png,N:\Desktop\WORKING PAPERS\MVDW-NIKOS-PAPER\Version_22\attacked\720p\watermarked_image_720_3\Filters\MB_k5_watermarked_image_720_3.png,0,100.0,0.0,"[0, 2, 2, 5, 6, 4, 3, 2, 0, 0, 4, 5, 1, 2, 6, 3]"
2026-05-20T20:37:00.162310,720p,Filters,motion_blur,7,MB_k7_watermarked_image_720_3.png,N:\Desktop\WORKING PAPERS\MVDW-NIKOS-PAPER\Version_22\attacked\720p\watermarked_image_720_3\Filters\MB_k7_watermarked_image_720_3.png,0,56.25,0.1458,"[0, 'X', 2, 'X', 6, 4, 'X', 2, 0, 0, 'X', 5, 'X', 'X', 6, 'X']"
2026-05-20T20:37:01.335029,720p,Filters,mean_filter,3,MEAN_k3_watermarked_image_720_3.png,N:\Desktop\WORKING PAPERS\MVDW-NIKOS-PAPER\Version_22\attacked\720p\watermarked_image_720_3\Filters\MEAN_k3_watermarked_image_720_3.png,0,68.75,0.1267,"['X', 'X', 2, 5, 6, 4, 3, 2, 0, 'X', 4, 5, 'X', 2, 6, 'X']"
2026-05-20T20:37:02.501604,720p,Filters,mean_filter,5,MEAN_k5_watermarked_image_720_3.png,N:\Desktop\WORKING PAPERS\MVDW-NIKOS-PAPER\Version_22\attacked\720p\watermarked_image_720_3\Filters\MEAN_k5_watermarked_image_720_3.png,0,56.25,0.059,"[0, 2, 2, 'X', 'X', 4, 'X', 'X', 0, 0, 4, 5, 'X', 'X', 6, 'X']"
2026-05-20T20:37:03.650981,720p,Filters,median_filter,3,MF_k3_watermarked_image_720_3.png,N:\Desktop\WORKING PAPERS\MVDW-NIKOS-PAPER\Version_22\attacked\720p\watermarked_image_720_3\Filters\MF_k3_watermarked_image_720_3.png,0,50.0,0.0781,"[0, 'X', 2, 5, 'X', 4, 'X', 'X', 'X', 0, 'X', 'X', 1, 'X', 6, 3]"
2026-05-20T20:37:04.807958,720p,Filters,median_filter,5,MF_k5_watermarked_image_720_3.png,N:\Desktop\WORKING PAPERS\MVDW-NIKOS-PAPER\Version_22\attacked\720p\watermarked_image_720_3\Filters\MF_k5_watermarked_image_720_3.png,0,6.25,0.3281,"['X', 'X', 'X', 'X', 'X', 'X', 'X', 'X', 'X', 'X', 'X', 'X', 'X', 'X', 6, 'X']"
2026-05-20T20:37:05.972757,720p,Filters,median_filter,7,MF_k7_watermarked_image_720_3.png,N:\Desktop\WORKING PAPERS\MVDW-NIKOS-PAPER\Version_22\attacked\720p\watermarked_image_720_3\Filters\MF_k7_watermarked_image_720_3.png,0,6.25,0.3524,"['X', 'X', 'X', 'X', 'X', 'X', 'X', 'X', 'X', 'X', 'X', 'X', 'X', 'X', 6, 'X']"
2026-05-20T20:37:07.146807,720p,Filters,sharpening,,SHARP_watermarked_image_720_3.png,N:\Desktop\WORKING PAPERS\MVDW-NIKOS-PAPER\Version_22\attacked\720p\watermarked_image_720_3\Filters\SHARP_watermarked_image_720_3.png,0,100.0,0.0,"[0, 2, 2, 5, 6, 4, 3, 2, 0, 0, 4, 5, 1, 2, 6, 3]"
2026-05-20T20:37:08.333960,720p,Filters,salt_pepper,0.05,SaP_p0.05_watermarked_image_720_3.png,N:\Desktop\WORKING PAPERS\MVDW-NIKOS-PAPER\Version_22\attacked\720p\watermarked_image_720_3\Filters\SaP_p0.05_watermarked_image_720_3.png,0,37.5,0.2031,"['X', 2, 'X', 'X', 'X', 4, 'X', 'X', 0, 'X', 'X', 5, 'X', 2, 6, 'X']"
2026-05-20T20:37:09.518687,720p,Filters,salt_pepper,0.1,SaP_p0.1_watermarked_image_720_3.png,N:\Desktop\WORKING PAPERS\MVDW-NIKOS-PAPER\Version_22\attacked\720p\watermarked_image_720_3\Filters\SaP_p0.1_watermarked_image_720_3.png,0,25.0,0.2465,"[0, 'X', 'X', 'X', 6, 'X', 'X', 'X', 0, 'X', 'X', 'X', 'X', 'X', 6, 'X']"
2026-05-20T20:37:10.709237,720p,Filters,salt_pepper,0.2,SaP_p0.2_watermarked_image_720_3.png,N:\Desktop\WORKING PAPERS\MVDW-NIKOS-PAPER\Version_22\attacked\720p\watermarked_image_720_3\Filters\SaP_p0.2_watermarked_image_720_3.png,0,25.0,0.3403,"[0, 'X', 'X', 'X', 'X', 4, 'X', 'X', 'X', 'X', 'X', 'X', 'X', 2, 6, 'X']"
2026-05-20T20:37:11.878471,720p,Geometric,horizontal_flip,,HFLIP_watermarked_image_720_3.png,N:\Desktop\WORKING PAPERS\MVDW-NIKOS-PAPER\Version_22\attacked\720p\watermarked_image_720_3\Geometric\HFLIP_watermarked_image_720_3.png,0,0.0,0.3073,"['X', 'X', 'X', 'X', 'X', 'X', 'X', 'X', 'X', 'X', 'X', 'X', 'X', 'X', 'X', 'X']"
2026-05-20T20:37:13.052974,720p,Geometric,rotation,-10,ROT_-10_watermarked_image_720_3.png,N:\Desktop\WORKING PAPERS\MVDW-NIKOS-PAPER\Version_22\attacked\720p\watermarked_image_720_3\Geometric\ROT_-10_watermarked_image_720_3.png,0,18.75,0.3264,"['X', 'X', 'X', 5, 'X', 'X', 3, 'X', 'X', 'X', 'X', 'X', 'X', 'X', 6, 'X']"
2026-05-20T20:37:14.240050,720p,Geometric,rotation,10,ROT_10_watermarked_image_720_3.png,N:\Desktop\WORKING PAPERS\MVDW-NIKOS-PAPER\Version_22\attacked\720p\watermarked_image_720_3\Geometric\ROT_10_watermarked_image_720_3.png,0,18.75,0.3385,"['X', 'X', 'X', 'X', 'X', 'X', 'X', 2, 'X', 'X', 4, 5, 'X', 'X', 'X', 'X']"
2026-05-20T20:37:15.418446,720p,Geometric,rotation,5,ROT_5_watermarked_image_720_3.png,N:\Desktop\WORKING PAPERS\MVDW-NIKOS-PAPER\Version_22\attacked\720p\watermarked_image_720_3\Geometric\ROT_5_watermarked_image_720_3.png,0,0.0,0.3542,"['X', 'X', 'X', 'X', 'X', 'X', 'X', 'X', 'X', 'X', 'X', 'X', 'X', 'X', 'X', 'X']"
2026-05-20T20:37:16.593272,720p,Geometric,translation,x2_y2,TRANS_x2_y2_watermarked_image_720_3.png,N:\Desktop\WORKING PAPERS\MVDW-NIKOS-PAPER\Version_22\attacked\720p\watermarked_image_720_3\Geometric\TRANS_x2_y2_watermarked_image_720_3.png,0,93.75,0.0312,"[0, 2, 2, 5, 6, 4, 3, 2, 0, 'X', 4, 5, 1, 2, 6, 3]"
2026-05-20T20:37:17.759282,720p,Geometric,translation,x4_y4,TRANS_x4_y4_watermarked_image_720_3.png,N:\Desktop\WORKING PAPERS\MVDW-NIKOS-PAPER\Version_22\attacked\720p\watermarked_image_720_3\Geometric\TRANS_x4_y4_watermarked_image_720_3.png,0,0.0,0.2656,"['X', 'X', 'X', 'X', 'X', 'X', 'X', 'X', 'X', 'X', 'X', 'X', 'X', 'X', 'X', 'X']"
2026-05-20T20:37:18.918344,720p,Resize,resize,110,RESIZE_110_watermarked_image_720_3.png,N:\Desktop\WORKING PAPERS\MVDW-NIKOS-PAPER\Version_22\attacked\720p\watermarked_image_720_3\Resize\RESIZE_110_watermarked_image_720_3.png,0,100.0,0.0,"[0, 2, 2, 5, 6, 4, 3, 2, 0, 0, 4, 5, 1, 2, 6, 3]"
2026-05-20T20:37:20.106689,720p,Resize,resize,90,RESIZE_90_watermarked_image_720_3.png,N:\Desktop\WORKING PAPERS\MVDW-NIKOS-PAPER\Version_22\attacked\720p\watermarked_image_720_3\Resize\RESIZE_90_watermarked_image_720_3.png,0,81.25,0.033,"['X', 'X', 2, 'X', 6, 4, 3, 2, 0, 0, 4, 5, 1, 2, 6, 3]"
2026-05-20T20:37:21.272713,720p,Crops,crop,BothHorizontal_25,Croped_BothHorizontal_25_watermarked_image_720_4.png,N:\Desktop\WORKING PAPERS\MVDW-NIKOS-PAPER\Version_22\attacked\720p\watermarked_image_720_4\Crops\Croped_BothHorizontal_25_watermarked_image_720_4.png,0,75.0,0.1128,"['X', 'X', 'X', 'X', 6, 4, 3, 2, 0, 0, 4, 5, 1, 2, 6, 3]"
2026-05-20T20:37:22.404936,720p,Crops,crop,BothHorizontal_50,Croped_BothHorizontal_50_watermarked_image_720_4.png,N:\Desktop\WORKING PAPERS\MVDW-NIKOS-PAPER\Version_22\attacked\720p\watermarked_image_720_4\Crops\Croped_BothHorizontal_50_watermarked_image_720_4.png,0,50.0,0.1875,"['X', 'X', 'X', 'X', 6, 4, 3, 2, 0, 0, 4, 5, 'X', 'X', 'X', 'X']"
2026-05-20T20:37:23.514783,720p,Crops,crop,BothHorizontal_75,Croped_BothHorizontal_75_watermarked_image_720_4.png,N:\Desktop\WORKING PAPERS\MVDW-NIKOS-PAPER\Version_22\attacked\720p\watermarked_image_720_4\Crops\Croped_BothHorizontal_75_watermarked_image_720_4.png,0,18.75,0.2865,"['X', 'X', 'X', 'X', 'X', 'X', 'X', 'X', 0, 0, 'X', 5, 'X', 'X', 'X', 'X']"
2026-05-20T20:37:24.695906,720p,Crops,crop,BothVertical_25,Croped_BothVertical_25_watermarked_image_720_4.png,N:\Desktop\WORKING PAPERS\MVDW-NIKOS-PAPER\Version_22\attacked\720p\watermarked_image_720_4\Crops\Croped_BothVertical_25_watermarked_image_720_4.png,0,75.0,0.1024,"[0, 2, 2, 5, 'X', 4, 3, 'X', 0, 0, 4, 5, 'X', 2, 6, 'X']"
2026-05-20T20:37:25.841143,720p,Crops,crop,BothVertical_50,Croped_BothVertical_50_watermarked_image_720_4.png,N:\Desktop\WORKING PAPERS\MVDW-NIKOS-PAPER\Version_22\attacked\720p\watermarked_image_720_4\Crops\Croped_BothVertical_50_watermarked_image_720_4.png,0,50.0,0.1875,"['X', 2, 2, 'X', 'X', 4, 3, 'X', 'X', 0, 4, 'X', 'X', 2, 6, 'X']"
2026-05-20T20:37:26.950564,720p,Crops,crop,BothVertical_75,Croped_BothVertical_75_watermarked_image_720_4.png,N:\Desktop\WORKING PAPERS\MVDW-NIKOS-PAPER\Version_22\attacked\720p\watermarked_image_720_4\Crops\Croped_BothVertical_75_watermarked_image_720_4.png,0,25.0,0.2812,"['X', 'X', 'X', 'X', 'X', 'X', 'X', 'X', 'X', 0, 4, 'X', 'X', 2, 6, 'X']"
2026-05-20T20:37:28.119140,720p,Crops,crop,Bottom_25,Croped_Bottom_25_watermarked_image_720_4.png,N:\Desktop\WORKING PAPERS\MVDW-NIKOS-PAPER\Version_22\attacked\720p\watermarked_image_720_4\Crops\Croped_Bottom_25_watermarked_image_720_4.png,0,75.0,0.1024,"[0, 2, 2, 5, 6, 4, 3, 2, 0, 0, 4, 5, 'X', 'X', 'X', 'X']"
2026-05-20T20:37:29.261888,720p,Crops,crop,Bottom_50,Croped_Bottom_50_watermarked_image_720_4.png,N:\Desktop\WORKING PAPERS\MVDW-NIKOS-PAPER\Version_22\attacked\720p\watermarked_image_720_4\Crops\Croped_Bottom_50_watermarked_image_720_4.png,0,50.0,0.1962,"[0, 2, 2, 5, 6, 4, 3, 2, 'X', 'X', 'X', 'X', 'X', 'X', 'X', 'X']"
2026-05-20T20:37:30.377443,720p,Crops,crop,Bottom_75,Croped_Bottom_75_watermarked_image_720_4.png,N:\Desktop\WORKING PAPERS\MVDW-NIKOS-PAPER\Version_22\attacked\720p\watermarked_image_720_4\Crops\Croped_Bottom_75_watermarked_image_720_4.png,0,25.0,0.283,"[0, 2, 2, 5, 'X', 'X', 'X', 'X', 'X', 'X', 'X', 'X', 'X', 'X', 'X', 'X']"
2026-05-20T20:37:31.542257,720p,Crops,crop,Left_25,Croped_Left_25_watermarked_image_720_4.png,N:\Desktop\WORKING PAPERS\MVDW-NIKOS-PAPER\Version_22\attacked\720p\watermarked_image_720_4\Crops\Croped_Left_25_watermarked_image_720_4.png,0,75.0,0.1302,"['X', 2, 2, 5, 'X', 4, 3, 2, 'X', 0, 4, 5, 'X', 2, 6, 3]"
2026-05-20T20:37:32.668736,720p,Crops,crop,Left_50,Croped_Left_50_watermarked_image_720_4.png,N:\Desktop\WORKING PAPERS\MVDW-NIKOS-PAPER\Version_22\attacked\720p\watermarked_image_720_4\Crops\Croped_Left_50_watermarked_image_720_4.png,0,50.0,0.224,"['X', 'X', 2, 5, 'X', 'X', 3, 2, 'X', 'X', 4, 5, 'X', 'X', 6, 3]"
2026-05-20T20:37:33.780056,720p,Crops,crop,Left_75,Croped_Left_75_watermarked_image_720_4.png,N:\Desktop\WORKING PAPERS\MVDW-NIKOS-PAPER\Version_22\attacked\720p\watermarked_image_720_4\Crops\Croped_Left_75_watermarked_image_720_4.png,0,25.0,0.3108,"['X', 'X', 'X', 5, 'X', 'X', 'X', 2, 'X', 'X', 'X', 5, 'X', 'X', 'X', 3]"
2026-05-20T20:37:34.960946,720p,Crops,crop,Right_25,Croped_Right_25_watermarked_image_720_4.png,N:\Desktop\WORKING PAPERS\MVDW-NIKOS-PAPER\Version_22\attacked\720p\watermarked_image_720_4\Crops\Croped_Right_25_watermarked_image_720_4.png,0,75.0,0.0972,"[0, 2, 2, 'X', 6, 4, 3, 'X', 0, 0, 4, 'X', 1, 2, 6, 'X']"
2026-05-20T20:37:36.099806,720p,Crops,crop,Right_50,Croped_Right_50_watermarked_image_720_4.png,N:\Desktop\WORKING PAPERS\MVDW-NIKOS-PAPER\Version_22\attacked\720p\watermarked_image_720_4\Crops\Croped_Right_50_watermarked_image_720_4.png,0,50.0,0.184,"[0, 2, 'X', 'X', 6, 4, 'X', 'X', 0, 0, 'X', 'X', 1, 2, 'X', 'X']"
2026-05-20T20:37:37.233070,720p,Crops,crop,Right_75,Croped_Right_75_watermarked_image_720_4.png,N:\Desktop\WORKING PAPERS\MVDW-NIKOS-PAPER\Version_22\attacked\720p\watermarked_image_720_4\Crops\Croped_Right_75_watermarked_image_720_4.png,0,25.0,0.2778,"[0, 'X', 'X', 'X', 6, 'X', 'X', 'X', 0, 'X', 'X', 'X', 1, 'X', 'X', 'X']"
2026-05-20T20:37:38.386258,720p,Crops,crop,Top_25,Croped_Top_25_watermarked_image_720_4.png,N:\Desktop\WORKING PAPERS\MVDW-NIKOS-PAPER\Version_22\attacked\720p\watermarked_image_720_4\Crops\Croped_Top_25_watermarked_image_720_4.png,0,75.0,0.125,"['X', 'X', 'X', 'X', 6, 4, 3, 2, 0, 0, 4, 5, 1, 2, 6, 3]"
2026-05-20T20:37:39.548844,720p,Crops,crop,Top_50,Croped_Top_50_watermarked_image_720_4.png,N:\Desktop\WORKING PAPERS\MVDW-NIKOS-PAPER\Version_22\attacked\720p\watermarked_image_720_4\Crops\Croped_Top_50_watermarked_image_720_4.png,0,50.0,0.2118,"['X', 'X', 'X', 'X', 'X', 'X', 'X', 'X', 0, 0, 4, 5, 1, 2, 6, 3]"
2026-05-20T20:37:40.660889,720p,Crops,crop,Top_75,Croped_Top_75_watermarked_image_720_4.png,N:\Desktop\WORKING PAPERS\MVDW-NIKOS-PAPER\Version_22\attacked\720p\watermarked_image_720_4\Crops\Croped_Top_75_watermarked_image_720_4.png,0,25.0,0.3056,"['X', 'X', 'X', 'X', 'X', 'X', 'X', 'X', 'X', 'X', 'X', 'X', 1, 2, 6, 3]"
2026-05-20T20:37:41.841451,720p,Filters,jpeg,70,Compressed_q70_watermarked_image_720_4.jpg,N:\Desktop\WORKING PAPERS\MVDW-NIKOS-PAPER\Version_22\attacked\720p\watermarked_image_720_4\Filters\Compressed_q70_watermarked_image_720_4.jpg,0,87.5,0.0399,"[0, 2, 2, 5, 6, 4, 3, 2, 0, 0, 4, 5, 'X', 2, 6, 'X']"
2026-05-20T20:37:43.022053,720p,Filters,jpeg,80,Compressed_q80_watermarked_image_720_4.jpg,N:\Desktop\WORKING PAPERS\MVDW-NIKOS-PAPER\Version_22\attacked\720p\watermarked_image_720_4\Filters\Compressed_q80_watermarked_image_720_4.jpg,0,93.75,0.0417,"[0, 2, 2, 5, 6, 4, 3, 2, 0, 0, 4, 5, 1, 2, 6, 'X']"
2026-05-20T20:37:44.197715,720p,Filters,jpeg,90,Compressed_q90_watermarked_image_720_4.jpg,N:\Desktop\WORKING PAPERS\MVDW-NIKOS-PAPER\Version_22\attacked\720p\watermarked_image_720_4\Filters\Compressed_q90_watermarked_image_720_4.jpg,0,93.75,0.0347,"[0, 2, 2, 5, 6, 4, 3, 2, 0, 0, 4, 5, 1, 2, 6, 'X']"
2026-05-20T20:37:45.383257,720p,Filters,gaussian_blur,3,GB_k3_watermarked_image_720_4.png,N:\Desktop\WORKING PAPERS\MVDW-NIKOS-PAPER\Version_22\attacked\720p\watermarked_image_720_4\Filters\GB_k3_watermarked_image_720_4.png,0,25.0,0.2431,"['X', 2, 'X', 5, 'X', 'X', 'X', 'X', 0, 'X', 'X', 'X', 'X', 2, 'X', 'X']"
2026-05-20T20:37:46.555619,720p,Filters,gaussian_blur,5,GB_k5_watermarked_image_720_4.png,N:\Desktop\WORKING PAPERS\MVDW-NIKOS-PAPER\Version_22\attacked\720p\watermarked_image_720_4\Filters\GB_k5_watermarked_image_720_4.png,0,12.5,0.3264,"['X', 'X', 'X', 'X', 'X', 'X', 'X', 'X', 'X', 'X', 'X', 5, 1, 'X', 'X', 'X']"
2026-05-20T20:37:47.734018,720p,Filters,gaussian_blur,7,GB_k7_watermarked_image_720_4.png,N:\Desktop\WORKING PAPERS\MVDW-NIKOS-PAPER\Version_22\attacked\720p\watermarked_image_720_4\Filters\GB_k7_watermarked_image_720_4.png,0,6.25,0.3125,"['X', 'X', 'X', 'X', 'X', 'X', 'X', 'X', 'X', 'X', 'X', 5, 'X', 'X', 'X', 'X']"
2026-05-20T20:37:48.901136,720p,Filters,gaussian_noise,0.05,GN_lvl0.05_watermarked_image_720_4.png,N:\Desktop\WORKING PAPERS\MVDW-NIKOS-PAPER\Version_22\attacked\720p\watermarked_image_720_4\Filters\GN_lvl0.05_watermarked_image_720_4.png,0,100.0,0.0399,"[0, 2, 2, 5, 6, 4, 3, 2, 0, 0, 4, 5, 1, 2, 6, 3]"
2026-05-20T20:37:50.082347,720p,Filters,gaussian_noise,0.1,GN_lvl0.1_watermarked_image_720_4.png,N:\Desktop\WORKING PAPERS\MVDW-NIKOS-PAPER\Version_22\attacked\720p\watermarked_image_720_4\Filters\GN_lvl0.1_watermarked_image_720_4.png,0,100.0,0.0399,"[0, 2, 2, 5, 6, 4, 3, 2, 0, 0, 4, 5, 1, 2, 6, 3]"
2026-05-20T20:37:51.258585,720p,Filters,gaussian_noise,0.2,GN_lvl0.2_watermarked_image_720_4.png,N:\Desktop\WORKING PAPERS\MVDW-NIKOS-PAPER\Version_22\attacked\720p\watermarked_image_720_4\Filters\GN_lvl0.2_watermarked_image_720_4.png,0,100.0,0.0399,"[0, 2, 2, 5, 6, 4, 3, 2, 0, 0, 4, 5, 1, 2, 6, 3]"
2026-05-20T20:37:52.424920,720p,Filters,gamma,,Gamma_watermarked_image_720_4.png,N:\Desktop\WORKING PAPERS\MVDW-NIKOS-PAPER\Version_22\attacked\720p\watermarked_image_720_4\Filters\Gamma_watermarked_image_720_4.png,0,93.75,0.0365,"[0, 2, 2, 5, 6, 4, 3, 2, 0, 'X', 4, 5, 1, 2, 6, 3]"
2026-05-20T20:37:53.615660,720p,Filters,histogram_equalization,,HEQ_watermarked_image_720_4.png,N:\Desktop\WORKING PAPERS\MVDW-NIKOS-PAPER\Version_22\attacked\720p\watermarked_image_720_4\Filters\HEQ_watermarked_image_720_4.png,0,87.5,0.0365,"[0, 2, 2, 'X', 6, 4, 3, 2, 0, 0, 4, 5, 1, 2, 6, 'X']"
2026-05-20T20:37:54.803294,720p,Filters,motion_blur,3,MB_k3_watermarked_image_720_4.png,N:\Desktop\WORKING PAPERS\MVDW-NIKOS-PAPER\Version_22\attacked\720p\watermarked_image_720_4\Filters\MB_k3_watermarked_image_720_4.png,0,93.75,0.0365,"[0, 2, 2, 5, 6, 4, 3, 2, 0, 0, 4, 5, 1, 2, 6, 'X']"
2026-05-20T20:37:55.999177,720p,Filters,motion_blur,5,MB_k5_watermarked_image_720_4.png,N:\Desktop\WORKING PAPERS\MVDW-NIKOS-PAPER\Version_22\attacked\720p\watermarked_image_720_4\Filters\MB_k5_watermarked_image_720_4.png,0,87.5,0.0365,"[0, 2, 2, 'X', 6, 4, 3, 2, 0, 0, 4, 5, 1, 2, 6, 'X']"
2026-05-20T20:37:57.204874,720p,Filters,motion_blur,7,MB_k7_watermarked_image_720_4.png,N:\Desktop\WORKING PAPERS\MVDW-NIKOS-PAPER\Version_22\attacked\720p\watermarked_image_720_4\Filters\MB_k7_watermarked_image_720_4.png,0,56.25,0.1076,"[0, 2, 'X', 'X', 'X', 4, 3, 2, 0, 0, 'X', 'X', 1, 'X', 6, 'X']"
2026-05-20T20:37:58.391825,720p,Filters,mean_filter,3,MEAN_k3_watermarked_image_720_4.png,N:\Desktop\WORKING PAPERS\MVDW-NIKOS-PAPER\Version_22\attacked\720p\watermarked_image_720_4\Filters\MEAN_k3_watermarked_image_720_4.png,0,43.75,0.1997,"[0, 'X', 2, 5, 'X', 'X', 'X', 2, 'X', 'X', 'X', 5, 'X', 2, 'X', 3]"
2026-05-20T20:37:59.578256,720p,Filters,mean_filter,5,MEAN_k5_watermarked_image_720_4.png,N:\Desktop\WORKING PAPERS\MVDW-NIKOS-PAPER\Version_22\attacked\720p\watermarked_image_720_4\Filters\MEAN_k5_watermarked_image_720_4.png,0,56.25,0.1198,"[0, 2, 2, 'X', 'X', 'X', 'X', 2, 0, 0, 4, 'X', 'X', 2, 6, 'X']"
2026-05-20T20:38:00.764210,720p,Filters,median_filter,3,MF_k3_watermarked_image_720_4.png,N:\Desktop\WORKING PAPERS\MVDW-NIKOS-PAPER\Version_22\attacked\720p\watermarked_image_720_4\Filters\MF_k3_watermarked_image_720_4.png,0,37.5,0.191,"['X', 'X', 'X', 'X', 'X', 'X', 'X', 2, 'X', 0, 4, 5, 'X', 2, 'X', 3]"
2026-05-20T20:38:01.938684,720p,Filters,median_filter,5,MF_k5_watermarked_image_720_4.png,N:\Desktop\WORKING PAPERS\MVDW-NIKOS-PAPER\Version_22\attacked\720p\watermarked_image_720_4\Filters\MF_k5_watermarked_image_720_4.png,0,25.0,0.2778,"['X', 'X', 2, 5, 'X', 'X', 'X', 'X', 'X', 0, 'X', 'X', 1, 'X', 'X', 'X']"
2026-05-20T20:38:03.121936,720p,Filters,median_filter,7,MF_k7_watermarked_image_720_4.png,N:\Desktop\WORKING PAPERS\MVDW-NIKOS-PAPER\Version_22\attacked\720p\watermarked_image_720_4\Filters\MF_k7_watermarked_image_720_4.png,0,25.0,0.3316,"['X', 'X', 'X', 5, 'X', 'X', 'X', 2, 'X', 'X', 'X', 5, 'X', 'X', 'X', 3]"
2026-05-20T20:38:04.306017,720p,Filters,sharpening,,SHARP_watermarked_image_720_4.png,N:\Desktop\WORKING PAPERS\MVDW-NIKOS-PAPER\Version_22\attacked\720p\watermarked_image_720_4\Filters\SHARP_watermarked_image_720_4.png,0,100.0,0.0104,"[0, 2, 2, 5, 6, 4, 3, 2, 0, 0, 4, 5, 1, 2, 6, 3]"
2026-05-20T20:38:05.511619,720p,Filters,salt_pepper,0.05,SaP_p0.05_watermarked_image_720_4.png,N:\Desktop\WORKING PAPERS\MVDW-NIKOS-PAPER\Version_22\attacked\720p\watermarked_image_720_4\Filters\SaP_p0.05_watermarked_image_720_4.png,0,37.5,0.1441,"['X', 2, 2, 'X', 'X', 'X', 'X', 2, 'X', 'X', 4, 5, 'X', 2, 'X', 'X']"
2026-05-20T20:38:06.692484,720p,Filters,salt_pepper,0.1,SaP_p0.1_watermarked_image_720_4.png,N:\Desktop\WORKING PAPERS\MVDW-NIKOS-PAPER\Version_22\attacked\720p\watermarked_image_720_4\Filters\SaP_p0.1_watermarked_image_720_4.png,0,18.75,0.2569,"['X', 'X', 'X', 'X', 6, 4, 'X', 'X', 'X', 'X', 'X', 'X', 'X', 2, 'X', 'X']"
2026-05-20T20:38:07.879848,720p,Filters,salt_pepper,0.2,SaP_p0.2_watermarked_image_720_4.png,N:\Desktop\WORKING PAPERS\MVDW-NIKOS-PAPER\Version_22\attacked\720p\watermarked_image_720_4\Filters\SaP_p0.2_watermarked_image_720_4.png,0,31.25,0.3177,"['X', 'X', 2, 'X', 'X', 'X', 'X', 'X', 'X', 'X', 4, 5, 1, 2, 'X', 'X']"
2026-05-20T20:38:09.069359,720p,Geometric,horizontal_flip,,HFLIP_watermarked_image_720_4.png,N:\Desktop\WORKING PAPERS\MVDW-NIKOS-PAPER\Version_22\attacked\720p\watermarked_image_720_4\Geometric\HFLIP_watermarked_image_720_4.png,0,12.5,0.342,"['X', 'X', 2, 'X', 'X', 'X', 3, 'X', 'X', 'X', 'X', 'X', 'X', 'X', 'X', 'X']"
2026-05-20T20:38:10.243951,720p,Geometric,rotation,-10,ROT_-10_watermarked_image_720_4.png,N:\Desktop\WORKING PAPERS\MVDW-NIKOS-PAPER\Version_22\attacked\720p\watermarked_image_720_4\Geometric\ROT_-10_watermarked_image_720_4.png,0,0.0,0.3333,"['X', 'X', 'X', 'X', 'X', 'X', 'X', 'X', 'X', 'X', 'X', 'X', 'X', 'X', 'X', 'X']"
2026-05-20T20:38:11.437903,720p,Geometric,rotation,10,ROT_10_watermarked_image_720_4.png,N:\Desktop\WORKING PAPERS\MVDW-NIKOS-PAPER\Version_22\attacked\720p\watermarked_image_720_4\Geometric\ROT_10_watermarked_image_720_4.png,0,6.25,0.3212,"['X', 'X', 'X', 'X', 'X', 'X', 'X', 2, 'X', 'X', 'X', 'X', 'X', 'X', 'X', 'X']"
2026-05-20T20:38:12.628400,720p,Geometric,rotation,5,ROT_5_watermarked_image_720_4.png,N:\Desktop\WORKING PAPERS\MVDW-NIKOS-PAPER\Version_22\attacked\720p\watermarked_image_720_4\Geometric\ROT_5_watermarked_image_720_4.png,0,18.75,0.3316,"['X', 'X', 'X', 5, 'X', 'X', 3, 'X', 'X', 'X', 'X', 5, 'X', 'X', 'X', 'X']"
2026-05-20T20:38:13.816934,720p,Geometric,translation,x2_y2,TRANS_x2_y2_watermarked_image_720_4.png,N:\Desktop\WORKING PAPERS\MVDW-NIKOS-PAPER\Version_22\attacked\720p\watermarked_image_720_4\Geometric\TRANS_x2_y2_watermarked_image_720_4.png,0,68.75,0.0885,"[0, 2, 2, 'X', 6, 4, 3, 2, 'X', 'X', 4, 5, 1, 2, 'X', 'X']"
2026-05-20T20:38:15.018133,720p,Geometric,translation,x4_y4,TRANS_x4_y4_watermarked_image_720_4.png,N:\Desktop\WORKING PAPERS\MVDW-NIKOS-PAPER\Version_22\attacked\720p\watermarked_image_720_4\Geometric\TRANS_x4_y4_watermarked_image_720_4.png,0,31.25,0.2812,"[0, 'X', 'X', 'X', 'X', 4, 'X', 'X', 0, 0, 'X', 'X', 1, 'X', 'X', 'X']"
2026-05-20T20:38:16.204288,720p,Resize,resize,110,RESIZE_110_watermarked_image_720_4.png,N:\Desktop\WORKING PAPERS\MVDW-NIKOS-PAPER\Version_22\attacked\720p\watermarked_image_720_4\Resize\RESIZE_110_watermarked_image_720_4.png,0,100.0,0.0399,"[0, 2, 2, 5, 6, 4, 3, 2, 0, 0, 4, 5, 1, 2, 6, 3]"
2026-05-20T20:38:17.397257,720p,Resize,resize,90,RESIZE_90_watermarked_image_720_4.png,N:\Desktop\WORKING PAPERS\MVDW-NIKOS-PAPER\Version_22\attacked\720p\watermarked_image_720_4\Resize\RESIZE_90_watermarked_image_720_4.png,0,75.0,0.0729,"[0, 'X', 'X', 5, 6, 'X', 3, 2, 0, 'X', 4, 5, 1, 2, 6, 3]"
2026-05-20T20:38:18.577705,720p,Crops,crop,BothHorizontal_25,Croped_BothHorizontal_25_watermarked_image_720_5.png,N:\Desktop\WORKING PAPERS\MVDW-NIKOS-PAPER\Version_22\attacked\720p\watermarked_image_720_5\Crops\Croped_BothHorizontal_25_watermarked_image_720_5.png,0,75.0,0.1146,"['X', 'X', 'X', 'X', 6, 4, 3, 2, 0, 0, 4, 5, 1, 2, 6, 3]"
2026-05-20T20:38:19.716869,720p,Crops,crop,BothHorizontal_50,Croped_BothHorizontal_50_watermarked_image_720_5.png,N:\Desktop\WORKING PAPERS\MVDW-NIKOS-PAPER\Version_22\attacked\720p\watermarked_image_720_5\Crops\Croped_BothHorizontal_50_watermarked_image_720_5.png,0,50.0,0.2049,"['X', 'X', 'X', 'X', 6, 4, 3, 2, 0, 0, 4, 5, 'X', 'X', 'X', 'X']"
2026-05-20T20:38:20.849207,720p,Crops,crop,BothHorizontal_75,Croped_BothHorizontal_75_watermarked_image_720_5.png,N:\Desktop\WORKING PAPERS\MVDW-NIKOS-PAPER\Version_22\attacked\720p\watermarked_image_720_5\Crops\Croped_BothHorizontal_75_watermarked_image_720_5.png,0,31.25,0.2517,"['X', 'X', 'X', 'X', 6, 'X', 'X', 2, 0, 0, 4, 'X', 'X', 'X', 'X', 'X']"
2026-05-20T20:38:22.015295,720p,Crops,crop,BothVertical_25,Croped_BothVertical_25_watermarked_image_720_5.png,N:\Desktop\WORKING PAPERS\MVDW-NIKOS-PAPER\Version_22\attacked\720p\watermarked_image_720_5\Crops\Croped_BothVertical_25_watermarked_image_720_5.png,0,75.0,0.0903,"[0, 2, 2, 5, 'X', 4, 3, 'X', 'X', 0, 4, 'X', 1, 2, 6, 3]"
2026-05-20T20:38:23.162597,720p,Crops,crop,BothVertical_50,Croped_BothVertical_50_watermarked_image_720_5.png,N:\Desktop\WORKING PAPERS\MVDW-NIKOS-PAPER\Version_22\attacked\720p\watermarked_image_720_5\Crops\Croped_BothVertical_50_watermarked_image_720_5.png,0,50.0,0.1875,"['X', 2, 2, 'X', 'X', 4, 3, 'X', 'X', 0, 4, 'X', 'X', 2, 6, 'X']"
2026-05-20T20:38:24.265472,720p,Crops,crop,BothVertical_75,Croped_BothVertical_75_watermarked_image_720_5.png,N:\Desktop\WORKING PAPERS\MVDW-NIKOS-PAPER\Version_22\attacked\720p\watermarked_image_720_5\Crops\Croped_BothVertical_75_watermarked_image_720_5.png,0,12.5,0.3438,"['X', 'X', 'X', 'X', 'X', 'X', 3, 'X', 'X', 'X', 'X', 'X', 'X', 'X', 6, 'X']"
2026-05-20T20:38:25.435844,720p,Crops,crop,Bottom_25,Croped_Bottom_25_watermarked_image_720_5.png,N:\Desktop\WORKING PAPERS\MVDW-NIKOS-PAPER\Version_22\attacked\720p\watermarked_image_720_5\Crops\Croped_Bottom_25_watermarked_image_720_5.png,0,75.0,0.1076,"[0, 2, 2, 5, 6, 4, 3, 2, 0, 0, 4, 5, 'X', 'X', 'X', 'X']"
2026-05-20T20:38:26.587462,720p,Crops,crop,Bottom_50,Croped_Bottom_50_watermarked_image_720_5.png,N:\Desktop\WORKING PAPERS\MVDW-NIKOS-PAPER\Version_22\attacked\720p\watermarked_image_720_5\Crops\Croped_Bottom_50_watermarked_image_720_5.png,0,50.0,0.184,"[0, 2, 2, 5, 6, 4, 3, 2, 'X', 'X', 'X', 'X', 'X', 'X', 'X', 'X']"
2026-05-20T20:38:27.699576,720p,Crops,crop,Bottom_75,Croped_Bottom_75_watermarked_image_720_5.png,N:\Desktop\WORKING PAPERS\MVDW-NIKOS-PAPER\Version_22\attacked\720p\watermarked_image_720_5\Crops\Croped_Bottom_75_watermarked_image_720_5.png,0,25.0,0.2708,"[0, 2, 2, 5, 'X', 'X', 'X', 'X', 'X', 'X', 'X', 'X', 'X', 'X', 'X', 'X']"
2026-05-20T20:38:28.860687,720p,Crops,crop,Left_25,Croped_Left_25_watermarked_image_720_5.png,N:\Desktop\WORKING PAPERS\MVDW-NIKOS-PAPER\Version_22\attacked\720p\watermarked_image_720_5\Crops\Croped_Left_25_watermarked_image_720_5.png,0,75.0,0.1076,"['X', 2, 2, 5, 'X', 4, 3, 2, 'X', 0, 4, 5, 'X', 2, 6, 3]"
2026-05-20T20:38:29.999607,720p,Crops,crop,Left_50,Croped_Left_50_watermarked_image_720_5.png,N:\Desktop\WORKING PAPERS\MVDW-NIKOS-PAPER\Version_22\attacked\720p\watermarked_image_720_5\Crops\Croped_Left_50_watermarked_image_720_5.png,0,50.0,0.2014,"['X', 'X', 2, 5, 'X', 'X', 3, 2, 'X', 'X', 4, 5, 'X', 'X', 6, 3]"
2026-05-20T20:38:31.120106,720p,Crops,crop,Left_75,Croped_Left_75_watermarked_image_720_5.png,N:\Desktop\WORKING PAPERS\MVDW-NIKOS-PAPER\Version_22\attacked\720p\watermarked_image_720_5\Crops\Croped_Left_75_watermarked_image_720_5.png,0,25.0,0.2882,"['X', 'X', 'X', 5, 'X', 'X', 'X', 2, 'X', 'X', 'X', 5, 'X', 'X', 'X', 3]"
2026-05-20T20:38:32.267087,720p,Crops,crop,Right_25,Croped_Right_25_watermarked_image_720_5.png,N:\Desktop\WORKING PAPERS\MVDW-NIKOS-PAPER\Version_22\attacked\720p\watermarked_image_720_5\Crops\Croped_Right_25_watermarked_image_720_5.png,0,75.0,0.0972,"[0, 2, 2, 'X', 6, 4, 3, 'X', 0, 0, 4, 'X', 1, 2, 6, 'X']"
2026-05-20T20:38:33.404429,720p,Crops,crop,Right_50,Croped_Right_50_watermarked_image_720_5.png,N:\Desktop\WORKING PAPERS\MVDW-NIKOS-PAPER\Version_22\attacked\720p\watermarked_image_720_5\Crops\Croped_Right_50_watermarked_image_720_5.png,0,50.0,0.184,"[0, 2, 'X', 'X', 6, 4, 'X', 'X', 0, 0, 'X', 'X', 1, 2, 'X', 'X']"
2026-05-20T20:38:34.525482,720p,Crops,crop,Right_75,Croped_Right_75_watermarked_image_720_5.png,N:\Desktop\WORKING PAPERS\MVDW-NIKOS-PAPER\Version_22\attacked\720p\watermarked_image_720_5\Crops\Croped_Right_75_watermarked_image_720_5.png,0,25.0,0.2778,"[0, 'X', 'X', 'X', 6, 'X', 'X', 'X', 0, 'X', 'X', 'X', 1, 'X', 'X', 'X']"
2026-05-20T20:38:35.675734,720p,Crops,crop,Top_25,Croped_Top_25_watermarked_image_720_5.png,N:\Desktop\WORKING PAPERS\MVDW-NIKOS-PAPER\Version_22\attacked\720p\watermarked_image_720_5\Crops\Croped_Top_25_watermarked_image_720_5.png,0,75.0,0.1146,"['X', 'X', 'X', 'X', 6, 4, 3, 2, 0, 0, 4, 5, 1, 2, 6, 3]"
2026-05-20T20:38:36.809853,720p,Crops,crop,Top_50,Croped_Top_50_watermarked_image_720_5.png,N:\Desktop\WORKING PAPERS\MVDW-NIKOS-PAPER\Version_22\attacked\720p\watermarked_image_720_5\Crops\Croped_Top_50_watermarked_image_720_5.png,0,50.0,0.2014,"['X', 'X', 'X', 'X', 'X', 'X', 'X', 'X', 0, 0, 4, 5, 1, 2, 6, 3]"
2026-05-20T20:38:37.927626,720p,Crops,crop,Top_75,Croped_Top_75_watermarked_image_720_5.png,N:\Desktop\WORKING PAPERS\MVDW-NIKOS-PAPER\Version_22\attacked\720p\watermarked_image_720_5\Crops\Croped_Top_75_watermarked_image_720_5.png,0,25.0,0.2778,"['X', 'X', 'X', 'X', 'X', 'X', 'X', 'X', 'X', 'X', 'X', 'X', 1, 2, 6, 3]"
2026-05-20T20:38:39.109825,720p,Filters,jpeg,70,Compressed_q70_watermarked_image_720_5.jpg,N:\Desktop\WORKING PAPERS\MVDW-NIKOS-PAPER\Version_22\attacked\720p\watermarked_image_720_5\Filters\Compressed_q70_watermarked_image_720_5.jpg,0,25.0,0.1389,"['X', 'X', 'X', 'X', 'X', 4, 'X', 'X', 'X', 0, 'X', 'X', 1, 'X', 6, 'X']"
2026-05-20T20:38:40.283849,720p,Filters,jpeg,80,Compressed_q80_watermarked_image_720_5.jpg,N:\Desktop\WORKING PAPERS\MVDW-NIKOS-PAPER\Version_22\attacked\720p\watermarked_image_720_5\Filters\Compressed_q80_watermarked_image_720_5.jpg,0,81.25,0.092,"['X', 2, 2, 5, 6, 4, 3, 'X', 'X', 0, 4, 5, 1, 2, 6, 3]"
2026-05-20T20:38:41.479063,720p,Filters,jpeg,90,Compressed_q90_watermarked_image_720_5.jpg,N:\Desktop\WORKING PAPERS\MVDW-NIKOS-PAPER\Version_22\attacked\720p\watermarked_image_720_5\Filters\Compressed_q90_watermarked_image_720_5.jpg,0,93.75,0.0139,"[0, 2, 2, 5, 6, 4, 3, 2, 0, 0, 4, 'X', 1, 2, 6, 3]"
2026-05-20T20:38:42.663719,720p,Filters,gaussian_blur,3,GB_k3_watermarked_image_720_5.png,N:\Desktop\WORKING PAPERS\MVDW-NIKOS-PAPER\Version_22\attacked\720p\watermarked_image_720_5\Filters\GB_k3_watermarked_image_720_5.png,0,6.25,0.3264,"['X', 'X', 'X', 'X', 6, 'X', 'X', 'X', 'X', 'X', 'X', 'X', 'X', 'X', 'X', 'X']"
2026-05-20T20:38:43.855434,720p,Filters,gaussian_blur,5,GB_k5_watermarked_image_720_5.png,N:\Desktop\WORKING PAPERS\MVDW-NIKOS-PAPER\Version_22\attacked\720p\watermarked_image_720_5\Filters\GB_k5_watermarked_image_720_5.png,0,12.5,0.3646,"['X', 'X', 'X', 'X', 'X', 'X', 'X', 'X', 'X', 'X', 'X', 5, 'X', 2, 'X', 'X']"
2026-05-20T20:38:45.032299,720p,Filters,gaussian_blur,7,GB_k7_watermarked_image_720_5.png,N:\Desktop\WORKING PAPERS\MVDW-NIKOS-PAPER\Version_22\attacked\720p\watermarked_image_720_5\Filters\GB_k7_watermarked_image_720_5.png,0,12.5,0.3594,"['X', 'X', 'X', 'X', 'X', 'X', 'X', 2, 'X', 'X', 'X', 5, 'X', 'X', 'X', 'X']"
2026-05-20T20:38:46.217978,720p,Filters,gaussian_noise,0.05,GN_lvl0.05_watermarked_image_720_5.png,N:\Desktop\WORKING PAPERS\MVDW-NIKOS-PAPER\Version_22\attacked\720p\watermarked_image_720_5\Filters\GN_lvl0.05_watermarked_image_720_5.png,0,100.0,0.0174,"[0, 2, 2, 5, 6, 4, 3, 2, 0, 0, 4, 5, 1, 2, 6, 3]"
2026-05-20T20:38:47.401874,720p,Filters,gaussian_noise,0.1,GN_lvl0.1_watermarked_image_720_5.png,N:\Desktop\WORKING PAPERS\MVDW-NIKOS-PAPER\Version_22\attacked\720p\watermarked_image_720_5\Filters\GN_lvl0.1_watermarked_image_720_5.png,0,100.0,0.0174,"[0, 2, 2, 5, 6, 4, 3, 2, 0, 0, 4, 5, 1, 2, 6, 3]"
2026-05-20T20:38:48.590382,720p,Filters,gaussian_noise,0.2,GN_lvl0.2_watermarked_image_720_5.png,N:\Desktop\WORKING PAPERS\MVDW-NIKOS-PAPER\Version_22\attacked\720p\watermarked_image_720_5\Filters\GN_lvl0.2_watermarked_image_720_5.png,0,100.0,0.0174,"[0, 2, 2, 5, 6, 4, 3, 2, 0, 0, 4, 5, 1, 2, 6, 3]"
2026-05-20T20:38:49.774115,720p,Filters,gamma,,Gamma_watermarked_image_720_5.png,N:\Desktop\WORKING PAPERS\MVDW-NIKOS-PAPER\Version_22\attacked\720p\watermarked_image_720_5\Filters\Gamma_watermarked_image_720_5.png,0,37.5,0.0955,"['X', 2, 2, 5, 'X', 'X', 3, 'X', 'X', 0, 4, 'X', 'X', 'X', 'X', 'X']"
2026-05-20T20:38:50.953884,720p,Filters,histogram_equalization,,HEQ_watermarked_image_720_5.png,N:\Desktop\WORKING PAPERS\MVDW-NIKOS-PAPER\Version_22\attacked\720p\watermarked_image_720_5\Filters\HEQ_watermarked_image_720_5.png,0,100.0,0.0174,"[0, 2, 2, 5, 6, 4, 3, 2, 0, 0, 4, 5, 1, 2, 6, 3]"
2026-05-20T20:38:52.128004,720p,Filters,motion_blur,3,MB_k3_watermarked_image_720_5.png,N:\Desktop\WORKING PAPERS\MVDW-NIKOS-PAPER\Version_22\attacked\720p\watermarked_image_720_5\Filters\MB_k3_watermarked_image_720_5.png,0,81.25,0.0486,"[0, 2, 2, 5, 6, 4, 'X', 2, 0, 0, 'X', 'X', 1, 2, 6, 3]"
2026-05-20T20:38:53.312555,720p,Filters,motion_blur,5,MB_k5_watermarked_image_720_5.png,N:\Desktop\WORKING PAPERS\MVDW-NIKOS-PAPER\Version_22\attacked\720p\watermarked_image_720_5\Filters\MB_k5_watermarked_image_720_5.png,0,75.0,0.0833,"[0, 'X', 2, 5, 6, 4, 'X', 2, 0, 0, 4, 'X', 1, 2, 6, 'X']"
2026-05-20T20:38:54.494802,720p,Filters,motion_blur,7,MB_k7_watermarked_image_720_5.png,N:\Desktop\WORKING PAPERS\MVDW-NIKOS-PAPER\Version_22\attacked\720p\watermarked_image_720_5\Filters\MB_k7_watermarked_image_720_5.png,0,18.75,0.276,"['X', 'X', 'X', 'X', 6, 'X', 3, 'X', 'X', 'X', 'X', 5, 'X', 'X', 'X', 'X']"
2026-05-20T20:38:55.684677,720p,Filters,mean_filter,3,MEAN_k3_watermarked_image_720_5.png,N:\Desktop\WORKING PAPERS\MVDW-NIKOS-PAPER\Version_22\attacked\720p\watermarked_image_720_5\Filters\MEAN_k3_watermarked_image_720_5.png,0,12.5,0.2326,"['X', 'X', 2, 'X', 'X', 'X', 'X', 'X', 'X', 'X', 4, 'X', 'X', 'X', 'X', 'X']"
2026-05-20T20:38:56.872358,720p,Filters,mean_filter,5,MEAN_k5_watermarked_image_720_5.png,N:\Desktop\WORKING PAPERS\MVDW-NIKOS-PAPER\Version_22\attacked\720p\watermarked_image_720_5\Filters\MEAN_k5_watermarked_image_720_5.png,0,37.5,0.2396,"[0, 'X', 'X', 5, 'X', 'X', 'X', 2, 0, 'X', 'X', 5, 'X', 'X', 6, 'X']"
2026-05-20T20:38:58.064863,720p,Filters,median_filter,3,MF_k3_watermarked_image_720_5.png,N:\Desktop\WORKING PAPERS\MVDW-NIKOS-PAPER\Version_22\attacked\720p\watermarked_image_720_5\Filters\MF_k3_watermarked_image_720_5.png,0,6.25,0.2847,"['X', 'X', 'X', 'X', 6, 'X', 'X', 'X', 'X', 'X', 'X', 'X', 'X', 'X', 'X', 'X']"
2026-05-20T20:38:59.257033,720p,Filters,median_filter,5,MF_k5_watermarked_image_720_5.png,N:\Desktop\WORKING PAPERS\MVDW-NIKOS-PAPER\Version_22\attacked\720p\watermarked_image_720_5\Filters\MF_k5_watermarked_image_720_5.png,0,12.5,0.3628,"['X', 'X', 'X', 'X', 'X', 'X', 3, 'X', 'X', 'X', 'X', 'X', 'X', 'X', 6, 'X']"
2026-05-20T20:39:00.425041,720p,Filters,median_filter,7,MF_k7_watermarked_image_720_5.png,N:\Desktop\WORKING PAPERS\MVDW-NIKOS-PAPER\Version_22\attacked\720p\watermarked_image_720_5\Filters\MF_k7_watermarked_image_720_5.png,0,18.75,0.4062,"['X', 'X', 'X', 'X', 6, 'X', 'X', 'X', 'X', 'X', 'X', 5, 'X', 'X', 6, 'X']"
2026-05-20T20:39:01.606906,720p,Filters,sharpening,,SHARP_watermarked_image_720_5.png,N:\Desktop\WORKING PAPERS\MVDW-NIKOS-PAPER\Version_22\attacked\720p\watermarked_image_720_5\Filters\SHARP_watermarked_image_720_5.png,0,100.0,0.0069,"[0, 2, 2, 5, 6, 4, 3, 2, 0, 0, 4, 5, 1, 2, 6, 3]"
2026-05-20T20:39:02.801874,720p,Filters,salt_pepper,0.05,SaP_p0.05_watermarked_image_720_5.png,N:\Desktop\WORKING PAPERS\MVDW-NIKOS-PAPER\Version_22\attacked\720p\watermarked_image_720_5\Filters\SaP_p0.05_watermarked_image_720_5.png,0,6.25,0.3264,"['X', 'X', 'X', 'X', 'X', 'X', 'X', 'X', 'X', 'X', 'X', 'X', 1, 'X', 'X', 'X']"
2026-05-20T20:39:03.982222,720p,Filters,salt_pepper,0.1,SaP_p0.1_watermarked_image_720_5.png,N:\Desktop\WORKING PAPERS\MVDW-NIKOS-PAPER\Version_22\attacked\720p\watermarked_image_720_5\Filters\SaP_p0.1_watermarked_image_720_5.png,0,6.25,0.3299,"['X', 'X', 'X', 'X', 'X', 'X', 'X', 'X', 'X', 'X', 'X', 'X', 'X', 'X', 6, 'X']"
2026-05-20T20:39:05.169465,720p,Filters,salt_pepper,0.2,SaP_p0.2_watermarked_image_720_5.png,N:\Desktop\WORKING PAPERS\MVDW-NIKOS-PAPER\Version_22\attacked\720p\watermarked_image_720_5\Filters\SaP_p0.2_watermarked_image_720_5.png,0,12.5,0.3438,"['X', 'X', 'X', 5, 'X', 'X', 3, 'X', 'X', 'X', 'X', 'X', 'X', 'X', 'X', 'X']"
2026-05-20T20:39:06.352312,720p,Geometric,horizontal_flip,,HFLIP_watermarked_image_720_5.png,N:\Desktop\WORKING PAPERS\MVDW-NIKOS-PAPER\Version_22\attacked\720p\watermarked_image_720_5\Geometric\HFLIP_watermarked_image_720_5.png,0,12.5,0.3698,"['X', 'X', 'X', 'X', 'X', 'X', 'X', 2, 'X', 'X', 4, 'X', 'X', 'X', 'X', 'X']"
2026-05-20T20:39:07.544420,720p,Geometric,rotation,-10,ROT_-10_watermarked_image_720_5.png,N:\Desktop\WORKING PAPERS\MVDW-NIKOS-PAPER\Version_22\attacked\720p\watermarked_image_720_5\Geometric\ROT_-10_watermarked_image_720_5.png,0,12.5,0.3559,"['X', 'X', 'X', 'X', 'X', 'X', 'X', 'X', 'X', 'X', 'X', 5, 1, 'X', 'X', 'X']"
2026-05-20T20:39:08.726172,720p,Geometric,rotation,10,ROT_10_watermarked_image_720_5.png,N:\Desktop\WORKING PAPERS\MVDW-NIKOS-PAPER\Version_22\attacked\720p\watermarked_image_720_5\Geometric\ROT_10_watermarked_image_720_5.png,0,12.5,0.3542,"['X', 'X', 'X', 'X', 'X', 'X', 'X', 'X', 'X', 'X', 'X', 5, 'X', 'X', 6, 'X']"
2026-05-20T20:39:09.913924,720p,Geometric,rotation,5,ROT_5_watermarked_image_720_5.png,N:\Desktop\WORKING PAPERS\MVDW-NIKOS-PAPER\Version_22\attacked\720p\watermarked_image_720_5\Geometric\ROT_5_watermarked_image_720_5.png,0,6.25,0.3837,"['X', 'X', 'X', 'X', 'X', 'X', 'X', 'X', 'X', 'X', 'X', 'X', 1, 'X', 'X', 'X']"
2026-05-20T20:39:11.091715,720p,Geometric,translation,x2_y2,TRANS_x2_y2_watermarked_image_720_5.png,N:\Desktop\WORKING PAPERS\MVDW-NIKOS-PAPER\Version_22\attacked\720p\watermarked_image_720_5\Geometric\TRANS_x2_y2_watermarked_image_720_5.png,0,43.75,0.1545,"['X', 2, 2, 5, 'X', 4, 'X', 2, 'X', 0, 'X', 'X', 'X', 'X', 'X', 3]"
2026-05-20T20:39:12.291094,720p,Geometric,translation,x4_y4,TRANS_x4_y4_watermarked_image_720_5.png,N:\Desktop\WORKING PAPERS\MVDW-NIKOS-PAPER\Version_22\attacked\720p\watermarked_image_720_5\Geometric\TRANS_x4_y4_watermarked_image_720_5.png,0,25.0,0.3351,"['X', 'X', 'X', 'X', 'X', 'X', 'X', 2, 'X', 'X', 'X', 5, 1, 2, 'X', 'X']"
2026-05-20T20:39:13.475046,720p,Resize,resize,110,RESIZE_110_watermarked_image_720_5.png,N:\Desktop\WORKING PAPERS\MVDW-NIKOS-PAPER\Version_22\attacked\720p\watermarked_image_720_5\Resize\RESIZE_110_watermarked_image_720_5.png,0,93.75,0.0295,"[0, 2, 2, 5, 6, 4, 3, 2, 0, 0, 4, 'X', 1, 2, 6, 3]"
2026-05-20T20:39:14.668790,720p,Resize,resize,90,RESIZE_90_watermarked_image_720_5.png,N:\Desktop\WORKING PAPERS\MVDW-NIKOS-PAPER\Version_22\attacked\720p\watermarked_image_720_5\Resize\RESIZE_90_watermarked_image_720_5.png,0,31.25,0.1354,"['X', 'X', 2, 'X', 6, 'X', 'X', 'X', 'X', 0, 'X', 'X', 1, 'X', 6, 'X']"
2026-05-20T20:39:15.892854,R,Crops,crop,BothHorizontal_25,Croped_BothHorizontal_25_watermarked_image_R_1.png,N:\Desktop\WORKING PAPERS\MVDW-NIKOS-PAPER\Version_22\attacked\R\watermarked_image_R_1\Crops\Croped_BothHorizontal_25_watermarked_image_R_1.png,0,75.0,0.0816,"['X', 2, 2, 'X', 6, 4, 3, 2, 0, 0, 4, 5, 1, 2, 'X', 'X']"
2026-05-20T20:39:17.075054,R,Crops,crop,BothHorizontal_50,Croped_BothHorizontal_50_watermarked_image_R_1.png,N:\Desktop\WORKING PAPERS\MVDW-NIKOS-PAPER\Version_22\attacked\R\watermarked_image_R_1\Crops\Croped_BothHorizontal_50_watermarked_image_R_1.png,0,50.0,0.1875,"['X', 'X', 'X', 'X', 6, 4, 3, 2, 0, 0, 4, 5, 'X', 'X', 'X', 'X']"
2026-05-20T20:39:18.223082,R,Crops,crop,BothHorizontal_75,Croped_BothHorizontal_75_watermarked_image_R_1.png,N:\Desktop\WORKING PAPERS\MVDW-NIKOS-PAPER\Version_22\attacked\R\watermarked_image_R_1\Crops\Croped_BothHorizontal_75_watermarked_image_R_1.png,0,18.75,0.2917,"['X', 'X', 'X', 'X', 'X', 'X', 3, 'X', 0, 'X', 'X', 5, 'X', 'X', 'X', 'X']"
2026-05-20T20:39:19.446145,R,Crops,crop,BothVertical_25,Croped_BothVertical_25_watermarked_image_R_1.png,N:\Desktop\WORKING PAPERS\MVDW-NIKOS-PAPER\Version_22\attacked\R\watermarked_image_R_1\Crops\Croped_BothVertical_25_watermarked_image_R_1.png,0,81.25,0.0503,"[0, 2, 2, 5, 6, 4, 3, 'X', 0, 0, 4, 'X', 1, 2, 6, 'X']"
2026-05-20T20:39:20.636192,R,Crops,crop,BothVertical_50,Croped_BothVertical_50_watermarked_image_R_1.png,N:\Desktop\WORKING PAPERS\MVDW-NIKOS-PAPER\Version_22\attacked\R\watermarked_image_R_1\Crops\Croped_BothVertical_50_watermarked_image_R_1.png,0,50.0,0.1875,"['X', 2, 2, 'X', 'X', 4, 3, 'X', 'X', 0, 4, 'X', 'X', 2, 6, 'X']"
2026-05-20T20:39:21.792783,R,Crops,crop,BothVertical_75,Croped_BothVertical_75_watermarked_image_R_1.png,N:\Desktop\WORKING PAPERS\MVDW-NIKOS-PAPER\Version_22\attacked\R\watermarked_image_R_1\Crops\Croped_BothVertical_75_watermarked_image_R_1.png,0,25.0,0.2622,"['X', 'X', 2, 'X', 'X', 4, 3, 'X', 'X', 0, 'X', 'X', 'X', 'X', 'X', 'X']"
2026-05-20T20:39:23.001134,R,Crops,crop,Bottom_25,Croped_Bottom_25_watermarked_image_R_1.png,N:\Desktop\WORKING PAPERS\MVDW-NIKOS-PAPER\Version_22\attacked\R\watermarked_image_R_1\Crops\Croped_Bottom_25_watermarked_image_R_1.png,0,75.0,0.0903,"[0, 2, 2, 5, 6, 4, 3, 2, 0, 0, 4, 5, 'X', 'X', 'X', 'X']"
2026-05-20T20:39:24.182863,R,Crops,crop,Bottom_50,Croped_Bottom_50_watermarked_image_R_1.png,N:\Desktop\WORKING PAPERS\MVDW-NIKOS-PAPER\Version_22\attacked\R\watermarked_image_R_1\Crops\Croped_Bottom_50_watermarked_image_R_1.png,0,50.0,0.184,"[0, 2, 2, 5, 6, 4, 3, 2, 'X', 'X', 'X', 'X', 'X', 'X', 'X', 'X']"
2026-05-20T20:39:25.349269,R,Crops,crop,Bottom_75,Croped_Bottom_75_watermarked_image_R_1.png,N:\Desktop\WORKING PAPERS\MVDW-NIKOS-PAPER\Version_22\attacked\R\watermarked_image_R_1\Crops\Croped_Bottom_75_watermarked_image_R_1.png,0,25.0,0.2708,"[0, 2, 2, 5, 'X', 'X', 'X', 'X', 'X', 'X', 'X', 'X', 'X', 'X', 'X', 'X']"
2026-05-20T20:39:26.554091,R,Crops,crop,Left_25,Croped_Left_25_watermarked_image_R_1.png,N:\Desktop\WORKING PAPERS\MVDW-NIKOS-PAPER\Version_22\attacked\R\watermarked_image_R_1\Crops\Croped_Left_25_watermarked_image_R_1.png,0,75.0,0.0903,"['X', 2, 2, 5, 'X', 4, 3, 2, 'X', 0, 4, 5, 'X', 2, 6, 3]"
2026-05-20T20:39:27.739628,R,Crops,crop,Left_50,Croped_Left_50_watermarked_image_R_1.png,N:\Desktop\WORKING PAPERS\MVDW-NIKOS-PAPER\Version_22\attacked\R\watermarked_image_R_1\Crops\Croped_Left_50_watermarked_image_R_1.png,0,50.0,0.184,"['X', 'X', 2, 5, 'X', 'X', 3, 2, 'X', 'X', 4, 5, 'X', 'X', 6, 3]"
2026-05-20T20:39:28.883360,R,Crops,crop,Left_75,Croped_Left_75_watermarked_image_R_1.png,N:\Desktop\WORKING PAPERS\MVDW-NIKOS-PAPER\Version_22\attacked\R\watermarked_image_R_1\Crops\Croped_Left_75_watermarked_image_R_1.png,0,25.0,0.2708,"['X', 'X', 'X', 5, 'X', 'X', 'X', 2, 'X', 'X', 'X', 5, 'X', 'X', 'X', 3]"
2026-05-20T20:39:30.074737,R,Crops,crop,Right_25,Croped_Right_25_watermarked_image_R_1.png,N:\Desktop\WORKING PAPERS\MVDW-NIKOS-PAPER\Version_22\attacked\R\watermarked_image_R_1\Crops\Croped_Right_25_watermarked_image_R_1.png,0,75.0,0.0972,"[0, 2, 2, 'X', 6, 4, 3, 'X', 0, 0, 4, 'X', 1, 2, 6, 'X']"
2026-05-20T20:39:31.251925,R,Crops,crop,Right_50,Croped_Right_50_watermarked_image_R_1.png,N:\Desktop\WORKING PAPERS\MVDW-NIKOS-PAPER\Version_22\attacked\R\watermarked_image_R_1\Crops\Croped_Right_50_watermarked_image_R_1.png,0,50.0,0.184,"[0, 2, 'X', 'X', 6, 4, 'X', 'X', 0, 0, 'X', 'X', 1, 2, 'X', 'X']"
2026-05-20T20:39:32.403698,R,Crops,crop,Right_75,Croped_Right_75_watermarked_image_R_1.png,N:\Desktop\WORKING PAPERS\MVDW-NIKOS-PAPER\Version_22\attacked\R\watermarked_image_R_1\Crops\Croped_Right_75_watermarked_image_R_1.png,0,25.0,0.2778,"[0, 'X', 'X', 'X', 6, 'X', 'X', 'X', 0, 'X', 'X', 'X', 1, 'X', 'X', 'X']"
2026-05-20T20:39:33.608692,R,Crops,crop,Top_25,Croped_Top_25_watermarked_image_R_1.png,N:\Desktop\WORKING PAPERS\MVDW-NIKOS-PAPER\Version_22\attacked\R\watermarked_image_R_1\Crops\Croped_Top_25_watermarked_image_R_1.png,0,75.0,0.0972,"['X', 'X', 'X', 'X', 6, 4, 3, 2, 0, 0, 4, 5, 1, 2, 6, 3]"
2026-05-20T20:39:34.790047,R,Crops,crop,Top_50,Croped_Top_50_watermarked_image_R_1.png,N:\Desktop\WORKING PAPERS\MVDW-NIKOS-PAPER\Version_22\attacked\R\watermarked_image_R_1\Crops\Croped_Top_50_watermarked_image_R_1.png,0,50.0,0.184,"['X', 'X', 'X', 'X', 'X', 'X', 'X', 'X', 0, 0, 4, 5, 1, 2, 6, 3]"
2026-05-20T20:39:35.943910,R,Crops,crop,Top_75,Croped_Top_75_watermarked_image_R_1.png,N:\Desktop\WORKING PAPERS\MVDW-NIKOS-PAPER\Version_22\attacked\R\watermarked_image_R_1\Crops\Croped_Top_75_watermarked_image_R_1.png,0,25.0,0.2778,"['X', 'X', 'X', 'X', 'X', 'X', 'X', 'X', 'X', 'X', 'X', 'X', 1, 2, 6, 3]"
2026-05-20T20:39:37.172993,R,Filters,jpeg,70,Compressed_q70_watermarked_image_R_1.jpg,N:\Desktop\WORKING PAPERS\MVDW-NIKOS-PAPER\Version_22\attacked\R\watermarked_image_R_1\Filters\Compressed_q70_watermarked_image_R_1.jpg,0,31.25,0.3177,"[0, 'X', 'X', 'X', 6, 'X', 3, 'X', 'X', 'X', 'X', 'X', 1, 'X', 'X', 3]"
2026-05-20T20:39:38.391673,R,Filters,jpeg,80,Compressed_q80_watermarked_image_R_1.jpg,N:\Desktop\WORKING PAPERS\MVDW-NIKOS-PAPER\Version_22\attacked\R\watermarked_image_R_1\Filters\Compressed_q80_watermarked_image_R_1.jpg,0,18.75,0.2205,"['X', 'X', 'X', 5, 'X', 'X', 'X', 'X', 'X', 'X', 'X', 'X', 'X', 2, 6, 'X']"
2026-05-20T20:39:39.611368,R,Filters,jpeg,90,Compressed_q90_watermarked_image_R_1.jpg,N:\Desktop\WORKING PAPERS\MVDW-NIKOS-PAPER\Version_22\attacked\R\watermarked_image_R_1\Filters\Compressed_q90_watermarked_image_R_1.jpg,0,50.0,0.0712,"['X', 'X', 'X', 'X', 6, 'X', 3, 'X', 0, 0, 'X', 5, 1, 2, 6, 'X']"
2026-05-20T20:39:40.834672,R,Filters,gaussian_blur,3,GB_k3_watermarked_image_R_1.png,N:\Desktop\WORKING PAPERS\MVDW-NIKOS-PAPER\Version_22\attacked\R\watermarked_image_R_1\Filters\GB_k3_watermarked_image_R_1.png,0,31.25,0.276,"['X', 'X', 2, 'X', 'X', 'X', 3, 2, 'X', 'X', 4, 'X', 1, 'X', 'X', 'X']"
2026-05-20T20:39:42.049198,R,Filters,gaussian_blur,5,GB_k5_watermarked_image_R_1.png,N:\Desktop\WORKING PAPERS\MVDW-NIKOS-PAPER\Version_22\attacked\R\watermarked_image_R_1\Filters\GB_k5_watermarked_image_R_1.png,0,37.5,0.3021,"['X', 2, 2, 'X', 6, 'X', 'X', 'X', 'X', 'X', 'X', 5, 1, 2, 'X', 'X']"
2026-05-20T20:39:43.261007,R,Filters,gaussian_blur,7,GB_k7_watermarked_image_R_1.png,N:\Desktop\WORKING PAPERS\MVDW-NIKOS-PAPER\Version_22\attacked\R\watermarked_image_R_1\Filters\GB_k7_watermarked_image_R_1.png,0,37.5,0.316,"['X', 'X', 'X', 5, 6, 'X', 3, 2, 'X', 'X', 4, 5, 'X', 'X', 'X', 'X']"
2026-05-20T20:39:44.484351,R,Filters,gaussian_noise,0.05,GN_lvl0.05_watermarked_image_R_1.png,N:\Desktop\WORKING PAPERS\MVDW-NIKOS-PAPER\Version_22\attacked\R\watermarked_image_R_1\Filters\GN_lvl0.05_watermarked_image_R_1.png,0,100.0,0.0,"[0, 2, 2, 5, 6, 4, 3, 2, 0, 0, 4, 5, 1, 2, 6, 3]"
2026-05-20T20:39:45.716058,R,Filters,gaussian_noise,0.1,GN_lvl0.1_watermarked_image_R_1.png,N:\Desktop\WORKING PAPERS\MVDW-NIKOS-PAPER\Version_22\attacked\R\watermarked_image_R_1\Filters\GN_lvl0.1_watermarked_image_R_1.png,0,100.0,0.0,"[0, 2, 2, 5, 6, 4, 3, 2, 0, 0, 4, 5, 1, 2, 6, 3]"
2026-05-20T20:39:46.941858,R,Filters,gaussian_noise,0.2,GN_lvl0.2_watermarked_image_R_1.png,N:\Desktop\WORKING PAPERS\MVDW-NIKOS-PAPER\Version_22\attacked\R\watermarked_image_R_1\Filters\GN_lvl0.2_watermarked_image_R_1.png,0,100.0,0.0,"[0, 2, 2, 5, 6, 4, 3, 2, 0, 0, 4, 5, 1, 2, 6, 3]"
2026-05-20T20:39:48.174854,R,Filters,gamma,,Gamma_watermarked_image_R_1.png,N:\Desktop\WORKING PAPERS\MVDW-NIKOS-PAPER\Version_22\attacked\R\watermarked_image_R_1\Filters\Gamma_watermarked_image_R_1.png,0,81.25,0.0139,"[0, 2, 2, 'X', 'X', 4, 3, 2, 0, 0, 4, 5, 1, 2, 6, 'X']"
2026-05-20T20:39:49.399492,R,Filters,histogram_equalization,,HEQ_watermarked_image_R_1.png,N:\Desktop\WORKING PAPERS\MVDW-NIKOS-PAPER\Version_22\attacked\R\watermarked_image_R_1\Filters\HEQ_watermarked_image_R_1.png,0,100.0,0.0,"[0, 2, 2, 5, 6, 4, 3, 2, 0, 0, 4, 5, 1, 2, 6, 3]"
2026-05-20T20:39:50.624811,R,Filters,motion_blur,3,MB_k3_watermarked_image_R_1.png,N:\Desktop\WORKING PAPERS\MVDW-NIKOS-PAPER\Version_22\attacked\R\watermarked_image_R_1\Filters\MB_k3_watermarked_image_R_1.png,0,100.0,0.0,"[0, 2, 2, 5, 6, 4, 3, 2, 0, 0, 4, 5, 1, 2, 6, 3]"
2026-05-20T20:39:51.844800,R,Filters,motion_blur,5,MB_k5_watermarked_image_R_1.png,N:\Desktop\WORKING PAPERS\MVDW-NIKOS-PAPER\Version_22\attacked\R\watermarked_image_R_1\Filters\MB_k5_watermarked_image_R_1.png,0,93.75,0.0069,"[0, 2, 2, 'X', 6, 4, 3, 2, 0, 0, 4, 5, 1, 2, 6, 3]"
2026-05-20T20:39:53.052735,R,Filters,motion_blur,7,MB_k7_watermarked_image_R_1.png,N:\Desktop\WORKING PAPERS\MVDW-NIKOS-PAPER\Version_22\attacked\R\watermarked_image_R_1\Filters\MB_k7_watermarked_image_R_1.png,0,50.0,0.2031,"['X', 'X', 2, 'X', 6, 'X', 3, 2, 'X', 0, 4, 'X', 'X', 2, 'X', 3]"
2026-05-20T20:39:54.269591,R,Filters,mean_filter,3,MEAN_k3_watermarked_image_R_1.png,N:\Desktop\WORKING PAPERS\MVDW-NIKOS-PAPER\Version_22\attacked\R\watermarked_image_R_1\Filters\MEAN_k3_watermarked_image_R_1.png,0,75.0,0.0208,"[0, 2, 2, 'X', 'X', 'X', 3, 2, 0, 0, 4, 5, 1, 2, 6, 'X']"
2026-05-20T20:39:55.485000,R,Filters,mean_filter,5,MEAN_k5_watermarked_image_R_1.png,N:\Desktop\WORKING PAPERS\MVDW-NIKOS-PAPER\Version_22\attacked\R\watermarked_image_R_1\Filters\MEAN_k5_watermarked_image_R_1.png,0,25.0,0.1615,"[0, 2, 'X', 'X', 'X', 'X', 'X', 'X', 'X', 'X', 'X', 'X', 1, 'X', 6, 'X']"
2026-05-20T20:39:56.705796,R,Filters,median_filter,3,MF_k3_watermarked_image_R_1.png,N:\Desktop\WORKING PAPERS\MVDW-NIKOS-PAPER\Version_22\attacked\R\watermarked_image_R_1\Filters\MF_k3_watermarked_image_R_1.png,0,93.75,0.0156,"[0, 2, 2, 5, 6, 4, 3, 2, 0, 0, 4, 'X', 1, 2, 6, 3]"
2026-05-20T20:39:57.932767,R,Filters,median_filter,5,MF_k5_watermarked_image_R_1.png,N:\Desktop\WORKING PAPERS\MVDW-NIKOS-PAPER\Version_22\attacked\R\watermarked_image_R_1\Filters\MF_k5_watermarked_image_R_1.png,0,43.75,0.1389,"['X', 2, 2, 'X', 6, 'X', 3, 2, 'X', 'X', 4, 'X', 'X', 'X', 'X', 3]"
2026-05-20T20:39:59.143042,R,Filters,median_filter,7,MF_k7_watermarked_image_R_1.png,N:\Desktop\WORKING PAPERS\MVDW-NIKOS-PAPER\Version_22\attacked\R\watermarked_image_R_1\Filters\MF_k7_watermarked_image_R_1.png,0,18.75,0.2882,"['X', 'X', 'X', 'X', 'X', 4, 'X', 2, 'X', 'X', 'X', 'X', 1, 'X', 'X', 'X']"
2026-05-20T20:40:00.384998,R,Filters,sharpening,,SHARP_watermarked_image_R_1.png,N:\Desktop\WORKING PAPERS\MVDW-NIKOS-PAPER\Version_22\attacked\R\watermarked_image_R_1\Filters\SHARP_watermarked_image_R_1.png,0,100.0,0.0,"[0, 2, 2, 5, 6, 4, 3, 2, 0, 0, 4, 5, 1, 2, 6, 3]"
2026-05-20T20:40:01.613067,R,Filters,salt_pepper,0.05,SaP_p0.05_watermarked_image_R_1.png,N:\Desktop\WORKING PAPERS\MVDW-NIKOS-PAPER\Version_22\attacked\R\watermarked_image_R_1\Filters\SaP_p0.05_watermarked_image_R_1.png,0,25.0,0.2986,"['X', 'X', 'X', 'X', 'X', 'X', 3, 'X', 'X', 'X', 'X', 5, 'X', 2, 6, 'X']"
2026-05-20T20:40:02.831102,R,Filters,salt_pepper,0.1,SaP_p0.1_watermarked_image_R_1.png,N:\Desktop\WORKING PAPERS\MVDW-NIKOS-PAPER\Version_22\attacked\R\watermarked_image_R_1\Filters\SaP_p0.1_watermarked_image_R_1.png,0,6.25,0.3142,"['X', 'X', 'X', 5, 'X', 'X', 'X', 'X', 'X', 'X', 'X', 'X', 'X', 'X', 'X', 'X']"
2026-05-20T20:40:04.058908,R,Filters,salt_pepper,0.2,SaP_p0.2_watermarked_image_R_1.png,N:\Desktop\WORKING PAPERS\MVDW-NIKOS-PAPER\Version_22\attacked\R\watermarked_image_R_1\Filters\SaP_p0.2_watermarked_image_R_1.png,0,18.75,0.3316,"['X', 'X', 'X', 'X', 'X', 4, 'X', 2, 'X', 'X', 'X', 'X', 1, 'X', 'X', 'X']"
2026-05-20T20:40:05.295144,R,Geometric,horizontal_flip,,HFLIP_watermarked_image_R_1.png,N:\Desktop\WORKING PAPERS\MVDW-NIKOS-PAPER\Version_22\attacked\R\watermarked_image_R_1\Geometric\HFLIP_watermarked_image_R_1.png,0,6.25,0.3333,"['X', 'X', 'X', 'X', 6, 'X', 'X', 'X', 'X', 'X', 'X', 'X', 'X', 'X', 'X', 'X']"
2026-05-20T20:40:06.529763,R,Geometric,rotation,-10,ROT_-10_watermarked_image_R_1.png,N:\Desktop\WORKING PAPERS\MVDW-NIKOS-PAPER\Version_22\attacked\R\watermarked_image_R_1\Geometric\ROT_-10_watermarked_image_R_1.png,0,43.75,0.3038,"[0, 'X', 'X', 'X', 'X', 4, 'X', 2, 'X', 'X', 4, 5, 'X', 'X', 6, 3]"
2026-05-20T20:40:07.764969,R,Geometric,rotation,10,ROT_10_watermarked_image_R_1.png,N:\Desktop\WORKING PAPERS\MVDW-NIKOS-PAPER\Version_22\attacked\R\watermarked_image_R_1\Geometric\ROT_10_watermarked_image_R_1.png,0,25.0,0.2917,"['X', 2, 'X', 5, 6, 'X', 3, 'X', 'X', 'X', 'X', 'X', 'X', 'X', 'X', 'X']"
2026-05-20T20:40:08.993337,R,Geometric,rotation,5,ROT_5_watermarked_image_R_1.png,N:\Desktop\WORKING PAPERS\MVDW-NIKOS-PAPER\Version_22\attacked\R\watermarked_image_R_1\Geometric\ROT_5_watermarked_image_R_1.png,0,12.5,0.2899,"['X', 'X', 'X', 5, 'X', 'X', 3, 'X', 'X', 'X', 'X', 'X', 'X', 'X', 'X', 'X']"
2026-05-20T20:40:10.229239,R,Geometric,translation,x2_y2,TRANS_x2_y2_watermarked_image_R_1.png,N:\Desktop\WORKING PAPERS\MVDW-NIKOS-PAPER\Version_22\attacked\R\watermarked_image_R_1\Geometric\TRANS_x2_y2_watermarked_image_R_1.png,0,75.0,0.0226,"[0, 2, 2, 'X', 'X', 'X', 3, 2, 0, 0, 4, 5, 1, 2, 6, 'X']"
2026-05-20T20:40:11.474581,R,Geometric,translation,x4_y4,TRANS_x4_y4_watermarked_image_R_1.png,N:\Desktop\WORKING PAPERS\MVDW-NIKOS-PAPER\Version_22\attacked\R\watermarked_image_R_1\Geometric\TRANS_x4_y4_watermarked_image_R_1.png,0,25.0,0.2309,"[0, 'X', 'X', 'X', 6, 'X', 'X', 'X', 'X', 0, 'X', 'X', 1, 'X', 'X', 'X']"
2026-05-20T20:40:12.712261,R,Resize,resize,110,RESIZE_110_watermarked_image_R_1.png,N:\Desktop\WORKING PAPERS\MVDW-NIKOS-PAPER\Version_22\attacked\R\watermarked_image_R_1\Resize\RESIZE_110_watermarked_image_R_1.png,0,93.75,0.0017,"[0, 2, 2, 5, 'X', 4, 3, 2, 0, 0, 4, 5, 1, 2, 6, 3]"
2026-05-20T20:40:13.955009,R,Resize,resize,90,RESIZE_90_watermarked_image_R_1.png,N:\Desktop\WORKING PAPERS\MVDW-NIKOS-PAPER\Version_22\attacked\R\watermarked_image_R_1\Resize\RESIZE_90_watermarked_image_R_1.png,0,31.25,0.1215,"['X', 2, 'X', 'X', 'X', 'X', 'X', 2, 'X', 0, 'X', 'X', 1, 2, 'X', 'X']"
2026-05-20T20:40:16.433963,R,Crops,crop,BothHorizontal_25,Croped_BothHorizontal_25_watermarked_image_R_2.png,N:\Desktop\WORKING PAPERS\MVDW-NIKOS-PAPER\Version_22\attacked\R\watermarked_image_R_2\Crops\Croped_BothHorizontal_25_watermarked_image_R_2.png,0,81.25,0.0556,"['X', 'X', 2, 'X', 6, 4, 3, 2, 0, 0, 4, 5, 1, 2, 6, 3]"
2026-05-20T20:40:18.768214,R,Crops,crop,BothHorizontal_50,Croped_BothHorizontal_50_watermarked_image_R_2.png,N:\Desktop\WORKING PAPERS\MVDW-NIKOS-PAPER\Version_22\attacked\R\watermarked_image_R_2\Crops\Croped_BothHorizontal_50_watermarked_image_R_2.png,0,50.0,0.1875,"['X', 'X', 'X', 'X', 6, 4, 3, 2, 0, 0, 4, 5, 'X', 'X', 'X', 'X']"
2026-05-20T20:40:21.007502,R,Crops,crop,BothHorizontal_75,Croped_BothHorizontal_75_watermarked_image_R_2.png,N:\Desktop\WORKING PAPERS\MVDW-NIKOS-PAPER\Version_22\attacked\R\watermarked_image_R_2\Crops\Croped_BothHorizontal_75_watermarked_image_R_2.png,0,25.0,0.2708,"['X', 'X', 'X', 'X', 'X', 'X', 3, 'X', 0, 0, 'X', 5, 'X', 'X', 'X', 'X']"
2026-05-20T20:40:23.467723,R,Crops,crop,BothVertical_25,Croped_BothVertical_25_watermarked_image_R_2.png,N:\Desktop\WORKING PAPERS\MVDW-NIKOS-PAPER\Version_22\attacked\R\watermarked_image_R_2\Crops\Croped_BothVertical_25_watermarked_image_R_2.png,0,87.5,0.0451,"[0, 2, 2, 5, 'X', 4, 3, 2, 'X', 0, 4, 5, 1, 2, 6, 3]"
2026-05-20T20:40:25.827758,R,Crops,crop,BothVertical_50,Croped_BothVertical_50_watermarked_image_R_2.png,N:\Desktop\WORKING PAPERS\MVDW-NIKOS-PAPER\Version_22\attacked\R\watermarked_image_R_2\Crops\Croped_BothVertical_50_watermarked_image_R_2.png,0,50.0,0.1944,"['X', 2, 2, 'X', 'X', 4, 3, 'X', 'X', 0, 4, 'X', 'X', 2, 6, 'X']"
2026-05-20T20:40:28.105528,R,Crops,crop,BothVertical_75,Croped_BothVertical_75_watermarked_image_R_2.png,N:\Desktop\WORKING PAPERS\MVDW-NIKOS-PAPER\Version_22\attacked\R\watermarked_image_R_2\Crops\Croped_BothVertical_75_watermarked_image_R_2.png,0,25.0,0.2708,"['X', 'X', 2, 'X', 'X', 4, 'X', 'X', 'X', 0, 'X', 'X', 'X', 'X', 6, 'X']"
2026-05-20T20:40:30.514989,R,Crops,crop,Bottom_25,Croped_Bottom_25_watermarked_image_R_2.png,N:\Desktop\WORKING PAPERS\MVDW-NIKOS-PAPER\Version_22\attacked\R\watermarked_image_R_2\Crops\Croped_Bottom_25_watermarked_image_R_2.png,0,75.0,0.0972,"[0, 2, 2, 5, 6, 4, 3, 2, 0, 0, 4, 5, 'X', 'X', 'X', 'X']"
2026-05-20T20:40:32.850213,R,Crops,crop,Bottom_50,Croped_Bottom_50_watermarked_image_R_2.png,N:\Desktop\WORKING PAPERS\MVDW-NIKOS-PAPER\Version_22\attacked\R\watermarked_image_R_2\Crops\Croped_Bottom_50_watermarked_image_R_2.png,0,50.0,0.191,"[0, 2, 2, 5, 6, 4, 3, 2, 'X', 'X', 'X', 'X', 'X', 'X', 'X', 'X']"
2026-05-20T20:40:35.103892,R,Crops,crop,Bottom_75,Croped_Bottom_75_watermarked_image_R_2.png,N:\Desktop\WORKING PAPERS\MVDW-NIKOS-PAPER\Version_22\attacked\R\watermarked_image_R_2\Crops\Croped_Bottom_75_watermarked_image_R_2.png,0,25.0,0.2778,"[0, 2, 2, 5, 'X', 'X', 'X', 'X', 'X', 'X', 'X', 'X', 'X', 'X', 'X', 'X']"
2026-05-20T20:40:37.520714,R,Crops,crop,Left_25,Croped_Left_25_watermarked_image_R_2.png,N:\Desktop\WORKING PAPERS\MVDW-NIKOS-PAPER\Version_22\attacked\R\watermarked_image_R_2\Crops\Croped_Left_25_watermarked_image_R_2.png,0,75.0,0.0972,"['X', 2, 2, 5, 'X', 4, 3, 2, 'X', 0, 4, 5, 'X', 2, 6, 3]"
2026-05-20T20:40:39.861669,R,Crops,crop,Left_50,Croped_Left_50_watermarked_image_R_2.png,N:\Desktop\WORKING PAPERS\MVDW-NIKOS-PAPER\Version_22\attacked\R\watermarked_image_R_2\Crops\Croped_Left_50_watermarked_image_R_2.png,0,50.0,0.184,"['X', 'X', 2, 5, 'X', 'X', 3, 2, 'X', 'X', 4, 5, 'X', 'X', 6, 3]"
2026-05-20T20:40:42.113707,R,Crops,crop,Left_75,Croped_Left_75_watermarked_image_R_2.png,N:\Desktop\WORKING PAPERS\MVDW-NIKOS-PAPER\Version_22\attacked\R\watermarked_image_R_2\Crops\Croped_Left_75_watermarked_image_R_2.png,0,25.0,0.2708,"['X', 'X', 'X', 5, 'X', 'X', 'X', 2, 'X', 'X', 'X', 5, 'X', 'X', 'X', 3]"
2026-05-20T20:40:44.526938,R,Crops,crop,Right_25,Croped_Right_25_watermarked_image_R_2.png,N:\Desktop\WORKING PAPERS\MVDW-NIKOS-PAPER\Version_22\attacked\R\watermarked_image_R_2\Crops\Croped_Right_25_watermarked_image_R_2.png,0,75.0,0.1042,"[0, 2, 2, 'X', 6, 4, 3, 'X', 0, 0, 4, 'X', 1, 2, 6, 'X']"
2026-05-20T20:40:46.832282,R,Crops,crop,Right_50,Croped_Right_50_watermarked_image_R_2.png,N:\Desktop\WORKING PAPERS\MVDW-NIKOS-PAPER\Version_22\attacked\R\watermarked_image_R_2\Crops\Croped_Right_50_watermarked_image_R_2.png,0,50.0,0.191,"[0, 2, 'X', 'X', 6, 4, 'X', 'X', 0, 0, 'X', 'X', 1, 2, 'X', 'X']"
2026-05-20T20:40:49.086281,R,Crops,crop,Right_75,Croped_Right_75_watermarked_image_R_2.png,N:\Desktop\WORKING PAPERS\MVDW-NIKOS-PAPER\Version_22\attacked\R\watermarked_image_R_2\Crops\Croped_Right_75_watermarked_image_R_2.png,0,25.0,0.2778,"[0, 'X', 'X', 'X', 6, 'X', 'X', 'X', 0, 'X', 'X', 'X', 1, 'X', 'X', 'X']"
2026-05-20T20:40:51.530852,R,Crops,crop,Top_25,Croped_Top_25_watermarked_image_R_2.png,N:\Desktop\WORKING PAPERS\MVDW-NIKOS-PAPER\Version_22\attacked\R\watermarked_image_R_2\Crops\Croped_Top_25_watermarked_image_R_2.png,0,75.0,0.0972,"['X', 'X', 'X', 'X', 6, 4, 3, 2, 0, 0, 4, 5, 1, 2, 6, 3]"
2026-05-20T20:40:53.865255,R,Crops,crop,Top_50,Croped_Top_50_watermarked_image_R_2.png,N:\Desktop\WORKING PAPERS\MVDW-NIKOS-PAPER\Version_22\attacked\R\watermarked_image_R_2\Crops\Croped_Top_50_watermarked_image_R_2.png,0,50.0,0.184,"['X', 'X', 'X', 'X', 'X', 'X', 'X', 'X', 0, 0, 4, 5, 1, 2, 6, 3]"
2026-05-20T20:40:56.133591,R,Crops,crop,Top_75,Croped_Top_75_watermarked_image_R_2.png,N:\Desktop\WORKING PAPERS\MVDW-NIKOS-PAPER\Version_22\attacked\R\watermarked_image_R_2\Crops\Croped_Top_75_watermarked_image_R_2.png,0,25.0,0.2778,"['X', 'X', 'X', 'X', 'X', 'X', 'X', 'X', 'X', 'X', 'X', 'X', 1, 2, 6, 3]"
2026-05-20T20:40:58.635008,R,Filters,jpeg,70,Compressed_q70_watermarked_image_R_2.jpg,N:\Desktop\WORKING PAPERS\MVDW-NIKOS-PAPER\Version_22\attacked\R\watermarked_image_R_2\Filters\Compressed_q70_watermarked_image_R_2.jpg,0,0.0,0.3559,"['X', 'X', 'X', 'X', 'X', 'X', 'X', 'X', 'X', 'X', 'X', 'X', 'X', 'X', 'X', 'X']"
2026-05-20T20:41:01.139788,R,Filters,jpeg,80,Compressed_q80_watermarked_image_R_2.jpg,N:\Desktop\WORKING PAPERS\MVDW-NIKOS-PAPER\Version_22\attacked\R\watermarked_image_R_2\Filters\Compressed_q80_watermarked_image_R_2.jpg,0,43.75,0.1458,"['X', 'X', 2, 'X', 'X', 4, 'X', 'X', 0, 0, 4, 'X', 'X', 2, 6, 'X']"
2026-05-20T20:41:03.647254,R,Filters,jpeg,90,Compressed_q90_watermarked_image_R_2.jpg,N:\Desktop\WORKING PAPERS\MVDW-NIKOS-PAPER\Version_22\attacked\R\watermarked_image_R_2\Filters\Compressed_q90_watermarked_image_R_2.jpg,0,87.5,0.0156,"[0, 2, 2, 5, 'X', 4, 'X', 2, 0, 0, 4, 5, 1, 2, 6, 3]"
2026-05-20T20:41:06.146856,R,Filters,gaussian_blur,3,GB_k3_watermarked_image_R_2.png,N:\Desktop\WORKING PAPERS\MVDW-NIKOS-PAPER\Version_22\attacked\R\watermarked_image_R_2\Filters\GB_k3_watermarked_image_R_2.png,0,12.5,0.3594,"['X', 'X', 'X', 5, 'X', 'X', 'X', 'X', 'X', 'X', 'X', 'X', 'X', 2, 'X', 'X']"
2026-05-20T20:41:08.649454,R,Filters,gaussian_blur,5,GB_k5_watermarked_image_R_2.png,N:\Desktop\WORKING PAPERS\MVDW-NIKOS-PAPER\Version_22\attacked\R\watermarked_image_R_2\Filters\GB_k5_watermarked_image_R_2.png,0,18.75,0.3819,"['X', 'X', 'X', 5, 'X', 'X', 3, 'X', 'X', 'X', 'X', 'X', 'X', 'X', 6, 'X']"
2026-05-20T20:41:11.134732,R,Filters,gaussian_blur,7,GB_k7_watermarked_image_R_2.png,N:\Desktop\WORKING PAPERS\MVDW-NIKOS-PAPER\Version_22\attacked\R\watermarked_image_R_2\Filters\GB_k7_watermarked_image_R_2.png,0,6.25,0.3906,"['X', 'X', 'X', 'X', 6, 'X', 'X', 'X', 'X', 'X', 'X', 'X', 'X', 'X', 'X', 'X']"
2026-05-20T20:41:13.628308,R,Filters,gaussian_noise,0.05,GN_lvl0.05_watermarked_image_R_2.png,N:\Desktop\WORKING PAPERS\MVDW-NIKOS-PAPER\Version_22\attacked\R\watermarked_image_R_2\Filters\GN_lvl0.05_watermarked_image_R_2.png,0,100.0,0.0069,"[0, 2, 2, 5, 6, 4, 3, 2, 0, 0, 4, 5, 1, 2, 6, 3]"
2026-05-20T20:41:16.162050,R,Filters,gaussian_noise,0.1,GN_lvl0.1_watermarked_image_R_2.png,N:\Desktop\WORKING PAPERS\MVDW-NIKOS-PAPER\Version_22\attacked\R\watermarked_image_R_2\Filters\GN_lvl0.1_watermarked_image_R_2.png,0,100.0,0.0069,"[0, 2, 2, 5, 6, 4, 3, 2, 0, 0, 4, 5, 1, 2, 6, 3]"
2026-05-20T20:41:18.669262,R,Filters,gaussian_noise,0.2,GN_lvl0.2_watermarked_image_R_2.png,N:\Desktop\WORKING PAPERS\MVDW-NIKOS-PAPER\Version_22\attacked\R\watermarked_image_R_2\Filters\GN_lvl0.2_watermarked_image_R_2.png,0,100.0,0.0069,"[0, 2, 2, 5, 6, 4, 3, 2, 0, 0, 4, 5, 1, 2, 6, 3]"
2026-05-20T20:41:21.050139,R,Filters,gamma,,Gamma_watermarked_image_R_2.png,N:\Desktop\WORKING PAPERS\MVDW-NIKOS-PAPER\Version_22\attacked\R\watermarked_image_R_2\Filters\Gamma_watermarked_image_R_2.png,0,56.25,0.1215,"['X', 'X', 'X', 'X', 6, 'X', 'X', 2, 0, 0, 4, 'X', 1, 2, 6, 3]"
2026-05-20T20:41:23.555766,R,Filters,histogram_equalization,,HEQ_watermarked_image_R_2.png,N:\Desktop\WORKING PAPERS\MVDW-NIKOS-PAPER\Version_22\attacked\R\watermarked_image_R_2\Filters\HEQ_watermarked_image_R_2.png,0,93.75,0.0035,"[0, 'X', 2, 5, 6, 4, 3, 2, 0, 0, 4, 5, 1, 2, 6, 3]"
2026-05-20T20:41:26.064988,R,Filters,motion_blur,3,MB_k3_watermarked_image_R_2.png,N:\Desktop\WORKING PAPERS\MVDW-NIKOS-PAPER\Version_22\attacked\R\watermarked_image_R_2\Filters\MB_k3_watermarked_image_R_2.png,0,100.0,0.0052,"[0, 2, 2, 5, 6, 4, 3, 2, 0, 0, 4, 5, 1, 2, 6, 3]"
2026-05-20T20:41:28.561225,R,Filters,motion_blur,5,MB_k5_watermarked_image_R_2.png,N:\Desktop\WORKING PAPERS\MVDW-NIKOS-PAPER\Version_22\attacked\R\watermarked_image_R_2\Filters\MB_k5_watermarked_image_R_2.png,0,93.75,0.0017,"[0, 'X', 2, 5, 6, 4, 3, 2, 0, 0, 4, 5, 1, 2, 6, 3]"
2026-05-20T20:41:31.056301,R,Filters,motion_blur,7,MB_k7_watermarked_image_R_2.png,N:\Desktop\WORKING PAPERS\MVDW-NIKOS-PAPER\Version_22\attacked\R\watermarked_image_R_2\Filters\MB_k7_watermarked_image_R_2.png,0,87.5,0.0069,"[0, 'X', 2, 5, 6, 4, 'X', 2, 0, 0, 4, 5, 1, 2, 6, 3]"
2026-05-20T20:41:33.582751,R,Filters,mean_filter,3,MEAN_k3_watermarked_image_R_2.png,N:\Desktop\WORKING PAPERS\MVDW-NIKOS-PAPER\Version_22\attacked\R\watermarked_image_R_2\Filters\MEAN_k3_watermarked_image_R_2.png,0,81.25,0.0156,"[0, 'X', 2, 5, 6, 4, 'X', 'X', 0, 0, 4, 5, 1, 2, 6, 3]"
2026-05-20T20:41:36.081706,R,Filters,mean_filter,5,MEAN_k5_watermarked_image_R_2.png,N:\Desktop\WORKING PAPERS\MVDW-NIKOS-PAPER\Version_22\attacked\R\watermarked_image_R_2\Filters\MEAN_k5_watermarked_image_R_2.png,0,75.0,0.0278,"[0, 2, 2, 5, 6, 4, 'X', 'X', 0, 0, 4, 5, 1, 'X', 'X', 3]"
2026-05-20T20:41:38.591848,R,Filters,median_filter,3,MF_k3_watermarked_image_R_2.png,N:\Desktop\WORKING PAPERS\MVDW-NIKOS-PAPER\Version_22\attacked\R\watermarked_image_R_2\Filters\MF_k3_watermarked_image_R_2.png,0,87.5,0.0295,"[0, 2, 2, 5, 6, 4, 'X', 2, 0, 0, 'X', 5, 1, 2, 6, 3]"
2026-05-20T20:41:41.083998,R,Filters,median_filter,5,MF_k5_watermarked_image_R_2.png,N:\Desktop\WORKING PAPERS\MVDW-NIKOS-PAPER\Version_22\attacked\R\watermarked_image_R_2\Filters\MF_k5_watermarked_image_R_2.png,0,75.0,0.0642,"[0, 2, 2, 5, 6, 4, 3, 2, 0, 0, 'X', 'X', 'X', 2, 'X', 3]"
2026-05-20T20:41:43.571157,R,Filters,median_filter,7,MF_k7_watermarked_image_R_2.png,N:\Desktop\WORKING PAPERS\MVDW-NIKOS-PAPER\Version_22\attacked\R\watermarked_image_R_2\Filters\MF_k7_watermarked_image_R_2.png,0,50.0,0.1424,"[0, 'X', 'X', 5, 6, 4, 3, 'X', 0, 0, 'X', 'X', 'X', 2, 'X', 'X']"
2026-05-20T20:41:46.112260,R,Filters,sharpening,,SHARP_watermarked_image_R_2.png,N:\Desktop\WORKING PAPERS\MVDW-NIKOS-PAPER\Version_22\attacked\R\watermarked_image_R_2\Filters\SHARP_watermarked_image_R_2.png,0,100.0,0.0069,"[0, 2, 2, 5, 6, 4, 3, 2, 0, 0, 4, 5, 1, 2, 6, 3]"
2026-05-20T20:41:48.635948,R,Filters,salt_pepper,0.05,SaP_p0.05_watermarked_image_R_2.png,N:\Desktop\WORKING PAPERS\MVDW-NIKOS-PAPER\Version_22\attacked\R\watermarked_image_R_2\Filters\SaP_p0.05_watermarked_image_R_2.png,0,6.25,0.3576,"['X', 'X', 'X', 'X', 6, 'X', 'X', 'X', 'X', 'X', 'X', 'X', 'X', 'X', 'X', 'X']"
2026-05-20T20:41:51.161958,R,Filters,salt_pepper,0.1,SaP_p0.1_watermarked_image_R_2.png,N:\Desktop\WORKING PAPERS\MVDW-NIKOS-PAPER\Version_22\attacked\R\watermarked_image_R_2\Filters\SaP_p0.1_watermarked_image_R_2.png,0,12.5,0.4028,"['X', 'X', 'X', 'X', 'X', 4, 'X', 'X', 'X', 'X', 'X', 'X', 'X', 'X', 6, 'X']"
2026-05-20T20:41:53.674151,R,Filters,salt_pepper,0.2,SaP_p0.2_watermarked_image_R_2.png,N:\Desktop\WORKING PAPERS\MVDW-NIKOS-PAPER\Version_22\attacked\R\watermarked_image_R_2\Filters\SaP_p0.2_watermarked_image_R_2.png,0,0.0,0.3802,"['X', 'X', 'X', 'X', 'X', 'X', 'X', 'X', 'X', 'X', 'X', 'X', 'X', 'X', 'X', 'X']"
2026-05-20T20:41:56.202081,R,Geometric,horizontal_flip,,HFLIP_watermarked_image_R_2.png,N:\Desktop\WORKING PAPERS\MVDW-NIKOS-PAPER\Version_22\attacked\R\watermarked_image_R_2\Geometric\HFLIP_watermarked_image_R_2.png,0,6.25,0.3663,"['X', 'X', 'X', 'X', 'X', 'X', 'X', 'X', 'X', 'X', 'X', 5, 'X', 'X', 'X', 'X']"
2026-05-20T20:41:58.736660,R,Geometric,rotation,-10,ROT_-10_watermarked_image_R_2.png,N:\Desktop\WORKING PAPERS\MVDW-NIKOS-PAPER\Version_22\attacked\R\watermarked_image_R_2\Geometric\ROT_-10_watermarked_image_R_2.png,0,6.25,0.3854,"['X', 'X', 'X', 5, 'X', 'X', 'X', 'X', 'X', 'X', 'X', 'X', 'X', 'X', 'X', 'X']"
2026-05-20T20:42:01.247025,R,Geometric,rotation,10,ROT_10_watermarked_image_R_2.png,N:\Desktop\WORKING PAPERS\MVDW-NIKOS-PAPER\Version_22\attacked\R\watermarked_image_R_2\Geometric\ROT_10_watermarked_image_R_2.png,0,0.0,0.3177,"['X', 'X', 'X', 'X', 'X', 'X', 'X', 'X', 'X', 'X', 'X', 'X', 'X', 'X', 'X', 'X']"
2026-05-20T20:42:03.769506,R,Geometric,rotation,5,ROT_5_watermarked_image_R_2.png,N:\Desktop\WORKING PAPERS\MVDW-NIKOS-PAPER\Version_22\attacked\R\watermarked_image_R_2\Geometric\ROT_5_watermarked_image_R_2.png,0,18.75,0.4097,"['X', 2, 'X', 5, 'X', 'X', 'X', 'X', 'X', 'X', 'X', 5, 'X', 'X', 'X', 'X']"
2026-05-20T20:42:06.304100,R,Geometric,translation,x2_y2,TRANS_x2_y2_watermarked_image_R_2.png,N:\Desktop\WORKING PAPERS\MVDW-NIKOS-PAPER\Version_22\attacked\R\watermarked_image_R_2\Geometric\TRANS_x2_y2_watermarked_image_R_2.png,0,87.5,0.0035,"[0, 'X', 2, 5, 6, 4, 'X', 2, 0, 0, 4, 5, 1, 2, 6, 3]"
2026-05-20T20:42:08.847435,R,Geometric,translation,x4_y4,TRANS_x4_y4_watermarked_image_R_2.png,N:\Desktop\WORKING PAPERS\MVDW-NIKOS-PAPER\Version_22\attacked\R\watermarked_image_R_2\Geometric\TRANS_x4_y4_watermarked_image_R_2.png,0,62.5,0.0243,"['X', 'X', 2, 'X', 6, 4, 'X', 'X', 0, 0, 'X', 5, 1, 2, 6, 3]"
2026-05-20T20:42:11.390768,R,Resize,resize,110,RESIZE_110_watermarked_image_R_2.png,N:\Desktop\WORKING PAPERS\MVDW-NIKOS-PAPER\Version_22\attacked\R\watermarked_image_R_2\Resize\RESIZE_110_watermarked_image_R_2.png,0,93.75,0.0017,"[0, 'X', 2, 5, 6, 4, 3, 2, 0, 0, 4, 5, 1, 2, 6, 3]"
2026-05-20T20:42:13.907050,R,Resize,resize,90,RESIZE_90_watermarked_image_R_2.png,N:\Desktop\WORKING PAPERS\MVDW-NIKOS-PAPER\Version_22\attacked\R\watermarked_image_R_2\Resize\RESIZE_90_watermarked_image_R_2.png,0,87.5,0.0035,"[0, 'X', 2, 5, 6, 4, 'X', 2, 0, 0, 4, 5, 1, 2, 6, 3]"
2026-05-20T20:42:15.450137,R,Crops,crop,BothHorizontal_25,Croped_BothHorizontal_25_watermarked_image_R_3.png,N:\Desktop\WORKING PAPERS\MVDW-NIKOS-PAPER\Version_22\attacked\R\watermarked_image_R_3\Crops\Croped_BothHorizontal_25_watermarked_image_R_3.png,0,75.0,0.0903,"[0, 'X', 2, 5, 6, 4, 3, 2, 0, 0, 4, 5, 'X', 2, 'X', 'X']"
2026-05-20T20:42:16.909055,R,Crops,crop,BothHorizontal_50,Croped_BothHorizontal_50_watermarked_image_R_3.png,N:\Desktop\WORKING PAPERS\MVDW-NIKOS-PAPER\Version_22\attacked\R\watermarked_image_R_3\Crops\Croped_BothHorizontal_50_watermarked_image_R_3.png,0,50.0,0.1875,"['X', 'X', 'X', 'X', 6, 4, 3, 2, 0, 0, 4, 5, 'X', 'X', 'X', 'X']"
2026-05-20T20:42:18.343237,R,Crops,crop,BothHorizontal_75,Croped_BothHorizontal_75_watermarked_image_R_3.png,N:\Desktop\WORKING PAPERS\MVDW-NIKOS-PAPER\Version_22\attacked\R\watermarked_image_R_3\Crops\Croped_BothHorizontal_75_watermarked_image_R_3.png,0,25.0,0.2743,"['X', 'X', 'X', 'X', 'X', 'X', 'X', 2, 0, 0, 4, 'X', 'X', 'X', 'X', 'X']"
2026-05-20T20:42:19.831842,R,Crops,crop,BothVertical_25,Croped_BothVertical_25_watermarked_image_R_3.png,N:\Desktop\WORKING PAPERS\MVDW-NIKOS-PAPER\Version_22\attacked\R\watermarked_image_R_3\Crops\Croped_BothVertical_25_watermarked_image_R_3.png,0,68.75,0.1111,"['X', 2, 2, 5, 'X', 4, 3, 'X', 'X', 0, 4, 5, 1, 2, 6, 'X']"
2026-05-20T20:42:21.295929,R,Crops,crop,BothVertical_50,Croped_BothVertical_50_watermarked_image_R_3.png,N:\Desktop\WORKING PAPERS\MVDW-NIKOS-PAPER\Version_22\attacked\R\watermarked_image_R_3\Crops\Croped_BothVertical_50_watermarked_image_R_3.png,0,50.0,0.1875,"['X', 2, 2, 'X', 'X', 4, 3, 'X', 'X', 0, 4, 'X', 'X', 2, 6, 'X']"
2026-05-20T20:42:22.728360,R,Crops,crop,BothVertical_75,Croped_BothVertical_75_watermarked_image_R_3.png,N:\Desktop\WORKING PAPERS\MVDW-NIKOS-PAPER\Version_22\attacked\R\watermarked_image_R_3\Crops\Croped_BothVertical_75_watermarked_image_R_3.png,0,18.75,0.2899,"['X', 2, 'X', 'X', 'X', 'X', 'X', 'X', 'X', 0, 4, 'X', 'X', 'X', 'X', 'X']"
2026-05-20T20:42:24.226361,R,Crops,crop,Bottom_25,Croped_Bottom_25_watermarked_image_R_3.png,N:\Desktop\WORKING PAPERS\MVDW-NIKOS-PAPER\Version_22\attacked\R\watermarked_image_R_3\Crops\Croped_Bottom_25_watermarked_image_R_3.png,0,75.0,0.0903,"[0, 2, 2, 5, 6, 4, 3, 2, 0, 0, 4, 5, 'X', 'X', 'X', 'X']"
2026-05-20T20:42:25.686426,R,Crops,crop,Bottom_50,Croped_Bottom_50_watermarked_image_R_3.png,N:\Desktop\WORKING PAPERS\MVDW-NIKOS-PAPER\Version_22\attacked\R\watermarked_image_R_3\Crops\Croped_Bottom_50_watermarked_image_R_3.png,0,50.0,0.184,"[0, 2, 2, 5, 6, 4, 3, 2, 'X', 'X', 'X', 'X', 'X', 'X', 'X', 'X']"
2026-05-20T20:42:27.108580,R,Crops,crop,Bottom_75,Croped_Bottom_75_watermarked_image_R_3.png,N:\Desktop\WORKING PAPERS\MVDW-NIKOS-PAPER\Version_22\attacked\R\watermarked_image_R_3\Crops\Croped_Bottom_75_watermarked_image_R_3.png,0,25.0,0.2708,"[0, 2, 2, 5, 'X', 'X', 'X', 'X', 'X', 'X', 'X', 'X', 'X', 'X', 'X', 'X']"
2026-05-20T20:42:28.591920,R,Crops,crop,Left_25,Croped_Left_25_watermarked_image_R_3.png,N:\Desktop\WORKING PAPERS\MVDW-NIKOS-PAPER\Version_22\attacked\R\watermarked_image_R_3\Crops\Croped_Left_25_watermarked_image_R_3.png,0,75.0,0.0903,"['X', 2, 2, 5, 'X', 4, 3, 2, 'X', 0, 4, 5, 'X', 2, 6, 3]"
2026-05-20T20:42:30.054339,R,Crops,crop,Left_50,Croped_Left_50_watermarked_image_R_3.png,N:\Desktop\WORKING PAPERS\MVDW-NIKOS-PAPER\Version_22\attacked\R\watermarked_image_R_3\Crops\Croped_Left_50_watermarked_image_R_3.png,0,50.0,0.184,"['X', 'X', 2, 5, 'X', 'X', 3, 2, 'X', 'X', 4, 5, 'X', 'X', 6, 3]"
2026-05-20T20:42:31.491904,R,Crops,crop,Left_75,Croped_Left_75_watermarked_image_R_3.png,N:\Desktop\WORKING PAPERS\MVDW-NIKOS-PAPER\Version_22\attacked\R\watermarked_image_R_3\Crops\Croped_Left_75_watermarked_image_R_3.png,0,25.0,0.2708,"['X', 'X', 'X', 5, 'X', 'X', 'X', 2, 'X', 'X', 'X', 5, 'X', 'X', 'X', 3]"
2026-05-20T20:42:32.986069,R,Crops,crop,Right_25,Croped_Right_25_watermarked_image_R_3.png,N:\Desktop\WORKING PAPERS\MVDW-NIKOS-PAPER\Version_22\attacked\R\watermarked_image_R_3\Crops\Croped_Right_25_watermarked_image_R_3.png,0,75.0,0.0972,"[0, 2, 2, 'X', 6, 4, 3, 'X', 0, 0, 4, 'X', 1, 2, 6, 'X']"
2026-05-20T20:42:34.438229,R,Crops,crop,Right_50,Croped_Right_50_watermarked_image_R_3.png,N:\Desktop\WORKING PAPERS\MVDW-NIKOS-PAPER\Version_22\attacked\R\watermarked_image_R_3\Crops\Croped_Right_50_watermarked_image_R_3.png,0,50.0,0.184,"[0, 2, 'X', 'X', 6, 4, 'X', 'X', 0, 0, 'X', 'X', 1, 2, 'X', 'X']"
2026-05-20T20:42:35.846529,R,Crops,crop,Right_75,Croped_Right_75_watermarked_image_R_3.png,N:\Desktop\WORKING PAPERS\MVDW-NIKOS-PAPER\Version_22\attacked\R\watermarked_image_R_3\Crops\Croped_Right_75_watermarked_image_R_3.png,0,25.0,0.2778,"[0, 'X', 'X', 'X', 6, 'X', 'X', 'X', 0, 'X', 'X', 'X', 1, 'X', 'X', 'X']"
2026-05-20T20:42:37.333788,R,Crops,crop,Top_25,Croped_Top_25_watermarked_image_R_3.png,N:\Desktop\WORKING PAPERS\MVDW-NIKOS-PAPER\Version_22\attacked\R\watermarked_image_R_3\Crops\Croped_Top_25_watermarked_image_R_3.png,0,75.0,0.0972,"['X', 'X', 'X', 'X', 6, 4, 3, 2, 0, 0, 4, 5, 1, 2, 6, 3]"
2026-05-20T20:42:38.777456,R,Crops,crop,Top_50,Croped_Top_50_watermarked_image_R_3.png,N:\Desktop\WORKING PAPERS\MVDW-NIKOS-PAPER\Version_22\attacked\R\watermarked_image_R_3\Crops\Croped_Top_50_watermarked_image_R_3.png,0,50.0,0.184,"['X', 'X', 'X', 'X', 'X', 'X', 'X', 'X', 0, 0, 4, 5, 1, 2, 6, 3]"
2026-05-20T20:42:40.209178,R,Crops,crop,Top_75,Croped_Top_75_watermarked_image_R_3.png,N:\Desktop\WORKING PAPERS\MVDW-NIKOS-PAPER\Version_22\attacked\R\watermarked_image_R_3\Crops\Croped_Top_75_watermarked_image_R_3.png,0,25.0,0.2778,"['X', 'X', 'X', 'X', 'X', 'X', 'X', 'X', 'X', 'X', 'X', 'X', 1, 2, 6, 3]"
2026-05-20T20:42:41.712800,R,Filters,jpeg,70,Compressed_q70_watermarked_image_R_3.jpg,N:\Desktop\WORKING PAPERS\MVDW-NIKOS-PAPER\Version_22\attacked\R\watermarked_image_R_3\Filters\Compressed_q70_watermarked_image_R_3.jpg,0,37.5,0.1667,"['X', 'X', 'X', 'X', 'X', 4, 'X', 'X', 0, 'X', 4, 5, 'X', 2, 6, 'X']"
2026-05-20T20:42:43.222907,R,Filters,jpeg,80,Compressed_q80_watermarked_image_R_3.jpg,N:\Desktop\WORKING PAPERS\MVDW-NIKOS-PAPER\Version_22\attacked\R\watermarked_image_R_3\Filters\Compressed_q80_watermarked_image_R_3.jpg,0,43.75,0.1858,"['X', 'X', 2, 'X', 'X', 4, 'X', 'X', 0, 'X', 4, 5, 'X', 2, 6, 'X']"
2026-05-20T20:42:44.745034,R,Filters,jpeg,90,Compressed_q90_watermarked_image_R_3.jpg,N:\Desktop\WORKING PAPERS\MVDW-NIKOS-PAPER\Version_22\attacked\R\watermarked_image_R_3\Filters\Compressed_q90_watermarked_image_R_3.jpg,0,93.75,0.0052,"[0, 2, 2, 5, 6, 4, 3, 2, 0, 0, 4, 5, 'X', 2, 6, 3]"
2026-05-20T20:42:46.267646,R,Filters,gaussian_blur,3,GB_k3_watermarked_image_R_3.png,N:\Desktop\WORKING PAPERS\MVDW-NIKOS-PAPER\Version_22\attacked\R\watermarked_image_R_3\Filters\GB_k3_watermarked_image_R_3.png,0,12.5,0.3819,"['X', 'X', 2, 'X', 'X', 'X', 'X', 'X', 'X', 'X', 'X', 'X', 'X', 'X', 6, 'X']"
2026-05-20T20:42:47.783178,R,Filters,gaussian_blur,5,GB_k5_watermarked_image_R_3.png,N:\Desktop\WORKING PAPERS\MVDW-NIKOS-PAPER\Version_22\attacked\R\watermarked_image_R_3\Filters\GB_k5_watermarked_image_R_3.png,0,6.25,0.3837,"['X', 'X', 'X', 'X', 'X', 'X', 'X', 'X', 'X', 'X', 'X', 'X', 1, 'X', 'X', 'X']"
2026-05-20T20:42:49.306106,R,Filters,gaussian_blur,7,GB_k7_watermarked_image_R_3.png,N:\Desktop\WORKING PAPERS\MVDW-NIKOS-PAPER\Version_22\attacked\R\watermarked_image_R_3\Filters\GB_k7_watermarked_image_R_3.png,0,6.25,0.3333,"['X', 'X', 'X', 'X', 'X', 'X', 'X', 'X', 'X', 'X', 'X', 'X', 'X', 'X', 6, 'X']"
2026-05-20T20:42:50.825579,R,Filters,gaussian_noise,0.05,GN_lvl0.05_watermarked_image_R_3.png,N:\Desktop\WORKING PAPERS\MVDW-NIKOS-PAPER\Version_22\attacked\R\watermarked_image_R_3\Filters\GN_lvl0.05_watermarked_image_R_3.png,0,100.0,0.0,"[0, 2, 2, 5, 6, 4, 3, 2, 0, 0, 4, 5, 1, 2, 6, 3]"
2026-05-20T20:42:52.348285,R,Filters,gaussian_noise,0.1,GN_lvl0.1_watermarked_image_R_3.png,N:\Desktop\WORKING PAPERS\MVDW-NIKOS-PAPER\Version_22\attacked\R\watermarked_image_R_3\Filters\GN_lvl0.1_watermarked_image_R_3.png,0,100.0,0.0,"[0, 2, 2, 5, 6, 4, 3, 2, 0, 0, 4, 5, 1, 2, 6, 3]"
2026-05-20T20:42:53.876358,R,Filters,gaussian_noise,0.2,GN_lvl0.2_watermarked_image_R_3.png,N:\Desktop\WORKING PAPERS\MVDW-NIKOS-PAPER\Version_22\attacked\R\watermarked_image_R_3\Filters\GN_lvl0.2_watermarked_image_R_3.png,0,100.0,0.0,"[0, 2, 2, 5, 6, 4, 3, 2, 0, 0, 4, 5, 1, 2, 6, 3]"
2026-05-20T20:42:55.386612,R,Filters,gamma,,Gamma_watermarked_image_R_3.png,N:\Desktop\WORKING PAPERS\MVDW-NIKOS-PAPER\Version_22\attacked\R\watermarked_image_R_3\Filters\Gamma_watermarked_image_R_3.png,0,87.5,0.0382,"[0, 'X', 2, 5, 'X', 4, 3, 2, 0, 0, 4, 5, 1, 2, 6, 3]"
2026-05-20T20:42:56.913038,R,Filters,histogram_equalization,,HEQ_watermarked_image_R_3.png,N:\Desktop\WORKING PAPERS\MVDW-NIKOS-PAPER\Version_22\attacked\R\watermarked_image_R_3\Filters\HEQ_watermarked_image_R_3.png,0,100.0,0.0,"[0, 2, 2, 5, 6, 4, 3, 2, 0, 0, 4, 5, 1, 2, 6, 3]"
2026-05-20T20:42:58.453222,R,Filters,motion_blur,3,MB_k3_watermarked_image_R_3.png,N:\Desktop\WORKING PAPERS\MVDW-NIKOS-PAPER\Version_22\attacked\R\watermarked_image_R_3\Filters\MB_k3_watermarked_image_R_3.png,0,100.0,0.0,"[0, 2, 2, 5, 6, 4, 3, 2, 0, 0, 4, 5, 1, 2, 6, 3]"
2026-05-20T20:42:59.983441,R,Filters,motion_blur,5,MB_k5_watermarked_image_R_3.png,N:\Desktop\WORKING PAPERS\MVDW-NIKOS-PAPER\Version_22\attacked\R\watermarked_image_R_3\Filters\MB_k5_watermarked_image_R_3.png,0,100.0,0.0,"[0, 2, 2, 5, 6, 4, 3, 2, 0, 0, 4, 5, 1, 2, 6, 3]"
2026-05-20T20:43:01.511043,R,Filters,motion_blur,7,MB_k7_watermarked_image_R_3.png,N:\Desktop\WORKING PAPERS\MVDW-NIKOS-PAPER\Version_22\attacked\R\watermarked_image_R_3\Filters\MB_k7_watermarked_image_R_3.png,0,87.5,0.0243,"[0, 2, 2, 5, 'X', 4, 3, 2, 0, 'X', 4, 5, 1, 2, 6, 3]"
2026-05-20T20:43:03.045143,R,Filters,mean_filter,3,MEAN_k3_watermarked_image_R_3.png,N:\Desktop\WORKING PAPERS\MVDW-NIKOS-PAPER\Version_22\attacked\R\watermarked_image_R_3\Filters\MEAN_k3_watermarked_image_R_3.png,0,100.0,0.0,"[0, 2, 2, 5, 6, 4, 3, 2, 0, 0, 4, 5, 1, 2, 6, 3]"
2026-05-20T20:43:04.573195,R,Filters,mean_filter,5,MEAN_k5_watermarked_image_R_3.png,N:\Desktop\WORKING PAPERS\MVDW-NIKOS-PAPER\Version_22\attacked\R\watermarked_image_R_3\Filters\MEAN_k5_watermarked_image_R_3.png,0,50.0,0.0903,"[0, 2, 2, 5, 'X', 'X', 3, 'X', 'X', 'X', 4, 5, 'X', 2, 'X', 'X']"
2026-05-20T20:43:06.082966,R,Filters,median_filter,3,MF_k3_watermarked_image_R_3.png,N:\Desktop\WORKING PAPERS\MVDW-NIKOS-PAPER\Version_22\attacked\R\watermarked_image_R_3\Filters\MF_k3_watermarked_image_R_3.png,0,75.0,0.0226,"[0, 2, 2, 5, 'X', 4, 3, 2, 'X', 0, 4, 5, 1, 'X', 6, 'X']"
2026-05-20T20:43:07.620797,R,Filters,median_filter,5,MF_k5_watermarked_image_R_3.png,N:\Desktop\WORKING PAPERS\MVDW-NIKOS-PAPER\Version_22\attacked\R\watermarked_image_R_3\Filters\MF_k5_watermarked_image_R_3.png,0,25.0,0.1354,"['X', 'X', 2, 'X', 'X', 'X', 'X', 2, 0, 'X', 'X', 5, 'X', 'X', 'X', 'X']"
2026-05-20T20:43:09.170867,R,Filters,median_filter,7,MF_k7_watermarked_image_R_3.png,N:\Desktop\WORKING PAPERS\MVDW-NIKOS-PAPER\Version_22\attacked\R\watermarked_image_R_3\Filters\MF_k7_watermarked_image_R_3.png,0,0.0,0.3455,"['X', 'X', 'X', 'X', 'X', 'X', 'X', 'X', 'X', 'X', 'X', 'X', 'X', 'X', 'X', 'X']"
2026-05-20T20:43:10.695784,R,Filters,sharpening,,SHARP_watermarked_image_R_3.png,N:\Desktop\WORKING PAPERS\MVDW-NIKOS-PAPER\Version_22\attacked\R\watermarked_image_R_3\Filters\SHARP_watermarked_image_R_3.png,0,100.0,0.0,"[0, 2, 2, 5, 6, 4, 3, 2, 0, 0, 4, 5, 1, 2, 6, 3]"
2026-05-20T20:43:12.202796,R,Filters,salt_pepper,0.05,SaP_p0.05_watermarked_image_R_3.png,N:\Desktop\WORKING PAPERS\MVDW-NIKOS-PAPER\Version_22\attacked\R\watermarked_image_R_3\Filters\SaP_p0.05_watermarked_image_R_3.png,0,6.25,0.3073,"['X', 'X', 'X', 'X', 'X', 'X', 'X', 'X', 0, 'X', 'X', 'X', 'X', 'X', 'X', 'X']"
2026-05-20T20:43:13.721704,R,Filters,salt_pepper,0.1,SaP_p0.1_watermarked_image_R_3.png,N:\Desktop\WORKING PAPERS\MVDW-NIKOS-PAPER\Version_22\attacked\R\watermarked_image_R_3\Filters\SaP_p0.1_watermarked_image_R_3.png,0,0.0,0.3299,"['X', 'X', 'X', 'X', 'X', 'X', 'X', 'X', 'X', 'X', 'X', 'X', 'X', 'X', 'X', 'X']"
2026-05-20T20:43:15.246007,R,Filters,salt_pepper,0.2,SaP_p0.2_watermarked_image_R_3.png,N:\Desktop\WORKING PAPERS\MVDW-NIKOS-PAPER\Version_22\attacked\R\watermarked_image_R_3\Filters\SaP_p0.2_watermarked_image_R_3.png,0,12.5,0.3663,"['X', 'X', 'X', 5, 'X', 'X', 'X', 'X', 'X', 'X', 'X', 'X', 1, 'X', 'X', 'X']"
2026-05-20T20:43:16.794166,R,Geometric,horizontal_flip,,HFLIP_watermarked_image_R_3.png,N:\Desktop\WORKING PAPERS\MVDW-NIKOS-PAPER\Version_22\attacked\R\watermarked_image_R_3\Geometric\HFLIP_watermarked_image_R_3.png,0,6.25,0.342,"['X', 'X', 'X', 5, 'X', 'X', 'X', 'X', 'X', 'X', 'X', 'X', 'X', 'X', 'X', 'X']"
2026-05-20T20:43:18.416694,R,Geometric,rotation,-10,ROT_-10_watermarked_image_R_3.png,N:\Desktop\WORKING PAPERS\MVDW-NIKOS-PAPER\Version_22\attacked\R\watermarked_image_R_3\Geometric\ROT_-10_watermarked_image_R_3.png,0,0.0,0.3854,"['X', 'X', 'X', 'X', 'X', 'X', 'X', 'X', 'X', 'X', 'X', 'X', 'X', 'X', 'X', 'X']"
2026-05-20T20:43:20.006184,R,Geometric,rotation,10,ROT_10_watermarked_image_R_3.png,N:\Desktop\WORKING PAPERS\MVDW-NIKOS-PAPER\Version_22\attacked\R\watermarked_image_R_3\Geometric\ROT_10_watermarked_image_R_3.png,0,0.0,0.3576,"['X', 'X', 'X', 'X', 'X', 'X', 'X', 'X', 'X', 'X', 'X', 'X', 'X', 'X', 'X', 'X']"
2026-05-20T20:43:21.518570,R,Geometric,rotation,5,ROT_5_watermarked_image_R_3.png,N:\Desktop\WORKING PAPERS\MVDW-NIKOS-PAPER\Version_22\attacked\R\watermarked_image_R_3\Geometric\ROT_5_watermarked_image_R_3.png,0,0.0,0.3628,"['X', 'X', 'X', 'X', 'X', 'X', 'X', 'X', 'X', 'X', 'X', 'X', 'X', 'X', 'X', 'X']"
2026-05-20T20:43:23.054320,R,Geometric,translation,x2_y2,TRANS_x2_y2_watermarked_image_R_3.png,N:\Desktop\WORKING PAPERS\MVDW-NIKOS-PAPER\Version_22\attacked\R\watermarked_image_R_3\Geometric\TRANS_x2_y2_watermarked_image_R_3.png,0,100.0,0.0,"[0, 2, 2, 5, 6, 4, 3, 2, 0, 0, 4, 5, 1, 2, 6, 3]"
2026-05-20T20:43:24.628783,R,Geometric,translation,x4_y4,TRANS_x4_y4_watermarked_image_R_3.png,N:\Desktop\WORKING PAPERS\MVDW-NIKOS-PAPER\Version_22\attacked\R\watermarked_image_R_3\Geometric\TRANS_x4_y4_watermarked_image_R_3.png,0,12.5,0.2639,"['X', 'X', 'X', 'X', 6, 'X', 'X', 'X', 'X', 'X', 'X', 'X', 'X', 2, 'X', 'X']"
2026-05-20T20:43:26.144926,R,Resize,resize,110,RESIZE_110_watermarked_image_R_3.png,N:\Desktop\WORKING PAPERS\MVDW-NIKOS-PAPER\Version_22\attacked\R\watermarked_image_R_3\Resize\RESIZE_110_watermarked_image_R_3.png,0,100.0,0.0,"[0, 2, 2, 5, 6, 4, 3, 2, 0, 0, 4, 5, 1, 2, 6, 3]"
2026-05-20T20:43:27.668569,R,Resize,resize,90,RESIZE_90_watermarked_image_R_3.png,N:\Desktop\WORKING PAPERS\MVDW-NIKOS-PAPER\Version_22\attacked\R\watermarked_image_R_3\Resize\RESIZE_90_watermarked_image_R_3.png,0,68.75,0.0226,"[0, 'X', 2, 'X', 6, 4, 'X', 2, 0, 0, 4, 5, 'X', 2, 'X', 3]"
2026-05-20T20:43:29.166280,R,Crops,crop,BothHorizontal_25,Croped_BothHorizontal_25_watermarked_image_R_4.png,N:\Desktop\WORKING PAPERS\MVDW-NIKOS-PAPER\Version_22\attacked\R\watermarked_image_R_4\Crops\Croped_BothHorizontal_25_watermarked_image_R_4.png,0,81.25,0.0729,"['X', 'X', 2, 5, 6, 4, 3, 2, 0, 0, 4, 5, 1, 2, 6, 'X']"
2026-05-20T20:43:30.608606,R,Crops,crop,BothHorizontal_50,Croped_BothHorizontal_50_watermarked_image_R_4.png,N:\Desktop\WORKING PAPERS\MVDW-NIKOS-PAPER\Version_22\attacked\R\watermarked_image_R_4\Crops\Croped_BothHorizontal_50_watermarked_image_R_4.png,0,50.0,0.1875,"['X', 'X', 'X', 'X', 6, 4, 3, 2, 0, 0, 4, 5, 'X', 'X', 'X', 'X']"
2026-05-20T20:43:32.058263,R,Crops,crop,BothHorizontal_75,Croped_BothHorizontal_75_watermarked_image_R_4.png,N:\Desktop\WORKING PAPERS\MVDW-NIKOS-PAPER\Version_22\attacked\R\watermarked_image_R_4\Crops\Croped_BothHorizontal_75_watermarked_image_R_4.png,0,31.25,0.2188,"['X', 'X', 'X', 'X', 6, 4, 3, 2, 0, 'X', 'X', 'X', 'X', 'X', 'X', 'X']"
2026-05-20T20:43:33.560151,R,Crops,crop,BothVertical_25,Croped_BothVertical_25_watermarked_image_R_4.png,N:\Desktop\WORKING PAPERS\MVDW-NIKOS-PAPER\Version_22\attacked\R\watermarked_image_R_4\Crops\Croped_BothVertical_25_watermarked_image_R_4.png,0,75.0,0.0868,"['X', 2, 2, 'X', 'X', 4, 3, 2, 0, 0, 4, 5, 1, 2, 6, 'X']"
2026-05-20T20:43:35.026991,R,Crops,crop,BothVertical_50,Croped_BothVertical_50_watermarked_image_R_4.png,N:\Desktop\WORKING PAPERS\MVDW-NIKOS-PAPER\Version_22\attacked\R\watermarked_image_R_4\Crops\Croped_BothVertical_50_watermarked_image_R_4.png,0,50.0,0.1875,"['X', 2, 2, 'X', 'X', 4, 3, 'X', 'X', 0, 4, 'X', 'X', 2, 6, 'X']"
2026-05-20T20:43:36.425346,R,Crops,crop,BothVertical_75,Croped_BothVertical_75_watermarked_image_R_4.png,N:\Desktop\WORKING PAPERS\MVDW-NIKOS-PAPER\Version_22\attacked\R\watermarked_image_R_4\Crops\Croped_BothVertical_75_watermarked_image_R_4.png,0,25.0,0.2778,"['X', 2, 2, 'X', 'X', 'X', 'X', 'X', 'X', 'X', 4, 'X', 'X', 2, 'X', 'X']"
2026-05-20T20:43:37.909614,R,Crops,crop,Bottom_25,Croped_Bottom_25_watermarked_image_R_4.png,N:\Desktop\WORKING PAPERS\MVDW-NIKOS-PAPER\Version_22\attacked\R\watermarked_image_R_4\Crops\Croped_Bottom_25_watermarked_image_R_4.png,0,75.0,0.0903,"[0, 2, 2, 5, 6, 4, 3, 2, 0, 0, 4, 5, 'X', 'X', 'X', 'X']"
2026-05-20T20:43:39.377158,R,Crops,crop,Bottom_50,Croped_Bottom_50_watermarked_image_R_4.png,N:\Desktop\WORKING PAPERS\MVDW-NIKOS-PAPER\Version_22\attacked\R\watermarked_image_R_4\Crops\Croped_Bottom_50_watermarked_image_R_4.png,0,50.0,0.184,"[0, 2, 2, 5, 6, 4, 3, 2, 'X', 'X', 'X', 'X', 'X', 'X', 'X', 'X']"
2026-05-20T20:43:40.816602,R,Crops,crop,Bottom_75,Croped_Bottom_75_watermarked_image_R_4.png,N:\Desktop\WORKING PAPERS\MVDW-NIKOS-PAPER\Version_22\attacked\R\watermarked_image_R_4\Crops\Croped_Bottom_75_watermarked_image_R_4.png,0,25.0,0.2708,"[0, 2, 2, 5, 'X', 'X', 'X', 'X', 'X', 'X', 'X', 'X', 'X', 'X', 'X', 'X']"
2026-05-20T20:43:42.277012,R,Crops,crop,Left_25,Croped_Left_25_watermarked_image_R_4.png,N:\Desktop\WORKING PAPERS\MVDW-NIKOS-PAPER\Version_22\attacked\R\watermarked_image_R_4\Crops\Croped_Left_25_watermarked_image_R_4.png,0,75.0,0.0903,"['X', 2, 2, 5, 'X', 4, 3, 2, 'X', 0, 4, 5, 'X', 2, 6, 3]"
2026-05-20T20:43:43.782019,R,Crops,crop,Left_50,Croped_Left_50_watermarked_image_R_4.png,N:\Desktop\WORKING PAPERS\MVDW-NIKOS-PAPER\Version_22\attacked\R\watermarked_image_R_4\Crops\Croped_Left_50_watermarked_image_R_4.png,0,50.0,0.184,"['X', 'X', 2, 5, 'X', 'X', 3, 2, 'X', 'X', 4, 5, 'X', 'X', 6, 3]"
2026-05-20T20:43:45.232092,R,Crops,crop,Left_75,Croped_Left_75_watermarked_image_R_4.png,N:\Desktop\WORKING PAPERS\MVDW-NIKOS-PAPER\Version_22\attacked\R\watermarked_image_R_4\Crops\Croped_Left_75_watermarked_image_R_4.png,0,25.0,0.2708,"['X', 'X', 'X', 5, 'X', 'X', 'X', 2, 'X', 'X', 'X', 5, 'X', 'X', 'X', 3]"
2026-05-20T20:43:46.679496,R,Crops,crop,Right_25,Croped_Right_25_watermarked_image_R_4.png,N:\Desktop\WORKING PAPERS\MVDW-NIKOS-PAPER\Version_22\attacked\R\watermarked_image_R_4\Crops\Croped_Right_25_watermarked_image_R_4.png,0,75.0,0.0972,"[0, 2, 2, 'X', 6, 4, 3, 'X', 0, 0, 4, 'X', 1, 2, 6, 'X']"
2026-05-20T20:43:48.123731,R,Crops,crop,Right_50,Croped_Right_50_watermarked_image_R_4.png,N:\Desktop\WORKING PAPERS\MVDW-NIKOS-PAPER\Version_22\attacked\R\watermarked_image_R_4\Crops\Croped_Right_50_watermarked_image_R_4.png,0,50.0,0.184,"[0, 2, 'X', 'X', 6, 4, 'X', 'X', 0, 0, 'X', 'X', 1, 2, 'X', 'X']"
2026-05-20T20:43:49.577425,R,Crops,crop,Right_75,Croped_Right_75_watermarked_image_R_4.png,N:\Desktop\WORKING PAPERS\MVDW-NIKOS-PAPER\Version_22\attacked\R\watermarked_image_R_4\Crops\Croped_Right_75_watermarked_image_R_4.png,0,25.0,0.2778,"[0, 'X', 'X', 'X', 6, 'X', 'X', 'X', 0, 'X', 'X', 'X', 1, 'X', 'X', 'X']"
2026-05-20T20:43:51.054939,R,Crops,crop,Top_25,Croped_Top_25_watermarked_image_R_4.png,N:\Desktop\WORKING PAPERS\MVDW-NIKOS-PAPER\Version_22\attacked\R\watermarked_image_R_4\Crops\Croped_Top_25_watermarked_image_R_4.png,0,75.0,0.0972,"['X', 'X', 'X', 'X', 6, 4, 3, 2, 0, 0, 4, 5, 1, 2, 6, 3]"
2026-05-20T20:43:52.474192,R,Crops,crop,Top_50,Croped_Top_50_watermarked_image_R_4.png,N:\Desktop\WORKING PAPERS\MVDW-NIKOS-PAPER\Version_22\attacked\R\watermarked_image_R_4\Crops\Croped_Top_50_watermarked_image_R_4.png,0,50.0,0.184,"['X', 'X', 'X', 'X', 'X', 'X', 'X', 'X', 0, 0, 4, 5, 1, 2, 6, 3]"
2026-05-20T20:43:53.937677,R,Crops,crop,Top_75,Croped_Top_75_watermarked_image_R_4.png,N:\Desktop\WORKING PAPERS\MVDW-NIKOS-PAPER\Version_22\attacked\R\watermarked_image_R_4\Crops\Croped_Top_75_watermarked_image_R_4.png,0,25.0,0.2778,"['X', 'X', 'X', 'X', 'X', 'X', 'X', 'X', 'X', 'X', 'X', 'X', 1, 2, 6, 3]"
2026-05-20T20:43:55.461870,R,Filters,jpeg,70,Compressed_q70_watermarked_image_R_4.jpg,N:\Desktop\WORKING PAPERS\MVDW-NIKOS-PAPER\Version_22\attacked\R\watermarked_image_R_4\Filters\Compressed_q70_watermarked_image_R_4.jpg,0,43.75,0.2066,"[0, 2, 'X', 'X', 6, 4, 'X', 2, 'X', 0, 'X', 'X', 'X', 'X', 6, 'X']"
2026-05-20T20:43:56.927055,R,Filters,jpeg,80,Compressed_q80_watermarked_image_R_4.jpg,N:\Desktop\WORKING PAPERS\MVDW-NIKOS-PAPER\Version_22\attacked\R\watermarked_image_R_4\Filters\Compressed_q80_watermarked_image_R_4.jpg,0,31.25,0.2205,"[0, 'X', 'X', 'X', 'X', 4, 'X', 2, 'X', 0, 'X', 'X', 1, 'X', 'X', 'X']"
2026-05-20T20:43:58.406966,R,Filters,jpeg,90,Compressed_q90_watermarked_image_R_4.jpg,N:\Desktop\WORKING PAPERS\MVDW-NIKOS-PAPER\Version_22\attacked\R\watermarked_image_R_4\Filters\Compressed_q90_watermarked_image_R_4.jpg,0,75.0,0.0816,"[0, 2, 2, 5, 'X', 4, 'X', 2, 'X', 0, 4, 'X', 1, 2, 6, 3]"
2026-05-20T20:43:59.973264,R,Filters,gaussian_blur,3,GB_k3_watermarked_image_R_4.png,N:\Desktop\WORKING PAPERS\MVDW-NIKOS-PAPER\Version_22\attacked\R\watermarked_image_R_4\Filters\GB_k3_watermarked_image_R_4.png,0,12.5,0.3663,"['X', 2, 'X', 'X', 6, 'X', 'X', 'X', 'X', 'X', 'X', 'X', 'X', 'X', 'X', 'X']"
2026-05-20T20:44:01.483062,R,Filters,gaussian_blur,5,GB_k5_watermarked_image_R_4.png,N:\Desktop\WORKING PAPERS\MVDW-NIKOS-PAPER\Version_22\attacked\R\watermarked_image_R_4\Filters\GB_k5_watermarked_image_R_4.png,0,12.5,0.342,"['X', 'X', 'X', 'X', 'X', 'X', 'X', 'X', 'X', 'X', 'X', 'X', 1, 'X', 'X', 3]"
2026-05-20T20:44:02.975958,R,Filters,gaussian_blur,7,GB_k7_watermarked_image_R_4.png,N:\Desktop\WORKING PAPERS\MVDW-NIKOS-PAPER\Version_22\attacked\R\watermarked_image_R_4\Filters\GB_k7_watermarked_image_R_4.png,0,0.0,0.375,"['X', 'X', 'X', 'X', 'X', 'X', 'X', 'X', 'X', 'X', 'X', 'X', 'X', 'X', 'X', 'X']"
2026-05-20T20:44:04.480734,R,Filters,gaussian_noise,0.05,GN_lvl0.05_watermarked_image_R_4.png,N:\Desktop\WORKING PAPERS\MVDW-NIKOS-PAPER\Version_22\attacked\R\watermarked_image_R_4\Filters\GN_lvl0.05_watermarked_image_R_4.png,0,100.0,0.0,"[0, 2, 2, 5, 6, 4, 3, 2, 0, 0, 4, 5, 1, 2, 6, 3]"
2026-05-20T20:44:05.997382,R,Filters,gaussian_noise,0.1,GN_lvl0.1_watermarked_image_R_4.png,N:\Desktop\WORKING PAPERS\MVDW-NIKOS-PAPER\Version_22\attacked\R\watermarked_image_R_4\Filters\GN_lvl0.1_watermarked_image_R_4.png,0,100.0,0.0,"[0, 2, 2, 5, 6, 4, 3, 2, 0, 0, 4, 5, 1, 2, 6, 3]"
2026-05-20T20:44:07.476371,R,Filters,gaussian_noise,0.2,GN_lvl0.2_watermarked_image_R_4.png,N:\Desktop\WORKING PAPERS\MVDW-NIKOS-PAPER\Version_22\attacked\R\watermarked_image_R_4\Filters\GN_lvl0.2_watermarked_image_R_4.png,0,100.0,0.0,"[0, 2, 2, 5, 6, 4, 3, 2, 0, 0, 4, 5, 1, 2, 6, 3]"
2026-05-20T20:44:08.982350,R,Filters,gamma,,Gamma_watermarked_image_R_4.png,N:\Desktop\WORKING PAPERS\MVDW-NIKOS-PAPER\Version_22\attacked\R\watermarked_image_R_4\Filters\Gamma_watermarked_image_R_4.png,0,100.0,0.0,"[0, 2, 2, 5, 6, 4, 3, 2, 0, 0, 4, 5, 1, 2, 6, 3]"
2026-05-20T20:44:10.521010,R,Filters,histogram_equalization,,HEQ_watermarked_image_R_4.png,N:\Desktop\WORKING PAPERS\MVDW-NIKOS-PAPER\Version_22\attacked\R\watermarked_image_R_4\Filters\HEQ_watermarked_image_R_4.png,0,100.0,0.0,"[0, 2, 2, 5, 6, 4, 3, 2, 0, 0, 4, 5, 1, 2, 6, 3]"
2026-05-20T20:44:12.002721,R,Filters,motion_blur,3,MB_k3_watermarked_image_R_4.png,N:\Desktop\WORKING PAPERS\MVDW-NIKOS-PAPER\Version_22\attacked\R\watermarked_image_R_4\Filters\MB_k3_watermarked_image_R_4.png,0,68.75,0.0625,"[0, 2, 2, 5, 'X', 4, 'X', 2, 'X', 0, 'X', 'X', 1, 2, 6, 3]"
2026-05-20T20:44:13.489321,R,Filters,motion_blur,5,MB_k5_watermarked_image_R_4.png,N:\Desktop\WORKING PAPERS\MVDW-NIKOS-PAPER\Version_22\attacked\R\watermarked_image_R_4\Filters\MB_k5_watermarked_image_R_4.png,0,87.5,0.0226,"[0, 2, 2, 5, 'X', 4, 3, 2, 0, 0, 'X', 5, 1, 2, 6, 3]"
2026-05-20T20:44:15.041912,R,Filters,motion_blur,7,MB_k7_watermarked_image_R_4.png,N:\Desktop\WORKING PAPERS\MVDW-NIKOS-PAPER\Version_22\attacked\R\watermarked_image_R_4\Filters\MB_k7_watermarked_image_R_4.png,0,75.0,0.0781,"[0, 2, 2, 5, 6, 4, 'X', 2, 'X', 0, 'X', 'X', 1, 2, 6, 3]"
2026-05-20T20:44:16.572654,R,Filters,mean_filter,3,MEAN_k3_watermarked_image_R_4.png,N:\Desktop\WORKING PAPERS\MVDW-NIKOS-PAPER\Version_22\attacked\R\watermarked_image_R_4\Filters\MEAN_k3_watermarked_image_R_4.png,0,68.75,0.0868,"[0, 2, 2, 5, 'X', 4, 'X', 2, 'X', 0, 'X', 'X', 1, 2, 6, 3]"
2026-05-20T20:44:18.066008,R,Filters,mean_filter,5,MEAN_k5_watermarked_image_R_4.png,N:\Desktop\WORKING PAPERS\MVDW-NIKOS-PAPER\Version_22\attacked\R\watermarked_image_R_4\Filters\MEAN_k5_watermarked_image_R_4.png,0,50.0,0.125,"[0, 2, 'X', 'X', 'X', 'X', 'X', 2, 'X', 0, 'X', 'X', 1, 2, 6, 3]"
2026-05-20T20:44:19.597771,R,Filters,median_filter,3,MF_k3_watermarked_image_R_4.png,N:\Desktop\WORKING PAPERS\MVDW-NIKOS-PAPER\Version_22\attacked\R\watermarked_image_R_4\Filters\MF_k3_watermarked_image_R_4.png,0,100.0,0.0,"[0, 2, 2, 5, 6, 4, 3, 2, 0, 0, 4, 5, 1, 2, 6, 3]"
2026-05-20T20:44:21.112030,R,Filters,median_filter,5,MF_k5_watermarked_image_R_4.png,N:\Desktop\WORKING PAPERS\MVDW-NIKOS-PAPER\Version_22\attacked\R\watermarked_image_R_4\Filters\MF_k5_watermarked_image_R_4.png,0,56.25,0.0486,"[0, 2, 'X', 'X', 6, 4, 'X', 'X', 0, 'X', 'X', 5, 'X', 2, 6, 3]"
2026-05-20T20:44:22.592147,R,Filters,median_filter,7,MF_k7_watermarked_image_R_4.png,N:\Desktop\WORKING PAPERS\MVDW-NIKOS-PAPER\Version_22\attacked\R\watermarked_image_R_4\Filters\MF_k7_watermarked_image_R_4.png,0,18.75,0.2344,"['X', 'X', 'X', 5, 'X', 'X', 3, 'X', 'X', 'X', 'X', 5, 'X', 'X', 'X', 'X']"
2026-05-20T20:44:24.112578,R,Filters,sharpening,,SHARP_watermarked_image_R_4.png,N:\Desktop\WORKING PAPERS\MVDW-NIKOS-PAPER\Version_22\attacked\R\watermarked_image_R_4\Filters\SHARP_watermarked_image_R_4.png,0,100.0,0.0,"[0, 2, 2, 5, 6, 4, 3, 2, 0, 0, 4, 5, 1, 2, 6, 3]"
2026-05-20T20:44:25.675872,R,Filters,salt_pepper,0.05,SaP_p0.05_watermarked_image_R_4.png,N:\Desktop\WORKING PAPERS\MVDW-NIKOS-PAPER\Version_22\attacked\R\watermarked_image_R_4\Filters\SaP_p0.05_watermarked_image_R_4.png,0,6.25,0.3958,"['X', 'X', 'X', 'X', 'X', 'X', 'X', 'X', 'X', 'X', 'X', 'X', 'X', 'X', 'X', 3]"
2026-05-20T20:44:27.227867,R,Filters,salt_pepper,0.1,SaP_p0.1_watermarked_image_R_4.png,N:\Desktop\WORKING PAPERS\MVDW-NIKOS-PAPER\Version_22\attacked\R\watermarked_image_R_4\Filters\SaP_p0.1_watermarked_image_R_4.png,0,0.0,0.3837,"['X', 'X', 'X', 'X', 'X', 'X', 'X', 'X', 'X', 'X', 'X', 'X', 'X', 'X', 'X', 'X']"
2026-05-20T20:44:28.729485,R,Filters,salt_pepper,0.2,SaP_p0.2_watermarked_image_R_4.png,N:\Desktop\WORKING PAPERS\MVDW-NIKOS-PAPER\Version_22\attacked\R\watermarked_image_R_4\Filters\SaP_p0.2_watermarked_image_R_4.png,0,6.25,0.3889,"['X', 'X', 'X', 'X', 'X', 'X', 'X', 'X', 'X', 'X', 'X', 5, 'X', 'X', 'X', 'X']"
2026-05-20T20:44:30.247070,R,Geometric,horizontal_flip,,HFLIP_watermarked_image_R_4.png,N:\Desktop\WORKING PAPERS\MVDW-NIKOS-PAPER\Version_22\attacked\R\watermarked_image_R_4\Geometric\HFLIP_watermarked_image_R_4.png,0,18.75,0.3333,"['X', 2, 'X', 5, 'X', 'X', 'X', 'X', 'X', 'X', 'X', 'X', 'X', 'X', 'X', 3]"
2026-05-20T20:44:31.812434,R,Geometric,rotation,-10,ROT_-10_watermarked_image_R_4.png,N:\Desktop\WORKING PAPERS\MVDW-NIKOS-PAPER\Version_22\attacked\R\watermarked_image_R_4\Geometric\ROT_-10_watermarked_image_R_4.png,0,0.0,0.3559,"['X', 'X', 'X', 'X', 'X', 'X', 'X', 'X', 'X', 'X', 'X', 'X', 'X', 'X', 'X', 'X']"
2026-05-20T20:44:33.353910,R,Geometric,rotation,10,ROT_10_watermarked_image_R_4.png,N:\Desktop\WORKING PAPERS\MVDW-NIKOS-PAPER\Version_22\attacked\R\watermarked_image_R_4\Geometric\ROT_10_watermarked_image_R_4.png,0,0.0,0.408,"['X', 'X', 'X', 'X', 'X', 'X', 'X', 'X', 'X', 'X', 'X', 'X', 'X', 'X', 'X', 'X']"
2026-05-20T20:44:34.879055,R,Geometric,rotation,5,ROT_5_watermarked_image_R_4.png,N:\Desktop\WORKING PAPERS\MVDW-NIKOS-PAPER\Version_22\attacked\R\watermarked_image_R_4\Geometric\ROT_5_watermarked_image_R_4.png,0,0.0,0.3559,"['X', 'X', 'X', 'X', 'X', 'X', 'X', 'X', 'X', 'X', 'X', 'X', 'X', 'X', 'X', 'X']"
2026-05-20T20:44:36.381671,R,Geometric,translation,x2_y2,TRANS_x2_y2_watermarked_image_R_4.png,N:\Desktop\WORKING PAPERS\MVDW-NIKOS-PAPER\Version_22\attacked\R\watermarked_image_R_4\Geometric\TRANS_x2_y2_watermarked_image_R_4.png,0,100.0,0.0,"[0, 2, 2, 5, 6, 4, 3, 2, 0, 0, 4, 5, 1, 2, 6, 3]"
2026-05-20T20:44:37.888575,R,Geometric,translation,x4_y4,TRANS_x4_y4_watermarked_image_R_4.png,N:\Desktop\WORKING PAPERS\MVDW-NIKOS-PAPER\Version_22\attacked\R\watermarked_image_R_4\Geometric\TRANS_x4_y4_watermarked_image_R_4.png,0,25.0,0.2066,"['X', 'X', 'X', 5, 'X', 4, 'X', 2, 'X', 'X', 'X', 'X', 'X', 'X', 'X', 3]"
2026-05-20T20:44:39.388686,R,Resize,resize,110,RESIZE_110_watermarked_image_R_4.png,N:\Desktop\WORKING PAPERS\MVDW-NIKOS-PAPER\Version_22\attacked\R\watermarked_image_R_4\Resize\RESIZE_110_watermarked_image_R_4.png,0,100.0,0.0,"[0, 2, 2, 5, 6, 4, 3, 2, 0, 0, 4, 5, 1, 2, 6, 3]"
2026-05-20T20:44:40.888326,R,Resize,resize,90,RESIZE_90_watermarked_image_R_4.png,N:\Desktop\WORKING PAPERS\MVDW-NIKOS-PAPER\Version_22\attacked\R\watermarked_image_R_4\Resize\RESIZE_90_watermarked_image_R_4.png,0,62.5,0.0938,"[0, 2, 2, 5, 6, 'X', 'X', 2, 'X', 'X', 4, 'X', 1, 'X', 6, 3]"
2026-05-20T20:44:42.343826,R,Crops,crop,BothHorizontal_25,Croped_BothHorizontal_25_watermarked_image_R_5.png,N:\Desktop\WORKING PAPERS\MVDW-NIKOS-PAPER\Version_22\attacked\R\watermarked_image_R_5\Crops\Croped_BothHorizontal_25_watermarked_image_R_5.png,0,56.25,0.1632,"['X', 'X', 'X', 'X', 6, 4, 3, 2, 0, 0, 4, 5, 'X', 'X', 'X', 3]"
2026-05-20T20:44:43.816947,R,Crops,crop,BothHorizontal_50,Croped_BothHorizontal_50_watermarked_image_R_5.png,N:\Desktop\WORKING PAPERS\MVDW-NIKOS-PAPER\Version_22\attacked\R\watermarked_image_R_5\Crops\Croped_BothHorizontal_50_watermarked_image_R_5.png,0,50.0,0.1875,"['X', 'X', 'X', 'X', 6, 4, 3, 2, 0, 0, 4, 5, 'X', 'X', 'X', 'X']"
2026-05-20T20:44:45.215072,R,Crops,crop,BothHorizontal_75,Croped_BothHorizontal_75_watermarked_image_R_5.png,N:\Desktop\WORKING PAPERS\MVDW-NIKOS-PAPER\Version_22\attacked\R\watermarked_image_R_5\Crops\Croped_BothHorizontal_75_watermarked_image_R_5.png,0,12.5,0.3247,"['X', 'X', 'X', 'X', 6, 'X', 'X', 'X', 'X', 0, 'X', 'X', 'X', 'X', 'X', 'X']"
2026-05-20T20:44:46.684305,R,Crops,crop,BothVertical_25,Croped_BothVertical_25_watermarked_image_R_5.png,N:\Desktop\WORKING PAPERS\MVDW-NIKOS-PAPER\Version_22\attacked\R\watermarked_image_R_5\Crops\Croped_BothVertical_25_watermarked_image_R_5.png,0,62.5,0.1319,"[0, 2, 2, 5, 'X', 4, 3, 'X', 'X', 0, 4, 'X', 'X', 2, 6, 'X']"
2026-05-20T20:44:48.129169,R,Crops,crop,BothVertical_50,Croped_BothVertical_50_watermarked_image_R_5.png,N:\Desktop\WORKING PAPERS\MVDW-NIKOS-PAPER\Version_22\attacked\R\watermarked_image_R_5\Crops\Croped_BothVertical_50_watermarked_image_R_5.png,0,50.0,0.1875,"['X', 2, 2, 'X', 'X', 4, 3, 'X', 'X', 0, 4, 'X', 'X', 2, 6, 'X']"
2026-05-20T20:44:49.568950,R,Crops,crop,BothVertical_75,Croped_BothVertical_75_watermarked_image_R_5.png,N:\Desktop\WORKING PAPERS\MVDW-NIKOS-PAPER\Version_22\attacked\R\watermarked_image_R_5\Crops\Croped_BothVertical_75_watermarked_image_R_5.png,0,37.5,0.2274,"['X', 2, 2, 'X', 'X', 4, 'X', 'X', 'X', 0, 4, 'X', 'X', 'X', 6, 'X']"
2026-05-20T20:44:51.062868,R,Crops,crop,Bottom_25,Croped_Bottom_25_watermarked_image_R_5.png,N:\Desktop\WORKING PAPERS\MVDW-NIKOS-PAPER\Version_22\attacked\R\watermarked_image_R_5\Crops\Croped_Bottom_25_watermarked_image_R_5.png,0,75.0,0.0903,"[0, 2, 2, 5, 6, 4, 3, 2, 0, 0, 4, 5, 'X', 'X', 'X', 'X']"
2026-05-20T20:44:52.500849,R,Crops,crop,Bottom_50,Croped_Bottom_50_watermarked_image_R_5.png,N:\Desktop\WORKING PAPERS\MVDW-NIKOS-PAPER\Version_22\attacked\R\watermarked_image_R_5\Crops\Croped_Bottom_50_watermarked_image_R_5.png,0,50.0,0.184,"[0, 2, 2, 5, 6, 4, 3, 2, 'X', 'X', 'X', 'X', 'X', 'X', 'X', 'X']"
2026-05-20T20:44:53.906719,R,Crops,crop,Bottom_75,Croped_Bottom_75_watermarked_image_R_5.png,N:\Desktop\WORKING PAPERS\MVDW-NIKOS-PAPER\Version_22\attacked\R\watermarked_image_R_5\Crops\Croped_Bottom_75_watermarked_image_R_5.png,0,25.0,0.2708,"[0, 2, 2, 5, 'X', 'X', 'X', 'X', 'X', 'X', 'X', 'X', 'X', 'X', 'X', 'X']"
2026-05-20T20:44:55.397126,R,Crops,crop,Left_25,Croped_Left_25_watermarked_image_R_5.png,N:\Desktop\WORKING PAPERS\MVDW-NIKOS-PAPER\Version_22\attacked\R\watermarked_image_R_5\Crops\Croped_Left_25_watermarked_image_R_5.png,0,75.0,0.0903,"['X', 2, 2, 5, 'X', 4, 3, 2, 'X', 0, 4, 5, 'X', 2, 6, 3]"
2026-05-20T20:44:56.834028,R,Crops,crop,Left_50,Croped_Left_50_watermarked_image_R_5.png,N:\Desktop\WORKING PAPERS\MVDW-NIKOS-PAPER\Version_22\attacked\R\watermarked_image_R_5\Crops\Croped_Left_50_watermarked_image_R_5.png,0,50.0,0.184,"['X', 'X', 2, 5, 'X', 'X', 3, 2, 'X', 'X', 4, 5, 'X', 'X', 6, 3]"
2026-05-20T20:44:58.249418,R,Crops,crop,Left_75,Croped_Left_75_watermarked_image_R_5.png,N:\Desktop\WORKING PAPERS\MVDW-NIKOS-PAPER\Version_22\attacked\R\watermarked_image_R_5\Crops\Croped_Left_75_watermarked_image_R_5.png,0,25.0,0.2708,"['X', 'X', 'X', 5, 'X', 'X', 'X', 2, 'X', 'X', 'X', 5, 'X', 'X', 'X', 3]"
2026-05-20T20:44:59.714846,R,Crops,crop,Right_25,Croped_Right_25_watermarked_image_R_5.png,N:\Desktop\WORKING PAPERS\MVDW-NIKOS-PAPER\Version_22\attacked\R\watermarked_image_R_5\Crops\Croped_Right_25_watermarked_image_R_5.png,0,75.0,0.0972,"[0, 2, 2, 'X', 6, 4, 3, 'X', 0, 0, 4, 'X', 1, 2, 6, 'X']"
2026-05-20T20:45:01.182257,R,Crops,crop,Right_50,Croped_Right_50_watermarked_image_R_5.png,N:\Desktop\WORKING PAPERS\MVDW-NIKOS-PAPER\Version_22\attacked\R\watermarked_image_R_5\Crops\Croped_Right_50_watermarked_image_R_5.png,0,50.0,0.184,"[0, 2, 'X', 'X', 6, 4, 'X', 'X', 0, 0, 'X', 'X', 1, 2, 'X', 'X']"
2026-05-20T20:45:02.593933,R,Crops,crop,Right_75,Croped_Right_75_watermarked_image_R_5.png,N:\Desktop\WORKING PAPERS\MVDW-NIKOS-PAPER\Version_22\attacked\R\watermarked_image_R_5\Crops\Croped_Right_75_watermarked_image_R_5.png,0,25.0,0.2778,"[0, 'X', 'X', 'X', 6, 'X', 'X', 'X', 0, 'X', 'X', 'X', 1, 'X', 'X', 'X']"
2026-05-20T20:45:04.064305,R,Crops,crop,Top_25,Croped_Top_25_watermarked_image_R_5.png,N:\Desktop\WORKING PAPERS\MVDW-NIKOS-PAPER\Version_22\attacked\R\watermarked_image_R_5\Crops\Croped_Top_25_watermarked_image_R_5.png,0,75.0,0.0972,"['X', 'X', 'X', 'X', 6, 4, 3, 2, 0, 0, 4, 5, 1, 2, 6, 3]"
2026-05-20T20:45:05.532477,R,Crops,crop,Top_50,Croped_Top_50_watermarked_image_R_5.png,N:\Desktop\WORKING PAPERS\MVDW-NIKOS-PAPER\Version_22\attacked\R\watermarked_image_R_5\Crops\Croped_Top_50_watermarked_image_R_5.png,0,50.0,0.184,"['X', 'X', 'X', 'X', 'X', 'X', 'X', 'X', 0, 0, 4, 5, 1, 2, 6, 3]"
2026-05-20T20:45:06.945319,R,Crops,crop,Top_75,Croped_Top_75_watermarked_image_R_5.png,N:\Desktop\WORKING PAPERS\MVDW-NIKOS-PAPER\Version_22\attacked\R\watermarked_image_R_5\Crops\Croped_Top_75_watermarked_image_R_5.png,0,25.0,0.2778,"['X', 'X', 'X', 'X', 'X', 'X', 'X', 'X', 'X', 'X', 'X', 'X', 1, 2, 6, 3]"
2026-05-20T20:45:08.394736,R,Filters,jpeg,70,Compressed_q70_watermarked_image_R_5.jpg,N:\Desktop\WORKING PAPERS\MVDW-NIKOS-PAPER\Version_22\attacked\R\watermarked_image_R_5\Filters\Compressed_q70_watermarked_image_R_5.jpg,0,0.0,0.3281,"['X', 'X', 'X', 'X', 'X', 'X', 'X', 'X', 'X', 'X', 'X', 'X', 'X', 'X', 'X', 'X']"
2026-05-20T20:45:09.878319,R,Filters,jpeg,80,Compressed_q80_watermarked_image_R_5.jpg,N:\Desktop\WORKING PAPERS\MVDW-NIKOS-PAPER\Version_22\attacked\R\watermarked_image_R_5\Filters\Compressed_q80_watermarked_image_R_5.jpg,0,18.75,0.2378,"['X', 'X', 'X', 'X', 'X', 'X', 3, 'X', 'X', 0, 'X', 'X', 'X', 'X', 6, 'X']"
2026-05-20T20:45:11.376996,R,Filters,jpeg,90,Compressed_q90_watermarked_image_R_5.jpg,N:\Desktop\WORKING PAPERS\MVDW-NIKOS-PAPER\Version_22\attacked\R\watermarked_image_R_5\Filters\Compressed_q90_watermarked_image_R_5.jpg,0,68.75,0.0521,"[0, 2, 'X', 5, 6, 4, 'X', 'X', 'X', 0, 4, 'X', 1, 2, 6, 3]"
2026-05-20T20:45:12.875878,R,Filters,gaussian_blur,3,GB_k3_watermarked_image_R_5.png,N:\Desktop\WORKING PAPERS\MVDW-NIKOS-PAPER\Version_22\attacked\R\watermarked_image_R_5\Filters\GB_k3_watermarked_image_R_5.png,0,25.0,0.3003,"['X', 'X', 'X', 5, 6, 'X', 3, 'X', 'X', 'X', 'X', 'X', 1, 'X', 'X', 'X']"
2026-05-20T20:45:14.366201,R,Filters,gaussian_blur,5,GB_k5_watermarked_image_R_5.png,N:\Desktop\WORKING PAPERS\MVDW-NIKOS-PAPER\Version_22\attacked\R\watermarked_image_R_5\Filters\GB_k5_watermarked_image_R_5.png,0,12.5,0.2865,"['X', 'X', 'X', 'X', 'X', 4, 'X', 2, 'X', 'X', 'X', 'X', 'X', 'X', 'X', 'X']"
2026-05-20T20:45:15.864625,R,Filters,gaussian_blur,7,GB_k7_watermarked_image_R_5.png,N:\Desktop\WORKING PAPERS\MVDW-NIKOS-PAPER\Version_22\attacked\R\watermarked_image_R_5\Filters\GB_k7_watermarked_image_R_5.png,0,6.25,0.316,"['X', 'X', 'X', 'X', 'X', 'X', 'X', 'X', 'X', 'X', 'X', 'X', 'X', 'X', 'X', 3]"
2026-05-20T20:45:17.384364,R,Filters,gaussian_noise,0.05,GN_lvl0.05_watermarked_image_R_5.png,N:\Desktop\WORKING PAPERS\MVDW-NIKOS-PAPER\Version_22\attacked\R\watermarked_image_R_5\Filters\GN_lvl0.05_watermarked_image_R_5.png,0,100.0,0.0,"[0, 2, 2, 5, 6, 4, 3, 2, 0, 0, 4, 5, 1, 2, 6, 3]"
2026-05-20T20:45:18.905225,R,Filters,gaussian_noise,0.1,GN_lvl0.1_watermarked_image_R_5.png,N:\Desktop\WORKING PAPERS\MVDW-NIKOS-PAPER\Version_22\attacked\R\watermarked_image_R_5\Filters\GN_lvl0.1_watermarked_image_R_5.png,0,100.0,0.0,"[0, 2, 2, 5, 6, 4, 3, 2, 0, 0, 4, 5, 1, 2, 6, 3]"
2026-05-20T20:45:20.398235,R,Filters,gaussian_noise,0.2,GN_lvl0.2_watermarked_image_R_5.png,N:\Desktop\WORKING PAPERS\MVDW-NIKOS-PAPER\Version_22\attacked\R\watermarked_image_R_5\Filters\GN_lvl0.2_watermarked_image_R_5.png,0,100.0,0.0,"[0, 2, 2, 5, 6, 4, 3, 2, 0, 0, 4, 5, 1, 2, 6, 3]"
2026-05-20T20:45:21.899291,R,Filters,gamma,,Gamma_watermarked_image_R_5.png,N:\Desktop\WORKING PAPERS\MVDW-NIKOS-PAPER\Version_22\attacked\R\watermarked_image_R_5\Filters\Gamma_watermarked_image_R_5.png,0,100.0,0.0,"[0, 2, 2, 5, 6, 4, 3, 2, 0, 0, 4, 5, 1, 2, 6, 3]"
2026-05-20T20:45:23.433944,R,Filters,histogram_equalization,,HEQ_watermarked_image_R_5.png,N:\Desktop\WORKING PAPERS\MVDW-NIKOS-PAPER\Version_22\attacked\R\watermarked_image_R_5\Filters\HEQ_watermarked_image_R_5.png,0,100.0,0.0,"[0, 2, 2, 5, 6, 4, 3, 2, 0, 0, 4, 5, 1, 2, 6, 3]"
2026-05-20T20:45:24.932065,R,Filters,motion_blur,3,MB_k3_watermarked_image_R_5.png,N:\Desktop\WORKING PAPERS\MVDW-NIKOS-PAPER\Version_22\attacked\R\watermarked_image_R_5\Filters\MB_k3_watermarked_image_R_5.png,0,100.0,0.0,"[0, 2, 2, 5, 6, 4, 3, 2, 0, 0, 4, 5, 1, 2, 6, 3]"
2026-05-20T20:45:26.425968,R,Filters,motion_blur,5,MB_k5_watermarked_image_R_5.png,N:\Desktop\WORKING PAPERS\MVDW-NIKOS-PAPER\Version_22\attacked\R\watermarked_image_R_5\Filters\MB_k5_watermarked_image_R_5.png,0,100.0,0.0,"[0, 2, 2, 5, 6, 4, 3, 2, 0, 0, 4, 5, 1, 2, 6, 3]"
2026-05-20T20:45:27.927972,R,Filters,motion_blur,7,MB_k7_watermarked_image_R_5.png,N:\Desktop\WORKING PAPERS\MVDW-NIKOS-PAPER\Version_22\attacked\R\watermarked_image_R_5\Filters\MB_k7_watermarked_image_R_5.png,0,87.5,0.0156,"[0, 2, 2, 5, 'X', 4, 3, 2, 'X', 0, 4, 5, 1, 2, 6, 3]"
2026-05-20T20:45:29.431611,R,Filters,mean_filter,3,MEAN_k3_watermarked_image_R_5.png,N:\Desktop\WORKING PAPERS\MVDW-NIKOS-PAPER\Version_22\attacked\R\watermarked_image_R_5\Filters\MEAN_k3_watermarked_image_R_5.png,0,56.25,0.0955,"[0, 'X', 'X', 5, 'X', 4, 3, 'X', 'X', 0, 4, 'X', 'X', 2, 6, 3]"
2026-05-20T20:45:30.921586,R,Filters,mean_filter,5,MEAN_k5_watermarked_image_R_5.png,N:\Desktop\WORKING PAPERS\MVDW-NIKOS-PAPER\Version_22\attacked\R\watermarked_image_R_5\Filters\MEAN_k5_watermarked_image_R_5.png,0,62.5,0.0903,"[0, 2, 2, 'X', 'X', 4, 3, 'X', 'X', 'X', 4, 5, 1, 2, 6, 'X']"
2026-05-20T20:45:32.418364,R,Filters,median_filter,3,MF_k3_watermarked_image_R_5.png,N:\Desktop\WORKING PAPERS\MVDW-NIKOS-PAPER\Version_22\attacked\R\watermarked_image_R_5\Filters\MF_k3_watermarked_image_R_5.png,0,100.0,0.0,"[0, 2, 2, 5, 6, 4, 3, 2, 0, 0, 4, 5, 1, 2, 6, 3]"
2026-05-20T20:45:33.912019,R,Filters,median_filter,5,MF_k5_watermarked_image_R_5.png,N:\Desktop\WORKING PAPERS\MVDW-NIKOS-PAPER\Version_22\attacked\R\watermarked_image_R_5\Filters\MF_k5_watermarked_image_R_5.png,0,100.0,0.0052,"[0, 2, 2, 5, 6, 4, 3, 2, 0, 0, 4, 5, 1, 2, 6, 3]"
2026-05-20T20:45:35.398179,R,Filters,median_filter,7,MF_k7_watermarked_image_R_5.png,N:\Desktop\WORKING PAPERS\MVDW-NIKOS-PAPER\Version_22\attacked\R\watermarked_image_R_5\Filters\MF_k7_watermarked_image_R_5.png,0,75.0,0.0521,"[0, 2, 2, 5, 'X', 'X', 3, 2, 'X', 0, 4, 5, 1, 2, 'X', 3]"
2026-05-20T20:45:36.911562,R,Filters,sharpening,,SHARP_watermarked_image_R_5.png,N:\Desktop\WORKING PAPERS\MVDW-NIKOS-PAPER\Version_22\attacked\R\watermarked_image_R_5\Filters\SHARP_watermarked_image_R_5.png,0,100.0,0.0,"[0, 2, 2, 5, 6, 4, 3, 2, 0, 0, 4, 5, 1, 2, 6, 3]"
2026-05-20T20:45:38.402782,R,Filters,salt_pepper,0.05,SaP_p0.05_watermarked_image_R_5.png,N:\Desktop\WORKING PAPERS\MVDW-NIKOS-PAPER\Version_22\attacked\R\watermarked_image_R_5\Filters\SaP_p0.05_watermarked_image_R_5.png,0,18.75,0.2778,"['X', 'X', 'X', 5, 'X', 'X', 'X', 'X', 'X', 0, 4, 'X', 'X', 'X', 'X', 'X']"
2026-05-20T20:45:39.902657,R,Filters,salt_pepper,0.1,SaP_p0.1_watermarked_image_R_5.png,N:\Desktop\WORKING PAPERS\MVDW-NIKOS-PAPER\Version_22\attacked\R\watermarked_image_R_5\Filters\SaP_p0.1_watermarked_image_R_5.png,0,6.25,0.3108,"['X', 'X', 'X', 'X', 'X', 'X', 'X', 'X', 'X', 'X', 'X', 5, 'X', 'X', 'X', 'X']"
2026-05-20T20:45:41.385771,R,Filters,salt_pepper,0.2,SaP_p0.2_watermarked_image_R_5.png,N:\Desktop\WORKING PAPERS\MVDW-NIKOS-PAPER\Version_22\attacked\R\watermarked_image_R_5\Filters\SaP_p0.2_watermarked_image_R_5.png,0,0.0,0.3628,"['X', 'X', 'X', 'X', 'X', 'X', 'X', 'X', 'X', 'X', 'X', 'X', 'X', 'X', 'X', 'X']"
2026-05-20T20:45:42.881191,R,Geometric,horizontal_flip,,HFLIP_watermarked_image_R_5.png,N:\Desktop\WORKING PAPERS\MVDW-NIKOS-PAPER\Version_22\attacked\R\watermarked_image_R_5\Geometric\HFLIP_watermarked_image_R_5.png,0,37.5,0.3229,"['X', 2, 'X', 'X', 6, 4, 'X', 'X', 0, 'X', 4, 'X', 'X', 2, 'X', 'X']"
2026-05-20T20:45:44.380766,R,Geometric,rotation,-10,ROT_-10_watermarked_image_R_5.png,N:\Desktop\WORKING PAPERS\MVDW-NIKOS-PAPER\Version_22\attacked\R\watermarked_image_R_5\Geometric\ROT_-10_watermarked_image_R_5.png,0,25.0,0.3351,"['X', 2, 'X', 'X', 'X', 'X', 'X', 2, 'X', 'X', 'X', 'X', 1, 'X', 6, 'X']"
2026-05-20T20:45:45.894977,R,Geometric,rotation,10,ROT_10_watermarked_image_R_5.png,N:\Desktop\WORKING PAPERS\MVDW-NIKOS-PAPER\Version_22\attacked\R\watermarked_image_R_5\Geometric\ROT_10_watermarked_image_R_5.png,0,0.0,0.3333,"['X', 'X', 'X', 'X', 'X', 'X', 'X', 'X', 'X', 'X', 'X', 'X', 'X', 'X', 'X', 'X']"
2026-05-20T20:45:47.405819,R,Geometric,rotation,5,ROT_5_watermarked_image_R_5.png,N:\Desktop\WORKING PAPERS\MVDW-NIKOS-PAPER\Version_22\attacked\R\watermarked_image_R_5\Geometric\ROT_5_watermarked_image_R_5.png,0,6.25,0.3438,"['X', 'X', 'X', 'X', 'X', 'X', 3, 'X', 'X', 'X', 'X', 'X', 'X', 'X', 'X', 'X']"
2026-05-20T20:45:48.900170,R,Geometric,translation,x2_y2,TRANS_x2_y2_watermarked_image_R_5.png,N:\Desktop\WORKING PAPERS\MVDW-NIKOS-PAPER\Version_22\attacked\R\watermarked_image_R_5\Geometric\TRANS_x2_y2_watermarked_image_R_5.png,0,100.0,0.0,"[0, 2, 2, 5, 6, 4, 3, 2, 0, 0, 4, 5, 1, 2, 6, 3]"
2026-05-20T20:45:50.412602,R,Geometric,translation,x4_y4,TRANS_x4_y4_watermarked_image_R_5.png,N:\Desktop\WORKING PAPERS\MVDW-NIKOS-PAPER\Version_22\attacked\R\watermarked_image_R_5\Geometric\TRANS_x4_y4_watermarked_image_R_5.png,0,50.0,0.2014,"['X', 'X', 2, 'X', 6, 4, 3, 2, 0, 'X', 'X', 5, 'X', 'X', 'X', 3]"
2026-05-20T20:45:51.914951,R,Resize,resize,110,RESIZE_110_watermarked_image_R_5.png,N:\Desktop\WORKING PAPERS\MVDW-NIKOS-PAPER\Version_22\attacked\R\watermarked_image_R_5\Resize\RESIZE_110_watermarked_image_R_5.png,0,100.0,0.0,"[0, 2, 2, 5, 6, 4, 3, 2, 0, 0, 4, 5, 1, 2, 6, 3]"
2026-05-20T20:45:53.424238,R,Resize,resize,90,RESIZE_90_watermarked_image_R_5.png,N:\Desktop\WORKING PAPERS\MVDW-NIKOS-PAPER\Version_22\attacked\R\watermarked_image_R_5\Resize\RESIZE_90_watermarked_image_R_5.png,0,81.25,0.0122,"[0, 2, 2, 5, 6, 4, 'X', 2, 0, 0, 4, 'X', 1, 2, 6, 'X']"
