Embed key : 8 in Block 1
Running with c = 40
Rows offset = (0,54)
Columns offset = (0,54)
PSNR taken 44.51202
SSIM taken 0.99170

Key which was embeded : 8
Result of extraction = 1

Optimal c value for grid = 40
-----------------------------------

Running with c = 40
Rows offset = (0,54)
Columns offset = (55,109)
PSNR taken 44.46272
SSIM taken 0.99067

Key which was embeded : 8
Result of extraction = 1

Optimal c value for grid = 40
-----------------------------------

Running with c = 40
Rows offset = (0,54)
Columns offset = (110,164)
PSNR taken 44.99092
SSIM taken 0.99058

Key which was embeded : 8
Result of extraction = 1

Optimal c value for grid = 40
-----------------------------------

Running with c = 40
Rows offset = (0,54)
Columns offset = (165,219)
PSNR taken 45.01477
SSIM taken 0.98965

Key which was embeded : 8
Result of extraction = 0

Running with c = 120
Rows offset = (0,54)
Columns offset = (165,219)
PSNR taken 36.43667
SSIM taken 0.98364

Key which was embeded : 8
Result of extraction = 0

Running with c = 80
Rows offset = (0,54)
Columns offset = (165,219)
PSNR taken 39.68655
SSIM taken 0.98542

Key which was embeded : 8
Result of extraction = 0

Running with c = 41
Rows offset = (0,54)
Columns offset = (165,219)
Key which was embeded : 8
Result of extraction = 0

Running with c = 44
Rows offset = (0,54)
Columns offset = (165,219)
Key which was embeded : 8
Result of extraction = 0

Running with c = 47
Rows offset = (0,54)
Columns offset = (165,219)
Key which was embeded : 8
Result of extraction = 0

Running with c = 50
Rows offset = (0,54)
Columns offset = (165,219)
Key which was embeded : 8
Result of extraction = 0

Running with c = 53
Rows offset = (0,54)
Columns offset = (165,219)
Key which was embeded : 8
Result of extraction = 0

Running with c = 56
Rows offset = (0,54)
Columns offset = (165,219)
Key which was embeded : 8
Result of extraction = 0

Running with c = 59
Rows offset = (0,54)
Columns offset = (165,219)
Key which was embeded : 8
Result of extraction = 0

Running with c = 62
Rows offset = (0,54)
Columns offset = (165,219)
Key which was embeded : 8
Result of extraction = 0

Running with c = 65
Rows offset = (0,54)
Columns offset = (165,219)
Key which was embeded : 8
Result of extraction = 0

Running with c = 68
Rows offset = (0,54)
Columns offset = (165,219)
Key which was embeded : 8
Result of extraction = 0

Running with c = 71
Rows offset = (0,54)
Columns offset = (165,219)
Key which was embeded : 8
Result of extraction = 0

Running with c = 74
Rows offset = (0,54)
Columns offset = (165,219)
Key which was embeded : 8
Result of extraction = 0

Running with c = 77
Rows offset = (0,54)
Columns offset = (165,219)
Key which was embeded : 8
Result of extraction = 0

Running with c = 80
Rows offset = (0,54)
Columns offset = (165,219)
Key which was embeded : 8
Result of extraction = 0

Running with c = 83
Rows offset = (0,54)
Columns offset = (165,219)
Key which was embeded : 8
Result of extraction = 0

Running with c = 86
Rows offset = (0,54)
Columns offset = (165,219)
Key which was embeded : 8
Result of extraction = 0

Running with c = 89
Rows offset = (0,54)
Columns offset = (165,219)
Key which was embeded : 8
Result of extraction = 0

Running with c = 92
Rows offset = (0,54)
Columns offset = (165,219)
Key which was embeded : 8
Result of extraction = 0

Running with c = 95
Rows offset = (0,54)
Columns offset = (165,219)
Key which was embeded : 8
Result of extraction = 0

Running with c = 98
Rows offset = (0,54)
Columns offset = (165,219)
Key which was embeded : 8
Result of extraction = 0

Running with c = 101
Rows offset = (0,54)
Columns offset = (165,219)
Key which was embeded : 8
Result of extraction = 0

Running with c = 40
Rows offset = (0,54)
Columns offset = (165,219)
Optimal c value for grid = 40
-----------------------------------

Optimal c value for grid = 40
-----------------------------------

Running with c = 40
Rows offset = (0,54)
Columns offset = (220,274)
PSNR taken 45.41957
SSIM taken 0.98926

Key which was embeded : 8
Result of extraction = 0

Running with c = 120
Rows offset = (0,54)
Columns offset = (220,274)
PSNR taken 35.79763
SSIM taken 0.98308

Key which was embeded : 8
Result of extraction = 0

Running with c = 80
Rows offset = (0,54)
Columns offset = (220,274)
PSNR taken 39.43568
SSIM taken 0.98486

Key which was embeded : 8
Result of extraction = 0

Running with c = 41
Rows offset = (0,54)
Columns offset = (220,274)
Key which was embeded : 8
Result of extraction = 0

Running with c = 44
Rows offset = (0,54)
Columns offset = (220,274)
Key which was embeded : 8
Result of extraction = 0

Running with c = 47
Rows offset = (0,54)
Columns offset = (220,274)
Key which was embeded : 8
Result of extraction = 0

Running with c = 50
Rows offset = (0,54)
Columns offset = (220,274)
Key which was embeded : 8
Result of extraction = 0

Running with c = 53
Rows offset = (0,54)
Columns offset = (220,274)
Key which was embeded : 8
Result of extraction = 0

Running with c = 56
Rows offset = (0,54)
Columns offset = (220,274)
Key which was embeded : 8
Result of extraction = 0

Running with c = 59
Rows offset = (0,54)
Columns offset = (220,274)
Key which was embeded : 8
Result of extraction = 0

Running with c = 62
Rows offset = (0,54)
Columns offset = (220,274)
Key which was embeded : 8
Result of extraction = 0

Running with c = 65
Rows offset = (0,54)
Columns offset = (220,274)
Key which was embeded : 8
Result of extraction = 0

Running with c = 68
Rows offset = (0,54)
Columns offset = (220,274)
Key which was embeded : 8
Result of extraction = 0

Running with c = 71
Rows offset = (0,54)
Columns offset = (220,274)
Key which was embeded : 8
Result of extraction = 0

Running with c = 74
Rows offset = (0,54)
Columns offset = (220,274)
Key which was embeded : 8
Result of extraction = 0

Running with c = 77
Rows offset = (0,54)
Columns offset = (220,274)
Key which was embeded : 8
Result of extraction = 0

Running with c = 80
Rows offset = (0,54)
Columns offset = (220,274)
Key which was embeded : 8
Result of extraction = 0

Running with c = 83
Rows offset = (0,54)
Columns offset = (220,274)
Key which was embeded : 8
Result of extraction = 0

Running with c = 86
Rows offset = (0,54)
Columns offset = (220,274)
Key which was embeded : 8
Result of extraction = 0

Running with c = 89
Rows offset = (0,54)
Columns offset = (220,274)
Key which was embeded : 8
Result of extraction = 0

Running with c = 92
Rows offset = (0,54)
Columns offset = (220,274)
Key which was embeded : 8
Result of extraction = 0

Running with c = 95
Rows offset = (0,54)
Columns offset = (220,274)
Key which was embeded : 8
Result of extraction = 0

Running with c = 98
Rows offset = (0,54)
Columns offset = (220,274)
Key which was embeded : 8
Result of extraction = 0

Running with c = 101
Rows offset = (0,54)
Columns offset = (220,274)
Key which was embeded : 8
Result of extraction = 0

Running with c = 40
Rows offset = (0,54)
Columns offset = (220,274)
Optimal c value for grid = 40
-----------------------------------

Optimal c value for grid = 40
-----------------------------------

Running with c = 40
Rows offset = (55,109)
Columns offset = (0,54)
PSNR taken 44.02078
SSIM taken 0.99245

Key which was embeded : 8
Result of extraction = 1

Optimal c value for grid = 40
-----------------------------------

Running with c = 40
Rows offset = (55,109)
Columns offset = (55,109)
PSNR taken 44.19746
SSIM taken 0.99327

Key which was embeded : 8
Result of extraction = 1

Optimal c value for grid = 40
-----------------------------------

Running with c = 40
Rows offset = (55,109)
Columns offset = (110,164)
PSNR taken 44.30916
SSIM taken 0.99151

Key which was embeded : 8
Result of extraction = 1

Optimal c value for grid = 40
-----------------------------------

Running with c = 40
Rows offset = (55,109)
Columns offset = (165,219)
PSNR taken 44.20551
SSIM taken 0.99045

Key which was embeded : 8
Result of extraction = 1

Optimal c value for grid = 40
-----------------------------------

Running with c = 40
Rows offset = (55,109)
Columns offset = (220,274)
PSNR taken 39.28054
SSIM taken 0.99325

Key which was embeded : 8
Result of extraction = 1

Optimal c value for grid = 40
-----------------------------------

Running with c = 40
Rows offset = (110,164)
Columns offset = (0,54)
PSNR taken 44.37931
SSIM taken 0.99109

Key which was embeded : 8
Result of extraction = 1

Optimal c value for grid = 40
-----------------------------------

Running with c = 40
Rows offset = (110,164)
Columns offset = (55,109)
PSNR taken 44.31990
SSIM taken 0.99299

Key which was embeded : 8
Result of extraction = 1

Optimal c value for grid = 40
-----------------------------------

Running with c = 40
Rows offset = (110,164)
Columns offset = (110,164)
PSNR taken 43.92781
SSIM taken 0.99260

Key which was embeded : 8
Result of extraction = 1

Optimal c value for grid = 40
-----------------------------------

Running with c = 40
Rows offset = (110,164)
Columns offset = (165,219)
PSNR taken 44.16255
SSIM taken 0.99123

Key which was embeded : 8
Result of extraction = 1

Optimal c value for grid = 40
-----------------------------------

Running with c = 40
Rows offset = (110,164)
Columns offset = (220,274)
PSNR taken 43.90512
SSIM taken 0.99270

Key which was embeded : 8
Result of extraction = 1

Optimal c value for grid = 40
-----------------------------------

Running with c = 40
PSNR = 44.99092373530882
SSIM = 0.99058325242576
[0, 110]
Finished grid movement

Rows offset = (0,54)
Columns offset = (110,164)
Embed key : 10 in Block 2
Running with c = 40
Rows offset = (0,54)
Columns offset = (0,54)
PSNR taken 45.00254
SSIM taken 0.98845

Key which was embeded : 10
Result of extraction = 0

Running with c = 120
Rows offset = (0,54)
Columns offset = (0,54)
PSNR taken 35.61727
SSIM taken 0.98266

Key which was embeded : 10
Result of extraction = 0

Running with c = 80
Rows offset = (0,54)
Columns offset = (0,54)
PSNR taken 39.21428
SSIM taken 0.98438

Key which was embeded : 10
Result of extraction = 0

Running with c = 41
Rows offset = (0,54)
Columns offset = (0,54)
Key which was embeded : 10
Result of extraction = 0

Running with c = 44
Rows offset = (0,54)
Columns offset = (0,54)
Key which was embeded : 10
Result of extraction = 0

Running with c = 47
Rows offset = (0,54)
Columns offset = (0,54)
Key which was embeded : 10
Result of extraction = 0

Running with c = 50
Rows offset = (0,54)
Columns offset = (0,54)
Key which was embeded : 10
Result of extraction = 0

Running with c = 53
Rows offset = (0,54)
Columns offset = (0,54)
Key which was embeded : 10
Result of extraction = 0

Running with c = 56
Rows offset = (0,54)
Columns offset = (0,54)
Key which was embeded : 10
Result of extraction = 0

Running with c = 59
Rows offset = (0,54)
Columns offset = (0,54)
Key which was embeded : 10
Result of extraction = 0

Running with c = 62
Rows offset = (0,54)
Columns offset = (0,54)
Key which was embeded : 10
Result of extraction = 0

Running with c = 65
Rows offset = (0,54)
Columns offset = (0,54)
Key which was embeded : 10
Result of extraction = 0

Running with c = 68
Rows offset = (0,54)
Columns offset = (0,54)
Key which was embeded : 10
Result of extraction = 0

Running with c = 71
Rows offset = (0,54)
Columns offset = (0,54)
Key which was embeded : 10
Result of extraction = 0

Running with c = 74
Rows offset = (0,54)
Columns offset = (0,54)
Key which was embeded : 10
Result of extraction = 0

Running with c = 77
Rows offset = (0,54)
Columns offset = (0,54)
Key which was embeded : 10
Result of extraction = 0

Running with c = 80
Rows offset = (0,54)
Columns offset = (0,54)
Key which was embeded : 10
Result of extraction = 0

Running with c = 83
Rows offset = (0,54)
Columns offset = (0,54)
Key which was embeded : 10
Result of extraction = 0

Running with c = 86
Rows offset = (0,54)
Columns offset = (0,54)
Key which was embeded : 10
Result of extraction = 0

Running with c = 89
Rows offset = (0,54)
Columns offset = (0,54)
Key which was embeded : 10
Result of extraction = 0

Running with c = 92
Rows offset = (0,54)
Columns offset = (0,54)
Key which was embeded : 10
Result of extraction = 0

Running with c = 95
Rows offset = (0,54)
Columns offset = (0,54)
Key which was embeded : 10
Result of extraction = 0

Running with c = 98
Rows offset = (0,54)
Columns offset = (0,54)
Key which was embeded : 10
Result of extraction = 0

Running with c = 101
Rows offset = (0,54)
Columns offset = (0,54)
Key which was embeded : 10
Result of extraction = 0

Running with c = 40
Rows offset = (0,54)
Columns offset = (0,54)
Optimal c value for grid = 40
-----------------------------------

Optimal c value for grid = 40
-----------------------------------

Running with c = 40
Rows offset = (0,54)
Columns offset = (55,109)
PSNR taken 45.76309
SSIM taken 0.99044

Key which was embeded : 10
Result of extraction = 0

Running with c = 120
Rows offset = (0,54)
Columns offset = (55,109)
PSNR taken 36.08811
SSIM taken 0.98251

Key which was embeded : 10
Result of extraction = 0

Running with c = 80
Rows offset = (0,54)
Columns offset = (55,109)
PSNR taken 39.74791
SSIM taken 0.98494

Key which was embeded : 10
Result of extraction = 0

Running with c = 41
Rows offset = (0,54)
Columns offset = (55,109)
Key which was embeded : 10
Result of extraction = 0

Running with c = 44
Rows offset = (0,54)
Columns offset = (55,109)
Key which was embeded : 10
Result of extraction = 0

Running with c = 47
Rows offset = (0,54)
Columns offset = (55,109)
Key which was embeded : 10
Result of extraction = 0

Running with c = 50
Rows offset = (0,54)
Columns offset = (55,109)
Key which was embeded : 10
Result of extraction = 0

Running with c = 53
Rows offset = (0,54)
Columns offset = (55,109)
Key which was embeded : 10
Result of extraction = 0

Running with c = 56
Rows offset = (0,54)
Columns offset = (55,109)
Key which was embeded : 10
Result of extraction = 0

Running with c = 59
Rows offset = (0,54)
Columns offset = (55,109)
Key which was embeded : 10
Result of extraction = 0

Running with c = 62
Rows offset = (0,54)
Columns offset = (55,109)
Key which was embeded : 10
Result of extraction = 0

Running with c = 65
Rows offset = (0,54)
Columns offset = (55,109)
Key which was embeded : 10
Result of extraction = 0

Running with c = 68
Rows offset = (0,54)
Columns offset = (55,109)
Key which was embeded : 10
Result of extraction = 0

Running with c = 71
Rows offset = (0,54)
Columns offset = (55,109)
Key which was embeded : 10
Result of extraction = 0

Running with c = 74
Rows offset = (0,54)
Columns offset = (55,109)
Key which was embeded : 10
Result of extraction = 0

Running with c = 77
Rows offset = (0,54)
Columns offset = (55,109)
Key which was embeded : 10
Result of extraction = 0

Running with c = 80
Rows offset = (0,54)
Columns offset = (55,109)
Key which was embeded : 10
Result of extraction = 0

Running with c = 83
Rows offset = (0,54)
Columns offset = (55,109)
Key which was embeded : 10
Result of extraction = 0

Running with c = 86
Rows offset = (0,54)
Columns offset = (55,109)
Key which was embeded : 10
Result of extraction = 0

Running with c = 89
Rows offset = (0,54)
Columns offset = (55,109)
Key which was embeded : 10
Result of extraction = 0

Running with c = 92
Rows offset = (0,54)
Columns offset = (55,109)
Key which was embeded : 10
Result of extraction = 0

Running with c = 95
Rows offset = (0,54)
Columns offset = (55,109)
Key which was embeded : 10
Result of extraction = 0

Running with c = 98
Rows offset = (0,54)
Columns offset = (55,109)
Key which was embeded : 10
Result of extraction = 0

Running with c = 101
Rows offset = (0,54)
Columns offset = (55,109)
Key which was embeded : 10
Result of extraction = 0

Running with c = 40
Rows offset = (0,54)
Columns offset = (55,109)
Optimal c value for grid = 40
-----------------------------------

Optimal c value for grid = 40
-----------------------------------

Running with c = 40
Rows offset = (0,54)
Columns offset = (110,164)
PSNR taken 44.41615
SSIM taken 0.99231

Key which was embeded : 10
Result of extraction = 1

Optimal c value for grid = 40
-----------------------------------

Running with c = 40
Rows offset = (0,54)
Columns offset = (165,219)
PSNR taken 44.11928
SSIM taken 0.99215

Key which was embeded : 10
Result of extraction = 1

Optimal c value for grid = 40
-----------------------------------

Running with c = 40
Rows offset = (0,54)
Columns offset = (220,274)
PSNR taken 31.45088
SSIM taken 0.98861

Key which was embeded : 10
Result of extraction = 0

Running with c = 120
Rows offset = (0,54)
Columns offset = (220,274)
PSNR taken 30.08217
SSIM taken 0.98339

Key which was embeded : 10
Result of extraction = 0

Running with c = 80
Rows offset = (0,54)
Columns offset = (220,274)
PSNR taken 30.53346
SSIM taken 0.98489

Key which was embeded : 10
Result of extraction = 0

Running with c = 41
Rows offset = (0,54)
Columns offset = (220,274)
Key which was embeded : 10
Result of extraction = 0

Running with c = 44
Rows offset = (0,54)
Columns offset = (220,274)
Key which was embeded : 10
Result of extraction = 0

Running with c = 47
Rows offset = (0,54)
Columns offset = (220,274)
Key which was embeded : 10
Result of extraction = 0

Running with c = 50
Rows offset = (0,54)
Columns offset = (220,274)
Key which was embeded : 10
Result of extraction = 0

Running with c = 53
Rows offset = (0,54)
Columns offset = (220,274)
Key which was embeded : 10
Result of extraction = 0

Running with c = 56
Rows offset = (0,54)
Columns offset = (220,274)
Key which was embeded : 10
Result of extraction = 0

Running with c = 59
Rows offset = (0,54)
Columns offset = (220,274)
Key which was embeded : 10
Result of extraction = 0

Running with c = 62
Rows offset = (0,54)
Columns offset = (220,274)
Key which was embeded : 10
Result of extraction = 0

Running with c = 65
Rows offset = (0,54)
Columns offset = (220,274)
Key which was embeded : 10
Result of extraction = 0

Running with c = 68
Rows offset = (0,54)
Columns offset = (220,274)
Key which was embeded : 10
Result of extraction = 1

Optimal c value for grid = 68
-----------------------------------

Optimal c value for grid = 68
-----------------------------------

Running with c = 40
Rows offset = (55,109)
Columns offset = (0,54)
PSNR taken 44.13193
SSIM taken 0.99273

Key which was embeded : 10
Result of extraction = 1

Optimal c value for grid = 40
-----------------------------------

Running with c = 40
Rows offset = (55,109)
Columns offset = (55,109)
PSNR taken 41.10070
SSIM taken 0.99364

Key which was embeded : 10
Result of extraction = 1

Optimal c value for grid = 40
-----------------------------------

Running with c = 40
Rows offset = (55,109)
Columns offset = (110,164)
PSNR taken 39.01348
SSIM taken 0.99129

Key which was embeded : 10
Result of extraction = 0

Running with c = 120
Rows offset = (55,109)
Columns offset = (110,164)
PSNR taken 32.69039
SSIM taken 0.98336

Key which was embeded : 10
Result of extraction = 1

Running with c = 80
Rows offset = (55,109)
Columns offset = (110,164)
PSNR taken 34.56577
SSIM taken 0.98536

Key which was embeded : 10
Result of extraction = 1

Optimal c value for grid = 40
-----------------------------------

Optimal c value for grid = 40
-----------------------------------

Running with c = 40
Rows offset = (55,109)
Columns offset = (165,219)
PSNR taken 43.18327
SSIM taken 0.99253

Key which was embeded : 10
Result of extraction = 1

Optimal c value for grid = 40
-----------------------------------

Running with c = 40
Rows offset = (55,109)
Columns offset = (220,274)
PSNR taken 43.97171
SSIM taken 0.99457

Key which was embeded : 10
Result of extraction = 1

Optimal c value for grid = 40
-----------------------------------

Running with c = 40
Rows offset = (110,164)
Columns offset = (0,54)
PSNR taken 43.10175
SSIM taken 0.99330

Key which was embeded : 10
Result of extraction = 0

Running with c = 120
Rows offset = (110,164)
Columns offset = (0,54)
PSNR taken 34.32949
SSIM taken 0.98505

Key which was embeded : 10
Result of extraction = 0

Running with c = 80
Rows offset = (110,164)
Columns offset = (0,54)
PSNR taken 37.91402
SSIM taken 0.98839

Key which was embeded : 10
Result of extraction = 1

Optimal c value for grid = 40
-----------------------------------

Optimal c value for grid = 40
-----------------------------------

Running with c = 40
Rows offset = (110,164)
Columns offset = (55,109)
PSNR taken 35.28289
SSIM taken 0.99086

Key which was embeded : 10
Result of extraction = 1

Optimal c value for grid = 40
-----------------------------------

Running with c = 40
Rows offset = (110,164)
Columns offset = (110,164)
PSNR taken 42.86896
SSIM taken 0.99394

Key which was embeded : 10
Result of extraction = 1

Optimal c value for grid = 40
-----------------------------------

Running with c = 40
Rows offset = (110,164)
Columns offset = (165,219)
PSNR taken 44.08888
SSIM taken 0.99310

Key which was embeded : 10
Result of extraction = 1

Optimal c value for grid = 40
-----------------------------------

Running with c = 40
Rows offset = (110,164)
Columns offset = (220,274)
PSNR taken 41.19082
SSIM taken 0.99245

Key which was embeded : 10
Result of extraction = 0

Running with c = 120
Rows offset = (110,164)
Columns offset = (220,274)
PSNR taken 32.66062
SSIM taken 0.98245

Key which was embeded : 10
Result of extraction = 0

Running with c = 80
Rows offset = (110,164)
Columns offset = (220,274)
PSNR taken 34.30896
SSIM taken 0.98476

Key which was embeded : 10
Result of extraction = 0

Running with c = 41
Rows offset = (110,164)
Columns offset = (220,274)
Key which was embeded : 10
Result of extraction = 0

Running with c = 44
Rows offset = (110,164)
Columns offset = (220,274)
Key which was embeded : 10
Result of extraction = 0

Running with c = 47
Rows offset = (110,164)
Columns offset = (220,274)
Key which was embeded : 10
Result of extraction = 0

Running with c = 50
Rows offset = (110,164)
Columns offset = (220,274)
Key which was embeded : 10
Result of extraction = 0

Running with c = 53
Rows offset = (110,164)
Columns offset = (220,274)
Key which was embeded : 10
Result of extraction = 0

Running with c = 56
Rows offset = (110,164)
Columns offset = (220,274)
Key which was embeded : 10
Result of extraction = 0

Running with c = 59
Rows offset = (110,164)
Columns offset = (220,274)
Key which was embeded : 10
Result of extraction = 0

Running with c = 62
Rows offset = (110,164)
Columns offset = (220,274)
Key which was embeded : 10
Result of extraction = 0

Running with c = 65
Rows offset = (110,164)
Columns offset = (220,274)
Key which was embeded : 10
Result of extraction = 0

Running with c = 68
Rows offset = (110,164)
Columns offset = (220,274)
Key which was embeded : 10
Result of extraction = 0

Running with c = 71
Rows offset = (110,164)
Columns offset = (220,274)
Key which was embeded : 10
Result of extraction = 0

Running with c = 74
Rows offset = (110,164)
Columns offset = (220,274)
Key which was embeded : 10
Result of extraction = 0

Running with c = 77
Rows offset = (110,164)
Columns offset = (220,274)
Key which was embeded : 10
Result of extraction = 0

Running with c = 80
Rows offset = (110,164)
Columns offset = (220,274)
Key which was embeded : 10
Result of extraction = 0

Running with c = 83
Rows offset = (110,164)
Columns offset = (220,274)
Key which was embeded : 10
Result of extraction = 0

Running with c = 86
Rows offset = (110,164)
Columns offset = (220,274)
Key which was embeded : 10
Result of extraction = 0

Running with c = 89
Rows offset = (110,164)
Columns offset = (220,274)
Key which was embeded : 10
Result of extraction = 0

Running with c = 92
Rows offset = (110,164)
Columns offset = (220,274)
Key which was embeded : 10
Result of extraction = 0

Running with c = 95
Rows offset = (110,164)
Columns offset = (220,274)
Key which was embeded : 10
Result of extraction = 0

Running with c = 98
Rows offset = (110,164)
Columns offset = (220,274)
Key which was embeded : 10
Result of extraction = 0

Running with c = 101
Rows offset = (110,164)
Columns offset = (220,274)
Key which was embeded : 10
Result of extraction = 0

Running with c = 40
Rows offset = (110,164)
Columns offset = (220,274)
Optimal c value for grid = 40
-----------------------------------

Optimal c value for grid = 40
-----------------------------------

Running with c = 40
PSNR = 44.41614834113899
SSIM = 0.9923064726376576
[0, 110]
Finished grid movement

Rows offset = (0,54)
Columns offset = (110,164)
Embed key : 10 in Block 3
Running with c = 40
Rows offset = (0,54)
Columns offset = (0,54)
PSNR taken 35.50841
SSIM taken 0.99094

Key which was embeded : 10
Result of extraction = 0

Running with c = 120
Rows offset = (0,54)
Columns offset = (0,54)
PSNR taken 31.23047
SSIM taken 0.98553

Key which was embeded : 10
Result of extraction = 0

Running with c = 80
Rows offset = (0,54)
Columns offset = (0,54)
PSNR taken 32.29471
SSIM taken 0.98721

Key which was embeded : 10
Result of extraction = 0

Running with c = 41
Rows offset = (0,54)
Columns offset = (0,54)
Key which was embeded : 10
Result of extraction = 0

Running with c = 44
Rows offset = (0,54)
Columns offset = (0,54)
Key which was embeded : 10
Result of extraction = 0

Running with c = 47
Rows offset = (0,54)
Columns offset = (0,54)
Key which was embeded : 10
Result of extraction = 0

Running with c = 50
Rows offset = (0,54)
Columns offset = (0,54)
Key which was embeded : 10
Result of extraction = 0

Running with c = 53
Rows offset = (0,54)
Columns offset = (0,54)
Key which was embeded : 10
Result of extraction = 0

Running with c = 56
Rows offset = (0,54)
Columns offset = (0,54)
Key which was embeded : 10
Result of extraction = 0

Running with c = 59
Rows offset = (0,54)
Columns offset = (0,54)
Key which was embeded : 10
Result of extraction = 0

Running with c = 62
Rows offset = (0,54)
Columns offset = (0,54)
Key which was embeded : 10
Result of extraction = 0

Running with c = 65
Rows offset = (0,54)
Columns offset = (0,54)
Key which was embeded : 10
Result of extraction = 0

Running with c = 68
Rows offset = (0,54)
Columns offset = (0,54)
Key which was embeded : 10
Result of extraction = 0

Running with c = 71
Rows offset = (0,54)
Columns offset = (0,54)
Key which was embeded : 10
Result of extraction = 0

Running with c = 74
Rows offset = (0,54)
Columns offset = (0,54)
Key which was embeded : 10
Result of extraction = 0

Running with c = 77
Rows offset = (0,54)
Columns offset = (0,54)
Key which was embeded : 10
Result of extraction = 0

Running with c = 80
Rows offset = (0,54)
Columns offset = (0,54)
Key which was embeded : 10
Result of extraction = 0

Running with c = 83
Rows offset = (0,54)
Columns offset = (0,54)
Key which was embeded : 10
Result of extraction = 0

Running with c = 86
Rows offset = (0,54)
Columns offset = (0,54)
Key which was embeded : 10
Result of extraction = 0

Running with c = 89
Rows offset = (0,54)
Columns offset = (0,54)
Key which was embeded : 10
Result of extraction = 0

Running with c = 92
Rows offset = (0,54)
Columns offset = (0,54)
Key which was embeded : 10
Result of extraction = 0

Running with c = 95
Rows offset = (0,54)
Columns offset = (0,54)
Key which was embeded : 10
Result of extraction = 1

Optimal c value for grid = 95
-----------------------------------

Optimal c value for grid = 95
-----------------------------------

Running with c = 40
Rows offset = (0,54)
Columns offset = (55,109)
PSNR taken 31.64169
SSIM taken 0.98843

Key which was embeded : 10
Result of extraction = 1

Optimal c value for grid = 40
-----------------------------------

Running with c = 40
Rows offset = (0,54)
Columns offset = (110,164)
PSNR taken 42.97466
SSIM taken 0.99261

Key which was embeded : 10
Result of extraction = 0

Running with c = 120
Rows offset = (0,54)
Columns offset = (110,164)
PSNR taken 34.88366
SSIM taken 0.98526

Key which was embeded : 10
Result of extraction = 0

Running with c = 80
Rows offset = (0,54)
Columns offset = (110,164)
PSNR taken 38.03774
SSIM taken 0.98786

Key which was embeded : 10
Result of extraction = 0

Running with c = 41
Rows offset = (0,54)
Columns offset = (110,164)
Key which was embeded : 10
Result of extraction = 0

Running with c = 44
Rows offset = (0,54)
Columns offset = (110,164)
Key which was embeded : 10
Result of extraction = 0

Running with c = 47
Rows offset = (0,54)
Columns offset = (110,164)
Key which was embeded : 10
Result of extraction = 0

Running with c = 50
Rows offset = (0,54)
Columns offset = (110,164)
Key which was embeded : 10
Result of extraction = 0

Running with c = 53
Rows offset = (0,54)
Columns offset = (110,164)
Key which was embeded : 10
Result of extraction = 0

Running with c = 56
Rows offset = (0,54)
Columns offset = (110,164)
Key which was embeded : 10
Result of extraction = 0

Running with c = 59
Rows offset = (0,54)
Columns offset = (110,164)
Key which was embeded : 10
Result of extraction = 0

Running with c = 62
Rows offset = (0,54)
Columns offset = (110,164)
Key which was embeded : 10
Result of extraction = 0

Running with c = 65
Rows offset = (0,54)
Columns offset = (110,164)
Key which was embeded : 10
Result of extraction = 0

Running with c = 68
Rows offset = (0,54)
Columns offset = (110,164)
Key which was embeded : 10
Result of extraction = 0

Running with c = 71
Rows offset = (0,54)
Columns offset = (110,164)
Key which was embeded : 10
Result of extraction = 0

Running with c = 74
Rows offset = (0,54)
Columns offset = (110,164)
Key which was embeded : 10
Result of extraction = 0

Running with c = 77
Rows offset = (0,54)
Columns offset = (110,164)
Key which was embeded : 10
Result of extraction = 0

Running with c = 80
Rows offset = (0,54)
Columns offset = (110,164)
Key which was embeded : 10
Result of extraction = 0

Running with c = 83
Rows offset = (0,54)
Columns offset = (110,164)
Key which was embeded : 10
Result of extraction = 0

Running with c = 86
Rows offset = (0,54)
Columns offset = (110,164)
Key which was embeded : 10
Result of extraction = 0

Running with c = 89
Rows offset = (0,54)
Columns offset = (110,164)
Key which was embeded : 10
Result of extraction = 0

Running with c = 92
Rows offset = (0,54)
Columns offset = (110,164)
Key which was embeded : 10
Result of extraction = 0

Running with c = 95
Rows offset = (0,54)
Columns offset = (110,164)
Key which was embeded : 10
Result of extraction = 0

Running with c = 98
Rows offset = (0,54)
Columns offset = (110,164)
Key which was embeded : 10
Result of extraction = 0

Running with c = 101
Rows offset = (0,54)
Columns offset = (110,164)
Key which was embeded : 10
Result of extraction = 0

Running with c = 40
Rows offset = (0,54)
Columns offset = (110,164)
Optimal c value for grid = 40
-----------------------------------

Optimal c value for grid = 40
-----------------------------------

Running with c = 40
Rows offset = (0,54)
Columns offset = (165,219)
PSNR taken 44.49377
SSIM taken 0.99057

Key which was embeded : 10
Result of extraction = 1

Optimal c value for grid = 40
-----------------------------------

Running with c = 40
Rows offset = (0,54)
Columns offset = (220,274)
PSNR taken 45.36890
SSIM taken 0.99046

Key which was embeded : 10
Result of extraction = 1

Optimal c value for grid = 40
-----------------------------------

Running with c = 40
Rows offset = (55,109)
Columns offset = (0,54)
PSNR taken 43.96469
SSIM taken 0.99450

Key which was embeded : 10
Result of extraction = 1

Optimal c value for grid = 40
-----------------------------------

Running with c = 40
Rows offset = (55,109)
Columns offset = (55,109)
PSNR taken 41.46049
SSIM taken 0.99346

Key which was embeded : 10
Result of extraction = 1

Optimal c value for grid = 40
-----------------------------------

Running with c = 40
Rows offset = (55,109)
Columns offset = (110,164)
PSNR taken 42.95003
SSIM taken 0.99238

Key which was embeded : 10
Result of extraction = 1

Optimal c value for grid = 40
-----------------------------------

Running with c = 40
Rows offset = (55,109)
Columns offset = (165,219)
PSNR taken 39.13921
SSIM taken 0.99078

Key which was embeded : 10
Result of extraction = 0

Running with c = 120
Rows offset = (55,109)
Columns offset = (165,219)
PSNR taken 31.21796
SSIM taken 0.98228

Key which was embeded : 10
Result of extraction = 1

Running with c = 80
Rows offset = (55,109)
Columns offset = (165,219)
PSNR taken 32.88414
SSIM taken 0.98407

Key which was embeded : 10
Result of extraction = 0

Running with c = 41
Rows offset = (55,109)
Columns offset = (165,219)
Key which was embeded : 10
Result of extraction = 0

Running with c = 44
Rows offset = (55,109)
Columns offset = (165,219)
Key which was embeded : 10
Result of extraction = 0

Running with c = 47
Rows offset = (55,109)
Columns offset = (165,219)
Key which was embeded : 10
Result of extraction = 1

Optimal c value for grid = 47
-----------------------------------

Optimal c value for grid = 47
-----------------------------------

Running with c = 40
Rows offset = (55,109)
Columns offset = (220,274)
PSNR taken 36.02938
SSIM taken 0.99155

Key which was embeded : 10
Result of extraction = 0

Running with c = 120
Rows offset = (55,109)
Columns offset = (220,274)
PSNR taken 32.13644
SSIM taken 0.98539

Key which was embeded : 10
Result of extraction = 1

Running with c = 80
Rows offset = (55,109)
Columns offset = (220,274)
PSNR taken 33.12018
SSIM taken 0.98707

Key which was embeded : 10
Result of extraction = 1

Optimal c value for grid = 40
-----------------------------------

Optimal c value for grid = 40
-----------------------------------

Running with c = 40
Rows offset = (110,164)
Columns offset = (0,54)
PSNR taken 43.97322
SSIM taken 0.99486

Key which was embeded : 10
Result of extraction = 1

Optimal c value for grid = 40
-----------------------------------

Running with c = 40
Rows offset = (110,164)
Columns offset = (55,109)
PSNR taken 41.25438
SSIM taken 0.99268

Key which was embeded : 10
Result of extraction = 1

Optimal c value for grid = 40
-----------------------------------

Running with c = 40
Rows offset = (110,164)
Columns offset = (110,164)
PSNR taken 42.94596
SSIM taken 0.99383

Key which was embeded : 10
Result of extraction = 1

Optimal c value for grid = 40
-----------------------------------

Running with c = 40
Rows offset = (110,164)
Columns offset = (165,219)
PSNR taken 42.75189
SSIM taken 0.99424

Key which was embeded : 10
Result of extraction = 1

Optimal c value for grid = 40
-----------------------------------

Running with c = 40
Rows offset = (110,164)
Columns offset = (220,274)
PSNR taken 35.22262
SSIM taken 0.99245

Key which was embeded : 10
Result of extraction = 1

Optimal c value for grid = 40
-----------------------------------

Running with c = 40
PSNR = 45.36889915931368
SSIM = 0.9904610190851036
[0, 220]
Finished grid movement

Rows offset = (0,54)
Columns offset = (220,274)
Embed key : 13 in Block 4
Running with c = 40
Rows offset = (0,54)
Columns offset = (0,54)
PSNR taken 45.13512
SSIM taken 0.98962

Key which was embeded : 13
Result of extraction = 0

Running with c = 120
Rows offset = (0,54)
Columns offset = (0,54)
PSNR taken 35.59333
SSIM taken 0.98406

Key which was embeded : 13
Result of extraction = 0

Running with c = 80
Rows offset = (0,54)
Columns offset = (0,54)
PSNR taken 39.19023
SSIM taken 0.98568

Key which was embeded : 13
Result of extraction = 0

Running with c = 41
Rows offset = (0,54)
Columns offset = (0,54)
Key which was embeded : 13
Result of extraction = 0

Running with c = 44
Rows offset = (0,54)
Columns offset = (0,54)
Key which was embeded : 13
Result of extraction = 0

Running with c = 47
Rows offset = (0,54)
Columns offset = (0,54)
Key which was embeded : 13
Result of extraction = 0

Running with c = 50
Rows offset = (0,54)
Columns offset = (0,54)
Key which was embeded : 13
Result of extraction = 0

Running with c = 53
Rows offset = (0,54)
Columns offset = (0,54)
Key which was embeded : 13
Result of extraction = 0

Running with c = 56
Rows offset = (0,54)
Columns offset = (0,54)
Key which was embeded : 13
Result of extraction = 0

Running with c = 59
Rows offset = (0,54)
Columns offset = (0,54)
Key which was embeded : 13
Result of extraction = 0

Running with c = 62
Rows offset = (0,54)
Columns offset = (0,54)
Key which was embeded : 13
Result of extraction = 0

Running with c = 65
Rows offset = (0,54)
Columns offset = (0,54)
Key which was embeded : 13
Result of extraction = 0

Running with c = 68
Rows offset = (0,54)
Columns offset = (0,54)
Key which was embeded : 13
Result of extraction = 0

Running with c = 71
Rows offset = (0,54)
Columns offset = (0,54)
Key which was embeded : 13
Result of extraction = 0

Running with c = 74
Rows offset = (0,54)
Columns offset = (0,54)
Key which was embeded : 13
Result of extraction = 0

Running with c = 77
Rows offset = (0,54)
Columns offset = (0,54)
Key which was embeded : 13
Result of extraction = 0

Running with c = 80
Rows offset = (0,54)
Columns offset = (0,54)
Key which was embeded : 13
Result of extraction = 0

Running with c = 83
Rows offset = (0,54)
Columns offset = (0,54)
Key which was embeded : 13
Result of extraction = 0

Running with c = 86
Rows offset = (0,54)
Columns offset = (0,54)
Key which was embeded : 13
Result of extraction = 0

Running with c = 89
Rows offset = (0,54)
Columns offset = (0,54)
Key which was embeded : 13
Result of extraction = 0

Running with c = 92
Rows offset = (0,54)
Columns offset = (0,54)
Key which was embeded : 13
Result of extraction = 0

Running with c = 95
Rows offset = (0,54)
Columns offset = (0,54)
Key which was embeded : 13
Result of extraction = 0

Running with c = 98
Rows offset = (0,54)
Columns offset = (0,54)
Key which was embeded : 13
Result of extraction = 0

Running with c = 101
Rows offset = (0,54)
Columns offset = (0,54)
Key which was embeded : 13
Result of extraction = 0

Running with c = 40
Rows offset = (0,54)
Columns offset = (0,54)
Optimal c value for grid = 40
-----------------------------------

Optimal c value for grid = 40
-----------------------------------

Running with c = 40
Rows offset = (0,54)
Columns offset = (55,109)
PSNR taken 45.72293
SSIM taken 0.99097

Key which was embeded : 13
Result of extraction = 0

Running with c = 120
Rows offset = (0,54)
Columns offset = (55,109)
PSNR taken 36.26730
SSIM taken 0.98384

Key which was embeded : 13
Result of extraction = 1

Running with c = 80
Rows offset = (0,54)
Columns offset = (55,109)
PSNR taken 39.81995
SSIM taken 0.98592

Key which was embeded : 13
Result of extraction = 0

Running with c = 41
Rows offset = (0,54)
Columns offset = (55,109)
Key which was embeded : 13
Result of extraction = 0

Running with c = 44
Rows offset = (0,54)
Columns offset = (55,109)
Key which was embeded : 13
Result of extraction = 0

Running with c = 47
Rows offset = (0,54)
Columns offset = (55,109)
Key which was embeded : 13
Result of extraction = 0

Running with c = 50
Rows offset = (0,54)
Columns offset = (55,109)
Key which was embeded : 13
Result of extraction = 0

Running with c = 53
Rows offset = (0,54)
Columns offset = (55,109)
Key which was embeded : 13
Result of extraction = 0

Running with c = 56
Rows offset = (0,54)
Columns offset = (55,109)
Key which was embeded : 13
Result of extraction = 0

Running with c = 59
Rows offset = (0,54)
Columns offset = (55,109)
Key which was embeded : 13
Result of extraction = 0

Running with c = 62
Rows offset = (0,54)
Columns offset = (55,109)
Key which was embeded : 13
Result of extraction = 0

Running with c = 65
Rows offset = (0,54)
Columns offset = (55,109)
Key which was embeded : 13
Result of extraction = 0

Running with c = 68
Rows offset = (0,54)
Columns offset = (55,109)
Key which was embeded : 13
Result of extraction = 0

Running with c = 71
Rows offset = (0,54)
Columns offset = (55,109)
Key which was embeded : 13
Result of extraction = 0

Running with c = 74
Rows offset = (0,54)
Columns offset = (55,109)
Key which was embeded : 13
Result of extraction = 0

Running with c = 77
Rows offset = (0,54)
Columns offset = (55,109)
Key which was embeded : 13
Result of extraction = 0

Running with c = 80
Rows offset = (0,54)
Columns offset = (55,109)
Key which was embeded : 13
Result of extraction = 0

Running with c = 83
Rows offset = (0,54)
Columns offset = (55,109)
Key which was embeded : 13
Result of extraction = 0

Running with c = 86
Rows offset = (0,54)
Columns offset = (55,109)
Key which was embeded : 13
Result of extraction = 0

Running with c = 89
Rows offset = (0,54)
Columns offset = (55,109)
Key which was embeded : 13
Result of extraction = 0

Running with c = 92
Rows offset = (0,54)
Columns offset = (55,109)
Key which was embeded : 13
Result of extraction = 0

Running with c = 95
Rows offset = (0,54)
Columns offset = (55,109)
Key which was embeded : 13
Result of extraction = 0

Running with c = 98
Rows offset = (0,54)
Columns offset = (55,109)
Key which was embeded : 13
Result of extraction = 0

Running with c = 101
Rows offset = (0,54)
Columns offset = (55,109)
Key which was embeded : 13
Result of extraction = 0

Running with c = 104
Rows offset = (0,54)
Columns offset = (55,109)
Key which was embeded : 13
Result of extraction = 0

Running with c = 107
Rows offset = (0,54)
Columns offset = (55,109)
Key which was embeded : 13
Result of extraction = 0

Running with c = 110
Rows offset = (0,54)
Columns offset = (55,109)
Key which was embeded : 13
Result of extraction = 1

Optimal c value for grid = 110
-----------------------------------

Optimal c value for grid = 110
-----------------------------------

Running with c = 40
Rows offset = (0,54)
Columns offset = (110,164)
PSNR taken 44.61246
SSIM taken 0.99027

Key which was embeded : 13
Result of extraction = 1

Optimal c value for grid = 40
-----------------------------------

Running with c = 40
Rows offset = (0,54)
Columns offset = (165,219)
PSNR taken 44.31392
SSIM taken 0.99009

Key which was embeded : 13
Result of extraction = 1

Optimal c value for grid = 40
-----------------------------------

Running with c = 40
Rows offset = (0,54)
Columns offset = (220,274)
PSNR taken 44.25626
SSIM taken 0.99285

Key which was embeded : 13
Result of extraction = 1

Optimal c value for grid = 40
-----------------------------------

Running with c = 40
Rows offset = (55,109)
Columns offset = (0,54)
PSNR taken 44.17284
SSIM taken 0.99285

Key which was embeded : 13
Result of extraction = 1

Optimal c value for grid = 40
-----------------------------------

Running with c = 40
Rows offset = (55,109)
Columns offset = (55,109)
PSNR taken 43.85190
SSIM taken 0.99227

Key which was embeded : 13
Result of extraction = 1

Optimal c value for grid = 40
-----------------------------------

Running with c = 40
Rows offset = (55,109)
Columns offset = (110,164)
PSNR taken 44.23278
SSIM taken 0.98988

Key which was embeded : 13
Result of extraction = 1

Optimal c value for grid = 40
-----------------------------------

Running with c = 40
Rows offset = (55,109)
Columns offset = (165,219)
PSNR taken 43.98670
SSIM taken 0.99244

Key which was embeded : 13
Result of extraction = 1

Optimal c value for grid = 40
-----------------------------------

Running with c = 40
Rows offset = (55,109)
Columns offset = (220,274)
PSNR taken 44.11904
SSIM taken 0.99298

Key which was embeded : 13
Result of extraction = 1

Optimal c value for grid = 40
-----------------------------------

Running with c = 40
Rows offset = (110,164)
Columns offset = (0,54)
PSNR taken 43.98310
SSIM taken 0.99372

Key which was embeded : 13
Result of extraction = 1

Optimal c value for grid = 40
-----------------------------------

Running with c = 40
Rows offset = (110,164)
Columns offset = (55,109)
PSNR taken 43.28304
SSIM taken 0.99293

Key which was embeded : 13
Result of extraction = 0

Running with c = 120
Rows offset = (110,164)
Columns offset = (55,109)
PSNR taken 34.70644
SSIM taken 0.98462

Key which was embeded : 13
Result of extraction = 0

Running with c = 80
Rows offset = (110,164)
Columns offset = (55,109)
PSNR taken 37.78769
SSIM taken 0.98757

Key which was embeded : 13
Result of extraction = 0

Running with c = 41
Rows offset = (110,164)
Columns offset = (55,109)
Key which was embeded : 13
Result of extraction = 0

Running with c = 44
Rows offset = (110,164)
Columns offset = (55,109)
Key which was embeded : 13
Result of extraction = 0

Running with c = 47
Rows offset = (110,164)
Columns offset = (55,109)
Key which was embeded : 13
Result of extraction = 0

Running with c = 50
Rows offset = (110,164)
Columns offset = (55,109)
Key which was embeded : 13
Result of extraction = 0

Running with c = 53
Rows offset = (110,164)
Columns offset = (55,109)
Key which was embeded : 13
Result of extraction = 0

Running with c = 56
Rows offset = (110,164)
Columns offset = (55,109)
Key which was embeded : 13
Result of extraction = 0

Running with c = 59
Rows offset = (110,164)
Columns offset = (55,109)
Key which was embeded : 13
Result of extraction = 0

Running with c = 62
Rows offset = (110,164)
Columns offset = (55,109)
Key which was embeded : 13
Result of extraction = 1

Optimal c value for grid = 62
-----------------------------------

Optimal c value for grid = 62
-----------------------------------

Running with c = 40
Rows offset = (110,164)
Columns offset = (110,164)
PSNR taken 44.06126
SSIM taken 0.99204

Key which was embeded : 13
Result of extraction = 1

Optimal c value for grid = 40
-----------------------------------

Running with c = 40
Rows offset = (110,164)
Columns offset = (165,219)
PSNR taken 43.80634
SSIM taken 0.99361

Key which was embeded : 13
Result of extraction = 1

Optimal c value for grid = 40
-----------------------------------

Running with c = 40
Rows offset = (110,164)
Columns offset = (220,274)
PSNR taken 44.15502
SSIM taken 0.99263

Key which was embeded : 13
Result of extraction = 1

Optimal c value for grid = 40
-----------------------------------

Running with c = 40
PSNR = 44.61246490582401
SSIM = 0.9902724035534977
[0, 110]
Finished grid movement

Rows offset = (0,54)
Columns offset = (110,164)
Embed key : 14 in Block 5
Running with c = 40
Rows offset = (0,54)
Columns offset = (0,54)
PSNR taken 45.00206
SSIM taken 0.99090

Key which was embeded : 14
Result of extraction = 1

Optimal c value for grid = 40
-----------------------------------

Running with c = 40
Rows offset = (0,54)
Columns offset = (55,109)
PSNR taken 44.40248
SSIM taken 0.99059

Key which was embeded : 14
Result of extraction = 1

Optimal c value for grid = 40
-----------------------------------

Running with c = 40
Rows offset = (0,54)
Columns offset = (110,164)
PSNR taken 44.01288
SSIM taken 0.99327

Key which was embeded : 14
Result of extraction = 1

Optimal c value for grid = 40
-----------------------------------

Running with c = 40
Rows offset = (0,54)
Columns offset = (165,219)
PSNR taken 39.98909
SSIM taken 0.99167

Key which was embeded : 14
Result of extraction = 0

Running with c = 120
Rows offset = (0,54)
Columns offset = (165,219)
PSNR taken 31.21050
SSIM taken 0.98361

Key which was embeded : 14
Result of extraction = 0

Running with c = 80
Rows offset = (0,54)
Columns offset = (165,219)
PSNR taken 33.62006
SSIM taken 0.98538

Key which was embeded : 14
Result of extraction = 0

Running with c = 41
Rows offset = (0,54)
Columns offset = (165,219)
Key which was embeded : 14
Result of extraction = 0

Running with c = 44
Rows offset = (0,54)
Columns offset = (165,219)
Key which was embeded : 14
Result of extraction = 0

Running with c = 47
Rows offset = (0,54)
Columns offset = (165,219)
Key which was embeded : 14
Result of extraction = 0

Running with c = 50
Rows offset = (0,54)
Columns offset = (165,219)
Key which was embeded : 14
Result of extraction = 0

Running with c = 53
Rows offset = (0,54)
Columns offset = (165,219)
Key which was embeded : 14
Result of extraction = 0

Running with c = 56
Rows offset = (0,54)
Columns offset = (165,219)
Key which was embeded : 14
Result of extraction = 0

Running with c = 59
Rows offset = (0,54)
Columns offset = (165,219)
Key which was embeded : 14
Result of extraction = 0

Running with c = 62
Rows offset = (0,54)
Columns offset = (165,219)
Key which was embeded : 14
Result of extraction = 0

Running with c = 65
Rows offset = (0,54)
Columns offset = (165,219)
Key which was embeded : 14
Result of extraction = 0

Running with c = 68
Rows offset = (0,54)
Columns offset = (165,219)
Key which was embeded : 14
Result of extraction = 0

Running with c = 71
Rows offset = (0,54)
Columns offset = (165,219)
Key which was embeded : 14
Result of extraction = 0

Running with c = 74
Rows offset = (0,54)
Columns offset = (165,219)
Key which was embeded : 14
Result of extraction = 0

Running with c = 77
Rows offset = (0,54)
Columns offset = (165,219)
Key which was embeded : 14
Result of extraction = 0

Running with c = 80
Rows offset = (0,54)
Columns offset = (165,219)
Key which was embeded : 14
Result of extraction = 0

Running with c = 83
Rows offset = (0,54)
Columns offset = (165,219)
Key which was embeded : 14
Result of extraction = 0

Running with c = 86
Rows offset = (0,54)
Columns offset = (165,219)
Key which was embeded : 14
Result of extraction = 0

Running with c = 89
Rows offset = (0,54)
Columns offset = (165,219)
Key which was embeded : 14
Result of extraction = 0

Running with c = 92
Rows offset = (0,54)
Columns offset = (165,219)
Key which was embeded : 14
Result of extraction = 0

Running with c = 95
Rows offset = (0,54)
Columns offset = (165,219)
Key which was embeded : 14
Result of extraction = 0

Running with c = 98
Rows offset = (0,54)
Columns offset = (165,219)
Key which was embeded : 14
Result of extraction = 0

Running with c = 101
Rows offset = (0,54)
Columns offset = (165,219)
Key which was embeded : 14
Result of extraction = 0

Running with c = 40
Rows offset = (0,54)
Columns offset = (165,219)
Optimal c value for grid = 40
-----------------------------------

Optimal c value for grid = 40
-----------------------------------

Running with c = 40
Rows offset = (0,54)
Columns offset = (220,274)
PSNR taken 35.18308
SSIM taken 0.98990

Key which was embeded : 14
Result of extraction = 1

Optimal c value for grid = 40
-----------------------------------

Running with c = 40
Rows offset = (55,109)
Columns offset = (0,54)
PSNR taken 46.47171
SSIM taken 0.99145

Key which was embeded : 14
Result of extraction = 0

Running with c = 120
Rows offset = (55,109)
Columns offset = (0,54)
PSNR taken 36.59440
SSIM taken 0.98368

Key which was embeded : 14
Result of extraction = 0

Running with c = 80
Rows offset = (55,109)
Columns offset = (0,54)
PSNR taken 40.51748
SSIM taken 0.98628

Key which was embeded : 14
Result of extraction = 0

Running with c = 41
Rows offset = (55,109)
Columns offset = (0,54)
Key which was embeded : 14
Result of extraction = 0

Running with c = 44
Rows offset = (55,109)
Columns offset = (0,54)
Key which was embeded : 14
Result of extraction = 0

Running with c = 47
Rows offset = (55,109)
Columns offset = (0,54)
Key which was embeded : 14
Result of extraction = 0

Running with c = 50
Rows offset = (55,109)
Columns offset = (0,54)
Key which was embeded : 14
Result of extraction = 0

Running with c = 53
Rows offset = (55,109)
Columns offset = (0,54)
Key which was embeded : 14
Result of extraction = 0

Running with c = 56
Rows offset = (55,109)
Columns offset = (0,54)
Key which was embeded : 14
Result of extraction = 0

Running with c = 59
Rows offset = (55,109)
Columns offset = (0,54)
Key which was embeded : 14
Result of extraction = 0

Running with c = 62
Rows offset = (55,109)
Columns offset = (0,54)
Key which was embeded : 14
Result of extraction = 0

Running with c = 65
Rows offset = (55,109)
Columns offset = (0,54)
Key which was embeded : 14
Result of extraction = 0

Running with c = 68
Rows offset = (55,109)
Columns offset = (0,54)
Key which was embeded : 14
Result of extraction = 0

Running with c = 71
Rows offset = (55,109)
Columns offset = (0,54)
Key which was embeded : 14
Result of extraction = 0

Running with c = 74
Rows offset = (55,109)
Columns offset = (0,54)
Key which was embeded : 14
Result of extraction = 0

Running with c = 77
Rows offset = (55,109)
Columns offset = (0,54)
Key which was embeded : 14
Result of extraction = 0

Running with c = 80
Rows offset = (55,109)
Columns offset = (0,54)
Key which was embeded : 14
Result of extraction = 0

Running with c = 83
Rows offset = (55,109)
Columns offset = (0,54)
Key which was embeded : 14
Result of extraction = 0

Running with c = 86
Rows offset = (55,109)
Columns offset = (0,54)
Key which was embeded : 14
Result of extraction = 0

Running with c = 89
Rows offset = (55,109)
Columns offset = (0,54)
Key which was embeded : 14
Result of extraction = 0

Running with c = 92
Rows offset = (55,109)
Columns offset = (0,54)
Key which was embeded : 14
Result of extraction = 0

Running with c = 95
Rows offset = (55,109)
Columns offset = (0,54)
Key which was embeded : 14
Result of extraction = 0

Running with c = 98
Rows offset = (55,109)
Columns offset = (0,54)
Key which was embeded : 14
Result of extraction = 0

Running with c = 101
Rows offset = (55,109)
Columns offset = (0,54)
Key which was embeded : 14
Result of extraction = 0

Running with c = 40
Rows offset = (55,109)
Columns offset = (0,54)
Optimal c value for grid = 40
-----------------------------------

Optimal c value for grid = 40
-----------------------------------

Running with c = 40
Rows offset = (55,109)
Columns offset = (55,109)
PSNR taken 44.70877
SSIM taken 0.99044

Key which was embeded : 14
Result of extraction = 1

Optimal c value for grid = 40
-----------------------------------

Running with c = 40
Rows offset = (55,109)
Columns offset = (110,164)
PSNR taken 44.03203
SSIM taken 0.99192

Key which was embeded : 14
Result of extraction = 1

Optimal c value for grid = 40
-----------------------------------

Running with c = 40
Rows offset = (55,109)
Columns offset = (165,219)
PSNR taken 37.73207
SSIM taken 0.99111

Key which was embeded : 14
Result of extraction = 0

Running with c = 120
Rows offset = (55,109)
Columns offset = (165,219)
PSNR taken 32.21602
SSIM taken 0.98290

Key which was embeded : 14
Result of extraction = 0

Running with c = 80
Rows offset = (55,109)
Columns offset = (165,219)
PSNR taken 34.57066
SSIM taken 0.98544

Key which was embeded : 14
Result of extraction = 0

Running with c = 41
Rows offset = (55,109)
Columns offset = (165,219)
Key which was embeded : 14
Result of extraction = 0

Running with c = 44
Rows offset = (55,109)
Columns offset = (165,219)
Key which was embeded : 14
Result of extraction = 0

Running with c = 47
Rows offset = (55,109)
Columns offset = (165,219)
Key which was embeded : 14
Result of extraction = 0

Running with c = 50
Rows offset = (55,109)
Columns offset = (165,219)
Key which was embeded : 14
Result of extraction = 0

Running with c = 53
Rows offset = (55,109)
Columns offset = (165,219)
Key which was embeded : 14
Result of extraction = 0

Running with c = 56
Rows offset = (55,109)
Columns offset = (165,219)
Key which was embeded : 14
Result of extraction = 0

Running with c = 59
Rows offset = (55,109)
Columns offset = (165,219)
Key which was embeded : 14
Result of extraction = 0

Running with c = 62
Rows offset = (55,109)
Columns offset = (165,219)
Key which was embeded : 14
Result of extraction = 0

Running with c = 65
Rows offset = (55,109)
Columns offset = (165,219)
Key which was embeded : 14
Result of extraction = 0

Running with c = 68
Rows offset = (55,109)
Columns offset = (165,219)
Key which was embeded : 14
Result of extraction = 0

Running with c = 71
Rows offset = (55,109)
Columns offset = (165,219)
Key which was embeded : 14
Result of extraction = 0

Running with c = 74
Rows offset = (55,109)
Columns offset = (165,219)
Key which was embeded : 14
Result of extraction = 0

Running with c = 77
Rows offset = (55,109)
Columns offset = (165,219)
Key which was embeded : 14
Result of extraction = 0

Running with c = 80
Rows offset = (55,109)
Columns offset = (165,219)
Key which was embeded : 14
Result of extraction = 0

Running with c = 83
Rows offset = (55,109)
Columns offset = (165,219)
Key which was embeded : 14
Result of extraction = 0

Running with c = 86
Rows offset = (55,109)
Columns offset = (165,219)
Key which was embeded : 14
Result of extraction = 0

Running with c = 89
Rows offset = (55,109)
Columns offset = (165,219)
Key which was embeded : 14
Result of extraction = 0

Running with c = 92
Rows offset = (55,109)
Columns offset = (165,219)
Key which was embeded : 14
Result of extraction = 0

Running with c = 95
Rows offset = (55,109)
Columns offset = (165,219)
Key which was embeded : 14
Result of extraction = 0

Running with c = 98
Rows offset = (55,109)
Columns offset = (165,219)
Key which was embeded : 14
Result of extraction = 0

Running with c = 101
Rows offset = (55,109)
Columns offset = (165,219)
Key which was embeded : 14
Result of extraction = 0

Running with c = 40
Rows offset = (55,109)
Columns offset = (165,219)
Optimal c value for grid = 40
-----------------------------------

Optimal c value for grid = 40
-----------------------------------

Running with c = 40
Rows offset = (55,109)
Columns offset = (220,274)
PSNR taken 30.17300
SSIM taken 0.98748

Key which was embeded : 14
Result of extraction = 0

Running with c = 120
Rows offset = (55,109)
Columns offset = (220,274)
PSNR taken 29.03417
SSIM taken 0.98246

Key which was embeded : 14
Result of extraction = 0

Running with c = 80
Rows offset = (55,109)
Columns offset = (220,274)
PSNR taken 29.22426
SSIM taken 0.98445

Key which was embeded : 14
Result of extraction = 1

Optimal c value for grid = 40
-----------------------------------

Optimal c value for grid = 40
-----------------------------------

Running with c = 40
Rows offset = (110,164)
Columns offset = (0,54)
PSNR taken 46.60076
SSIM taken 0.99095

Key which was embeded : 14
Result of extraction = 1

Optimal c value for grid = 40
-----------------------------------

Running with c = 40
Rows offset = (110,164)
Columns offset = (55,109)
PSNR taken 44.89574
SSIM taken 0.99103

Key which was embeded : 14
Result of extraction = 1

Optimal c value for grid = 40
-----------------------------------

Running with c = 40
Rows offset = (110,164)
Columns offset = (110,164)
PSNR taken 44.14330
SSIM taken 0.99192

Key which was embeded : 14
Result of extraction = 1

Optimal c value for grid = 40
-----------------------------------

Running with c = 40
Rows offset = (110,164)
Columns offset = (165,219)
PSNR taken 32.14828
SSIM taken 0.98829

Key which was embeded : 14
Result of extraction = 0

Running with c = 120
Rows offset = (110,164)
Columns offset = (165,219)
PSNR taken 30.09679
SSIM taken 0.98216

Key which was embeded : 14
Result of extraction = 0

Running with c = 80
Rows offset = (110,164)
Columns offset = (165,219)
PSNR taken 31.34628
SSIM taken 0.98418

Key which was embeded : 14
Result of extraction = 0

Running with c = 41
Rows offset = (110,164)
Columns offset = (165,219)
Key which was embeded : 14
Result of extraction = 0

Running with c = 44
Rows offset = (110,164)
Columns offset = (165,219)
Key which was embeded : 14
Result of extraction = 0

Running with c = 47
Rows offset = (110,164)
Columns offset = (165,219)
Key which was embeded : 14
Result of extraction = 0

Running with c = 50
Rows offset = (110,164)
Columns offset = (165,219)
Key which was embeded : 14
Result of extraction = 0

Running with c = 53
Rows offset = (110,164)
Columns offset = (165,219)
Key which was embeded : 14
Result of extraction = 0

Running with c = 56
Rows offset = (110,164)
Columns offset = (165,219)
Key which was embeded : 14
Result of extraction = 0

Running with c = 59
Rows offset = (110,164)
Columns offset = (165,219)
Key which was embeded : 14
Result of extraction = 0

Running with c = 62
Rows offset = (110,164)
Columns offset = (165,219)
Key which was embeded : 14
Result of extraction = 0

Running with c = 65
Rows offset = (110,164)
Columns offset = (165,219)
Key which was embeded : 14
Result of extraction = 0

Running with c = 68
Rows offset = (110,164)
Columns offset = (165,219)
Key which was embeded : 14
Result of extraction = 0

Running with c = 71
Rows offset = (110,164)
Columns offset = (165,219)
Key which was embeded : 14
Result of extraction = 0

Running with c = 74
Rows offset = (110,164)
Columns offset = (165,219)
Key which was embeded : 14
Result of extraction = 0

Running with c = 77
Rows offset = (110,164)
Columns offset = (165,219)
Key which was embeded : 14
Result of extraction = 0

Running with c = 80
Rows offset = (110,164)
Columns offset = (165,219)
Key which was embeded : 14
Result of extraction = 0

Running with c = 83
Rows offset = (110,164)
Columns offset = (165,219)
Key which was embeded : 14
Result of extraction = 0

Running with c = 86
Rows offset = (110,164)
Columns offset = (165,219)
Key which was embeded : 14
Result of extraction = 0

Running with c = 89
Rows offset = (110,164)
Columns offset = (165,219)
Key which was embeded : 14
Result of extraction = 0

Running with c = 92
Rows offset = (110,164)
Columns offset = (165,219)
Key which was embeded : 14
Result of extraction = 0

Running with c = 95
Rows offset = (110,164)
Columns offset = (165,219)
Key which was embeded : 14
Result of extraction = 0

Running with c = 98
Rows offset = (110,164)
Columns offset = (165,219)
Key which was embeded : 14
Result of extraction = 0

Running with c = 101
Rows offset = (110,164)
Columns offset = (165,219)
Key which was embeded : 14
Result of extraction = 0

Running with c = 40
Rows offset = (110,164)
Columns offset = (165,219)
Optimal c value for grid = 40
-----------------------------------

Optimal c value for grid = 40
-----------------------------------

Running with c = 40
Rows offset = (110,164)
Columns offset = (220,274)
PSNR taken 44.05153
SSIM taken 0.99313

Key which was embeded : 14
Result of extraction = 1

Optimal c value for grid = 40
-----------------------------------

Running with c = 40
PSNR = 46.60075792120607
SSIM = 0.9909472512611474
[110, 0]
Finished grid movement

Rows offset = (110,164)
Columns offset = (0,54)
Embed key : 12 in Block 6
Running with c = 40
Rows offset = (0,54)
Columns offset = (0,54)
PSNR taken 44.00392
SSIM taken 0.99243

Key which was embeded : 12
Result of extraction = 1

Optimal c value for grid = 40
-----------------------------------

Running with c = 40
Rows offset = (0,54)
Columns offset = (55,109)
PSNR taken 44.26597
SSIM taken 0.99306

Key which was embeded : 12
Result of extraction = 1

Optimal c value for grid = 40
-----------------------------------

Running with c = 40
Rows offset = (0,54)
Columns offset = (110,164)
PSNR taken 44.55927
SSIM taken 0.99262

Key which was embeded : 12
Result of extraction = 1

Optimal c value for grid = 40
-----------------------------------

Running with c = 40
Rows offset = (0,54)
Columns offset = (165,219)
PSNR taken 44.71409
SSIM taken 0.99263

Key which was embeded : 12
Result of extraction = 1

Optimal c value for grid = 40
-----------------------------------

Running with c = 40
Rows offset = (0,54)
Columns offset = (220,274)
PSNR taken 41.20500
SSIM taken 0.99311

Key which was embeded : 12
Result of extraction = 0

Running with c = 120
Rows offset = (0,54)
Columns offset = (220,274)
PSNR taken 32.64810
SSIM taken 0.98547

Key which was embeded : 12
Result of extraction = 0

Running with c = 80
Rows offset = (0,54)
Columns offset = (220,274)
PSNR taken 34.99600
SSIM taken 0.98767

Key which was embeded : 12
Result of extraction = 0

Running with c = 41
Rows offset = (0,54)
Columns offset = (220,274)
Key which was embeded : 12
Result of extraction = 0

Running with c = 44
Rows offset = (0,54)
Columns offset = (220,274)
Key which was embeded : 12
Result of extraction = 0

Running with c = 47
Rows offset = (0,54)
Columns offset = (220,274)
Key which was embeded : 12
Result of extraction = 0

Running with c = 50
Rows offset = (0,54)
Columns offset = (220,274)
Key which was embeded : 12
Result of extraction = 0

Running with c = 53
Rows offset = (0,54)
Columns offset = (220,274)
Key which was embeded : 12
Result of extraction = 0

Running with c = 56
Rows offset = (0,54)
Columns offset = (220,274)
Key which was embeded : 12
Result of extraction = 0

Running with c = 59
Rows offset = (0,54)
Columns offset = (220,274)
Key which was embeded : 12
Result of extraction = 0

Running with c = 62
Rows offset = (0,54)
Columns offset = (220,274)
Key which was embeded : 12
Result of extraction = 0

Running with c = 65
Rows offset = (0,54)
Columns offset = (220,274)
Key which was embeded : 12
Result of extraction = 0

Running with c = 68
Rows offset = (0,54)
Columns offset = (220,274)
Key which was embeded : 12
Result of extraction = 0

Running with c = 71
Rows offset = (0,54)
Columns offset = (220,274)
Key which was embeded : 12
Result of extraction = 0

Running with c = 74
Rows offset = (0,54)
Columns offset = (220,274)
Key which was embeded : 12
Result of extraction = 0

Running with c = 77
Rows offset = (0,54)
Columns offset = (220,274)
Key which was embeded : 12
Result of extraction = 0

Running with c = 80
Rows offset = (0,54)
Columns offset = (220,274)
Key which was embeded : 12
Result of extraction = 0

Running with c = 83
Rows offset = (0,54)
Columns offset = (220,274)
Key which was embeded : 12
Result of extraction = 0

Running with c = 86
Rows offset = (0,54)
Columns offset = (220,274)
Key which was embeded : 12
Result of extraction = 0

Running with c = 89
Rows offset = (0,54)
Columns offset = (220,274)
Key which was embeded : 12
Result of extraction = 0

Running with c = 92
Rows offset = (0,54)
Columns offset = (220,274)
Key which was embeded : 12
Result of extraction = 0

Running with c = 95
Rows offset = (0,54)
Columns offset = (220,274)
Key which was embeded : 12
Result of extraction = 0

Running with c = 98
Rows offset = (0,54)
Columns offset = (220,274)
Key which was embeded : 12
Result of extraction = 0

Running with c = 101
Rows offset = (0,54)
Columns offset = (220,274)
Key which was embeded : 12
Result of extraction = 0

Running with c = 40
Rows offset = (0,54)
Columns offset = (220,274)
Optimal c value for grid = 40
-----------------------------------

Optimal c value for grid = 40
-----------------------------------

Running with c = 40
Rows offset = (55,109)
Columns offset = (0,54)
PSNR taken 44.29265
SSIM taken 0.99219

Key which was embeded : 12
Result of extraction = 1

Optimal c value for grid = 40
-----------------------------------

Running with c = 40
Rows offset = (55,109)
Columns offset = (55,109)
PSNR taken 44.34109
SSIM taken 0.99278

Key which was embeded : 12
Result of extraction = 1

Optimal c value for grid = 40
-----------------------------------

Running with c = 40
Rows offset = (55,109)
Columns offset = (110,164)
PSNR taken 43.98827
SSIM taken 0.99348

Key which was embeded : 12
Result of extraction = 1

Optimal c value for grid = 40
-----------------------------------

Running with c = 40
Rows offset = (55,109)
Columns offset = (165,219)
PSNR taken 44.44016
SSIM taken 0.99279

Key which was embeded : 12
Result of extraction = 1

Optimal c value for grid = 40
-----------------------------------

Running with c = 40
Rows offset = (55,109)
Columns offset = (220,274)
PSNR taken 38.82516
SSIM taken 0.99245

Key which was embeded : 12
Result of extraction = 0

Running with c = 120
Rows offset = (55,109)
Columns offset = (220,274)
PSNR taken 32.09295
SSIM taken 0.98402

Key which was embeded : 12
Result of extraction = 1

Running with c = 80
Rows offset = (55,109)
Columns offset = (220,274)
PSNR taken 34.15266
SSIM taken 0.98630

Key which was embeded : 12
Result of extraction = 0

Running with c = 41
Rows offset = (55,109)
Columns offset = (220,274)
Key which was embeded : 12
Result of extraction = 0

Running with c = 44
Rows offset = (55,109)
Columns offset = (220,274)
Key which was embeded : 12
Result of extraction = 0

Running with c = 47
Rows offset = (55,109)
Columns offset = (220,274)
Key which was embeded : 12
Result of extraction = 0

Running with c = 50
Rows offset = (55,109)
Columns offset = (220,274)
Key which was embeded : 12
Result of extraction = 0

Running with c = 53
Rows offset = (55,109)
Columns offset = (220,274)
Key which was embeded : 12
Result of extraction = 0

Running with c = 56
Rows offset = (55,109)
Columns offset = (220,274)
Key which was embeded : 12
Result of extraction = 0

Running with c = 59
Rows offset = (55,109)
Columns offset = (220,274)
Key which was embeded : 12
Result of extraction = 0

Running with c = 62
Rows offset = (55,109)
Columns offset = (220,274)
Key which was embeded : 12
Result of extraction = 0

Running with c = 65
Rows offset = (55,109)
Columns offset = (220,274)
Key which was embeded : 12
Result of extraction = 0

Running with c = 68
Rows offset = (55,109)
Columns offset = (220,274)
Key which was embeded : 12
Result of extraction = 0

Running with c = 71
Rows offset = (55,109)
Columns offset = (220,274)
Key which was embeded : 12
Result of extraction = 0

Running with c = 74
Rows offset = (55,109)
Columns offset = (220,274)
Key which was embeded : 12
Result of extraction = 0

Running with c = 77
Rows offset = (55,109)
Columns offset = (220,274)
Key which was embeded : 12
Result of extraction = 0

Running with c = 80
Rows offset = (55,109)
Columns offset = (220,274)
Key which was embeded : 12
Result of extraction = 0

Running with c = 83
Rows offset = (55,109)
Columns offset = (220,274)
Key which was embeded : 12
Result of extraction = 0

Running with c = 86
Rows offset = (55,109)
Columns offset = (220,274)
Key which was embeded : 12
Result of extraction = 0

Running with c = 89
Rows offset = (55,109)
Columns offset = (220,274)
Key which was embeded : 12
Result of extraction = 1

Optimal c value for grid = 89
-----------------------------------

Optimal c value for grid = 89
-----------------------------------

Running with c = 40
Rows offset = (110,164)
Columns offset = (0,54)
PSNR taken 44.29873
SSIM taken 0.99290

Key which was embeded : 12
Result of extraction = 1

Optimal c value for grid = 40
-----------------------------------

Running with c = 40
Rows offset = (110,164)
Columns offset = (55,109)
PSNR taken 44.36611
SSIM taken 0.99298

Key which was embeded : 12
Result of extraction = 1

Optimal c value for grid = 40
-----------------------------------

Running with c = 40
Rows offset = (110,164)
Columns offset = (110,164)
PSNR taken 44.02025
SSIM taken 0.99403

Key which was embeded : 12
Result of extraction = 1

Optimal c value for grid = 40
-----------------------------------

Running with c = 40
Rows offset = (110,164)
Columns offset = (165,219)
PSNR taken 44.16621
SSIM taken 0.99294

Key which was embeded : 12
Result of extraction = 1

Optimal c value for grid = 40
-----------------------------------

Running with c = 40
Rows offset = (110,164)
Columns offset = (220,274)
PSNR taken 40.60768
SSIM taken 0.99246

Key which was embeded : 12
Result of extraction = 0

Running with c = 120
Rows offset = (110,164)
Columns offset = (220,274)
PSNR taken 32.73181
SSIM taken 0.98397

Key which was embeded : 12
Result of extraction = 0

Running with c = 80
Rows offset = (110,164)
Columns offset = (220,274)
PSNR taken 34.94715
SSIM taken 0.98646

Key which was embeded : 12
Result of extraction = 0

Running with c = 41
Rows offset = (110,164)
Columns offset = (220,274)
Key which was embeded : 12
Result of extraction = 0

Running with c = 44
Rows offset = (110,164)
Columns offset = (220,274)
Key which was embeded : 12
Result of extraction = 0

Running with c = 47
Rows offset = (110,164)
Columns offset = (220,274)
Key which was embeded : 12
Result of extraction = 0

Running with c = 50
Rows offset = (110,164)
Columns offset = (220,274)
Key which was embeded : 12
Result of extraction = 0

Running with c = 53
Rows offset = (110,164)
Columns offset = (220,274)
Key which was embeded : 12
Result of extraction = 0

Running with c = 56
Rows offset = (110,164)
Columns offset = (220,274)
Key which was embeded : 12
Result of extraction = 0

Running with c = 59
Rows offset = (110,164)
Columns offset = (220,274)
Key which was embeded : 12
Result of extraction = 0

Running with c = 62
Rows offset = (110,164)
Columns offset = (220,274)
Key which was embeded : 12
Result of extraction = 0

Running with c = 65
Rows offset = (110,164)
Columns offset = (220,274)
Key which was embeded : 12
Result of extraction = 0

Running with c = 68
Rows offset = (110,164)
Columns offset = (220,274)
Key which was embeded : 12
Result of extraction = 0

Running with c = 71
Rows offset = (110,164)
Columns offset = (220,274)
Key which was embeded : 12
Result of extraction = 0

Running with c = 74
Rows offset = (110,164)
Columns offset = (220,274)
Key which was embeded : 12
Result of extraction = 0

Running with c = 77
Rows offset = (110,164)
Columns offset = (220,274)
Key which was embeded : 12
Result of extraction = 0

Running with c = 80
Rows offset = (110,164)
Columns offset = (220,274)
Key which was embeded : 12
Result of extraction = 0

Running with c = 83
Rows offset = (110,164)
Columns offset = (220,274)
Key which was embeded : 12
Result of extraction = 0

Running with c = 86
Rows offset = (110,164)
Columns offset = (220,274)
Key which was embeded : 12
Result of extraction = 0

Running with c = 89
Rows offset = (110,164)
Columns offset = (220,274)
Key which was embeded : 12
Result of extraction = 0

Running with c = 92
Rows offset = (110,164)
Columns offset = (220,274)
Key which was embeded : 12
Result of extraction = 0

Running with c = 95
Rows offset = (110,164)
Columns offset = (220,274)
Key which was embeded : 12
Result of extraction = 0

Running with c = 98
Rows offset = (110,164)
Columns offset = (220,274)
Key which was embeded : 12
Result of extraction = 0

Running with c = 101
Rows offset = (110,164)
Columns offset = (220,274)
Key which was embeded : 12
Result of extraction = 0

Running with c = 40
Rows offset = (110,164)
Columns offset = (220,274)
Optimal c value for grid = 40
-----------------------------------

Optimal c value for grid = 40
-----------------------------------

Running with c = 40
PSNR = 44.71408885634895
SSIM = 0.9926289392119548
[0, 165]
Finished grid movement

Rows offset = (0,54)
Columns offset = (165,219)
Embed key : 11 in Block 7
Running with c = 40
Rows offset = (0,54)
Columns offset = (0,54)
PSNR taken 37.17567
SSIM taken 0.98995

Key which was embeded : 11
Result of extraction = 0

Running with c = 120
Rows offset = (0,54)
Columns offset = (0,54)
PSNR taken 30.63464
SSIM taken 0.98396

Key which was embeded : 11
Result of extraction = 0

Running with c = 80
Rows offset = (0,54)
Columns offset = (0,54)
PSNR taken 32.36692
SSIM taken 0.98509

Key which was embeded : 11
Result of extraction = 0

Running with c = 41
Rows offset = (0,54)
Columns offset = (0,54)
Key which was embeded : 11
Result of extraction = 0

Running with c = 44
Rows offset = (0,54)
Columns offset = (0,54)
Key which was embeded : 11
Result of extraction = 0

Running with c = 47
Rows offset = (0,54)
Columns offset = (0,54)
Key which was embeded : 11
Result of extraction = 0

Running with c = 50
Rows offset = (0,54)
Columns offset = (0,54)
Key which was embeded : 11
Result of extraction = 0

Running with c = 53
Rows offset = (0,54)
Columns offset = (0,54)
Key which was embeded : 11
Result of extraction = 0

Running with c = 56
Rows offset = (0,54)
Columns offset = (0,54)
Key which was embeded : 11
Result of extraction = 0

Running with c = 59
Rows offset = (0,54)
Columns offset = (0,54)
Key which was embeded : 11
Result of extraction = 0

Running with c = 62
Rows offset = (0,54)
Columns offset = (0,54)
Key which was embeded : 11
Result of extraction = 0

Running with c = 65
Rows offset = (0,54)
Columns offset = (0,54)
Key which was embeded : 11
Result of extraction = 0

Running with c = 68
Rows offset = (0,54)
Columns offset = (0,54)
Key which was embeded : 11
Result of extraction = 0

Running with c = 71
Rows offset = (0,54)
Columns offset = (0,54)
Key which was embeded : 11
Result of extraction = 0

Running with c = 74
Rows offset = (0,54)
Columns offset = (0,54)
Key which was embeded : 11
Result of extraction = 0

Running with c = 77
Rows offset = (0,54)
Columns offset = (0,54)
Key which was embeded : 11
Result of extraction = 0

Running with c = 80
Rows offset = (0,54)
Columns offset = (0,54)
Key which was embeded : 11
Result of extraction = 0

Running with c = 83
Rows offset = (0,54)
Columns offset = (0,54)
Key which was embeded : 11
Result of extraction = 0

Running with c = 86
Rows offset = (0,54)
Columns offset = (0,54)
Key which was embeded : 11
Result of extraction = 0

Running with c = 89
Rows offset = (0,54)
Columns offset = (0,54)
Key which was embeded : 11
Result of extraction = 0

Running with c = 92
Rows offset = (0,54)
Columns offset = (0,54)
Key which was embeded : 11
Result of extraction = 0

Running with c = 95
Rows offset = (0,54)
Columns offset = (0,54)
Key which was embeded : 11
Result of extraction = 0

Running with c = 98
Rows offset = (0,54)
Columns offset = (0,54)
Key which was embeded : 11
Result of extraction = 0

Running with c = 101
Rows offset = (0,54)
Columns offset = (0,54)
Key which was embeded : 11
Result of extraction = 0

Running with c = 40
Rows offset = (0,54)
Columns offset = (0,54)
Optimal c value for grid = 40
-----------------------------------

Optimal c value for grid = 40
-----------------------------------

Running with c = 40
Rows offset = (0,54)
Columns offset = (55,109)
PSNR taken 38.50679
SSIM taken 0.99247

Key which was embeded : 11
Result of extraction = 1

Optimal c value for grid = 40
-----------------------------------

Running with c = 40
Rows offset = (0,54)
Columns offset = (110,164)
PSNR taken 44.35036
SSIM taken 0.99468

Key which was embeded : 11
Result of extraction = 1

Optimal c value for grid = 40
-----------------------------------

Running with c = 40
Rows offset = (0,54)
Columns offset = (165,219)
PSNR taken 44.85441
SSIM taken 0.99304

Key which was embeded : 11
Result of extraction = 1

Optimal c value for grid = 40
-----------------------------------

Running with c = 40
Rows offset = (0,54)
Columns offset = (220,274)
PSNR taken 44.41682
SSIM taken 0.99201

Key which was embeded : 11
Result of extraction = 1

Optimal c value for grid = 40
-----------------------------------

Running with c = 40
Rows offset = (55,109)
Columns offset = (0,54)
PSNR taken 36.33065
SSIM taken 0.98863

Key which was embeded : 11
Result of extraction = 0

Running with c = 120
Rows offset = (55,109)
Columns offset = (0,54)
PSNR taken 30.24137
SSIM taken 0.98281

Key which was embeded : 11
Result of extraction = 0

Running with c = 80
Rows offset = (55,109)
Columns offset = (0,54)
PSNR taken 31.51166
SSIM taken 0.98346

Key which was embeded : 11
Result of extraction = 0

Running with c = 41
Rows offset = (55,109)
Columns offset = (0,54)
Key which was embeded : 11
Result of extraction = 0

Running with c = 44
Rows offset = (55,109)
Columns offset = (0,54)
Key which was embeded : 11
Result of extraction = 0

Running with c = 47
Rows offset = (55,109)
Columns offset = (0,54)
Key which was embeded : 11
Result of extraction = 0

Running with c = 50
Rows offset = (55,109)
Columns offset = (0,54)
Key which was embeded : 11
Result of extraction = 0

Running with c = 53
Rows offset = (55,109)
Columns offset = (0,54)
Key which was embeded : 11
Result of extraction = 0

Running with c = 56
Rows offset = (55,109)
Columns offset = (0,54)
Key which was embeded : 11
Result of extraction = 0

Running with c = 59
Rows offset = (55,109)
Columns offset = (0,54)
Key which was embeded : 11
Result of extraction = 0

Running with c = 62
Rows offset = (55,109)
Columns offset = (0,54)
Key which was embeded : 11
Result of extraction = 0

Running with c = 65
Rows offset = (55,109)
Columns offset = (0,54)
Key which was embeded : 11
Result of extraction = 0

Running with c = 68
Rows offset = (55,109)
Columns offset = (0,54)
Key which was embeded : 11
Result of extraction = 0

Running with c = 71
Rows offset = (55,109)
Columns offset = (0,54)
Key which was embeded : 11
Result of extraction = 0

Running with c = 74
Rows offset = (55,109)
Columns offset = (0,54)
Key which was embeded : 11
Result of extraction = 0

Running with c = 77
Rows offset = (55,109)
Columns offset = (0,54)
Key which was embeded : 11
Result of extraction = 0

Running with c = 80
Rows offset = (55,109)
Columns offset = (0,54)
Key which was embeded : 11
Result of extraction = 0

Running with c = 83
Rows offset = (55,109)
Columns offset = (0,54)
Key which was embeded : 11
Result of extraction = 0

Running with c = 86
Rows offset = (55,109)
Columns offset = (0,54)
Key which was embeded : 11
Result of extraction = 0

Running with c = 89
Rows offset = (55,109)
Columns offset = (0,54)
Key which was embeded : 11
Result of extraction = 0

Running with c = 92
Rows offset = (55,109)
Columns offset = (0,54)
Key which was embeded : 11
Result of extraction = 1

Optimal c value for grid = 92
-----------------------------------

Optimal c value for grid = 92
-----------------------------------

Running with c = 40
Rows offset = (55,109)
Columns offset = (55,109)
PSNR taken 40.13355
SSIM taken 0.99140

Key which was embeded : 11
Result of extraction = 0

Running with c = 120
Rows offset = (55,109)
Columns offset = (55,109)
PSNR taken 31.52039
SSIM taken 0.98259

Key which was embeded : 11
Result of extraction = 0

Running with c = 80
Rows offset = (55,109)
Columns offset = (55,109)
PSNR taken 34.13499
SSIM taken 0.98483

Key which was embeded : 11
Result of extraction = 0

Running with c = 41
Rows offset = (55,109)
Columns offset = (55,109)
Key which was embeded : 11
Result of extraction = 0

Running with c = 44
Rows offset = (55,109)
Columns offset = (55,109)
Key which was embeded : 11
Result of extraction = 0

Running with c = 47
Rows offset = (55,109)
Columns offset = (55,109)
Key which was embeded : 11
Result of extraction = 0

Running with c = 50
Rows offset = (55,109)
Columns offset = (55,109)
Key which was embeded : 11
Result of extraction = 0

Running with c = 53
Rows offset = (55,109)
Columns offset = (55,109)
Key which was embeded : 11
Result of extraction = 0

Running with c = 56
Rows offset = (55,109)
Columns offset = (55,109)
Key which was embeded : 11
Result of extraction = 0

Running with c = 59
Rows offset = (55,109)
Columns offset = (55,109)
Key which was embeded : 11
Result of extraction = 0

Running with c = 62
Rows offset = (55,109)
Columns offset = (55,109)
Key which was embeded : 11
Result of extraction = 0

Running with c = 65
Rows offset = (55,109)
Columns offset = (55,109)
Key which was embeded : 11
Result of extraction = 0

Running with c = 68
Rows offset = (55,109)
Columns offset = (55,109)
Key which was embeded : 11
Result of extraction = 0

Running with c = 71
Rows offset = (55,109)
Columns offset = (55,109)
Key which was embeded : 11
Result of extraction = 0

Running with c = 74
Rows offset = (55,109)
Columns offset = (55,109)
Key which was embeded : 11
Result of extraction = 0

Running with c = 77
Rows offset = (55,109)
Columns offset = (55,109)
Key which was embeded : 11
Result of extraction = 0

Running with c = 80
Rows offset = (55,109)
Columns offset = (55,109)
Key which was embeded : 11
Result of extraction = 0

Running with c = 83
Rows offset = (55,109)
Columns offset = (55,109)
Key which was embeded : 11
Result of extraction = 0

Running with c = 86
Rows offset = (55,109)
Columns offset = (55,109)
Key which was embeded : 11
Result of extraction = 0

Running with c = 89
Rows offset = (55,109)
Columns offset = (55,109)
Key which was embeded : 11
Result of extraction = 0

Running with c = 92
Rows offset = (55,109)
Columns offset = (55,109)
Key which was embeded : 11
Result of extraction = 0

Running with c = 95
Rows offset = (55,109)
Columns offset = (55,109)
Key which was embeded : 11
Result of extraction = 0

Running with c = 98
Rows offset = (55,109)
Columns offset = (55,109)
Key which was embeded : 11
Result of extraction = 0

Running with c = 101
Rows offset = (55,109)
Columns offset = (55,109)
Key which was embeded : 11
Result of extraction = 0

Running with c = 40
Rows offset = (55,109)
Columns offset = (55,109)
Optimal c value for grid = 40
-----------------------------------

Optimal c value for grid = 40
-----------------------------------

Running with c = 40
Rows offset = (55,109)
Columns offset = (110,164)
PSNR taken 44.17429
SSIM taken 0.99396

Key which was embeded : 11
Result of extraction = 1

Optimal c value for grid = 40
-----------------------------------

Running with c = 40
Rows offset = (55,109)
Columns offset = (165,219)
PSNR taken 44.61797
SSIM taken 0.99291

Key which was embeded : 11
Result of extraction = 1

Optimal c value for grid = 40
-----------------------------------

Running with c = 40
Rows offset = (55,109)
Columns offset = (220,274)
PSNR taken 44.30113
SSIM taken 0.99244

Key which was embeded : 11
Result of extraction = 1

Optimal c value for grid = 40
-----------------------------------

Running with c = 40
Rows offset = (110,164)
Columns offset = (0,54)
PSNR taken 34.41587
SSIM taken 0.98612

Key which was embeded : 11
Result of extraction = 0

Running with c = 120
Rows offset = (110,164)
Columns offset = (0,54)
PSNR taken 29.85489
SSIM taken 0.98198

Key which was embeded : 11
Result of extraction = 0

Running with c = 80
Rows offset = (110,164)
Columns offset = (0,54)
PSNR taken 30.93801
SSIM taken 0.98255

Key which was embeded : 11
Result of extraction = 0

Running with c = 41
Rows offset = (110,164)
Columns offset = (0,54)
Key which was embeded : 11
Result of extraction = 0

Running with c = 44
Rows offset = (110,164)
Columns offset = (0,54)
Key which was embeded : 11
Result of extraction = 0

Running with c = 47
Rows offset = (110,164)
Columns offset = (0,54)
Key which was embeded : 11
Result of extraction = 0

Running with c = 50
Rows offset = (110,164)
Columns offset = (0,54)
Key which was embeded : 11
Result of extraction = 0

Running with c = 53
Rows offset = (110,164)
Columns offset = (0,54)
Key which was embeded : 11
Result of extraction = 0

Running with c = 56
Rows offset = (110,164)
Columns offset = (0,54)
Key which was embeded : 11
Result of extraction = 0

Running with c = 59
Rows offset = (110,164)
Columns offset = (0,54)
Key which was embeded : 11
Result of extraction = 0

Running with c = 62
Rows offset = (110,164)
Columns offset = (0,54)
Key which was embeded : 11
Result of extraction = 0

Running with c = 65
Rows offset = (110,164)
Columns offset = (0,54)
Key which was embeded : 11
Result of extraction = 0

Running with c = 68
Rows offset = (110,164)
Columns offset = (0,54)
Key which was embeded : 11
Result of extraction = 0

Running with c = 71
Rows offset = (110,164)
Columns offset = (0,54)
Key which was embeded : 11
Result of extraction = 0

Running with c = 74
Rows offset = (110,164)
Columns offset = (0,54)
Key which was embeded : 11
Result of extraction = 0

Running with c = 77
Rows offset = (110,164)
Columns offset = (0,54)
Key which was embeded : 11
Result of extraction = 0

Running with c = 80
Rows offset = (110,164)
Columns offset = (0,54)
Key which was embeded : 11
Result of extraction = 0

Running with c = 83
Rows offset = (110,164)
Columns offset = (0,54)
Key which was embeded : 11
Result of extraction = 0

Running with c = 86
Rows offset = (110,164)
Columns offset = (0,54)
Key which was embeded : 11
Result of extraction = 0

Running with c = 89
Rows offset = (110,164)
Columns offset = (0,54)
Key which was embeded : 11
Result of extraction = 0

Running with c = 92
Rows offset = (110,164)
Columns offset = (0,54)
Key which was embeded : 11
Result of extraction = 0

Running with c = 95
Rows offset = (110,164)
Columns offset = (0,54)
Key which was embeded : 11
Result of extraction = 0

Running with c = 98
Rows offset = (110,164)
Columns offset = (0,54)
Key which was embeded : 11
Result of extraction = 0

Running with c = 101
Rows offset = (110,164)
Columns offset = (0,54)
Key which was embeded : 11
Result of extraction = 0

Running with c = 40
Rows offset = (110,164)
Columns offset = (0,54)
Optimal c value for grid = 40
-----------------------------------

Optimal c value for grid = 40
-----------------------------------

Running with c = 40
Rows offset = (110,164)
Columns offset = (55,109)
PSNR taken 37.12637
SSIM taken 0.98879

Key which was embeded : 11
Result of extraction = 0

Running with c = 120
Rows offset = (110,164)
Columns offset = (55,109)
PSNR taken 31.27429
SSIM taken 0.98178

Key which was embeded : 11
Result of extraction = 0

Running with c = 80
Rows offset = (110,164)
Columns offset = (55,109)
PSNR taken 33.26581
SSIM taken 0.98324

Key which was embeded : 11
Result of extraction = 1

Optimal c value for grid = 40
-----------------------------------

Optimal c value for grid = 40
-----------------------------------

Running with c = 40
Rows offset = (110,164)
Columns offset = (110,164)
PSNR taken 41.87571
SSIM taken 0.99344

Key which was embeded : 11
Result of extraction = 0

Running with c = 120
Rows offset = (110,164)
Columns offset = (110,164)
PSNR taken 33.38553
SSIM taken 0.98525

Key which was embeded : 11
Result of extraction = 0

Running with c = 80
Rows offset = (110,164)
Columns offset = (110,164)
PSNR taken 35.31762
SSIM taken 0.98738

Key which was embeded : 11
Result of extraction = 0

Running with c = 41
Rows offset = (110,164)
Columns offset = (110,164)
Key which was embeded : 11
Result of extraction = 0

Running with c = 44
Rows offset = (110,164)
Columns offset = (110,164)
Key which was embeded : 11
Result of extraction = 1

Optimal c value for grid = 44
-----------------------------------

Optimal c value for grid = 44
-----------------------------------

Running with c = 40
Rows offset = (110,164)
Columns offset = (165,219)
PSNR taken 44.14643
SSIM taken 0.99348

Key which was embeded : 11
Result of extraction = 1

Optimal c value for grid = 40
-----------------------------------

Running with c = 40
Rows offset = (110,164)
Columns offset = (220,274)
PSNR taken 44.16230
SSIM taken 0.99322

Key which was embeded : 11
Result of extraction = 1

Optimal c value for grid = 40
-----------------------------------

Running with c = 40
PSNR = 44.85441212455383
SSIM = 0.9930399805718052
[0, 165]
Finished grid movement

Rows offset = (0,54)
Columns offset = (165,219)
Embed key : 10 in Block 8
Running with c = 40
Rows offset = (0,54)
Columns offset = (0,54)
PSNR taken 31.15253
SSIM taken 0.98811

Key which was embeded : 10
Result of extraction = 1

Optimal c value for grid = 40
-----------------------------------

Running with c = 40
Rows offset = (0,54)
Columns offset = (55,109)
PSNR taken 30.85638
SSIM taken 0.98539

Key which was embeded : 10
Result of extraction = 0

Running with c = 120
Rows offset = (0,54)
Columns offset = (55,109)
PSNR taken 28.97856
SSIM taken 0.98136

Key which was embeded : 10
Result of extraction = 1

Running with c = 80
Rows offset = (0,54)
Columns offset = (55,109)
PSNR taken 29.25515
SSIM taken 0.98218

Key which was embeded : 10
Result of extraction = 1

Optimal c value for grid = 40
-----------------------------------

Optimal c value for grid = 40
-----------------------------------

Running with c = 40
Rows offset = (0,54)
Columns offset = (110,164)
PSNR taken 34.62037
SSIM taken 0.98910

Key which was embeded : 10
Result of extraction = 0

Running with c = 120
Rows offset = (0,54)
Columns offset = (110,164)
PSNR taken 30.43913
SSIM taken 0.98279

Key which was embeded : 10
Result of extraction = 0

Running with c = 80
Rows offset = (0,54)
Columns offset = (110,164)
PSNR taken 31.50156
SSIM taken 0.98391

Key which was embeded : 10
Result of extraction = 0

Running with c = 41
Rows offset = (0,54)
Columns offset = (110,164)
Key which was embeded : 10
Result of extraction = 0

Running with c = 44
Rows offset = (0,54)
Columns offset = (110,164)
Key which was embeded : 10
Result of extraction = 0

Running with c = 47
Rows offset = (0,54)
Columns offset = (110,164)
Key which was embeded : 10
Result of extraction = 0

Running with c = 50
Rows offset = (0,54)
Columns offset = (110,164)
Key which was embeded : 10
Result of extraction = 0

Running with c = 53
Rows offset = (0,54)
Columns offset = (110,164)
Key which was embeded : 10
Result of extraction = 0

Running with c = 56
Rows offset = (0,54)
Columns offset = (110,164)
Key which was embeded : 10
Result of extraction = 0

Running with c = 59
Rows offset = (0,54)
Columns offset = (110,164)
Key which was embeded : 10
Result of extraction = 0

Running with c = 62
Rows offset = (0,54)
Columns offset = (110,164)
Key which was embeded : 10
Result of extraction = 0

Running with c = 65
Rows offset = (0,54)
Columns offset = (110,164)
Key which was embeded : 10
Result of extraction = 0

Running with c = 68
Rows offset = (0,54)
Columns offset = (110,164)
Key which was embeded : 10
Result of extraction = 0

Running with c = 71
Rows offset = (0,54)
Columns offset = (110,164)
Key which was embeded : 10
Result of extraction = 0

Running with c = 74
Rows offset = (0,54)
Columns offset = (110,164)
Key which was embeded : 10
Result of extraction = 0

Running with c = 77
Rows offset = (0,54)
Columns offset = (110,164)
Key which was embeded : 10
Result of extraction = 0

Running with c = 80
Rows offset = (0,54)
Columns offset = (110,164)
Key which was embeded : 10
Result of extraction = 0

Running with c = 83
Rows offset = (0,54)
Columns offset = (110,164)
Key which was embeded : 10
Result of extraction = 0

Running with c = 86
Rows offset = (0,54)
Columns offset = (110,164)
Key which was embeded : 10
Result of extraction = 0

Running with c = 89
Rows offset = (0,54)
Columns offset = (110,164)
Key which was embeded : 10
Result of extraction = 0

Running with c = 92
Rows offset = (0,54)
Columns offset = (110,164)
Key which was embeded : 10
Result of extraction = 0

Running with c = 95
Rows offset = (0,54)
Columns offset = (110,164)
Key which was embeded : 10
Result of extraction = 1

Optimal c value for grid = 95
-----------------------------------

Optimal c value for grid = 95
-----------------------------------

Running with c = 40
Rows offset = (0,54)
Columns offset = (165,219)
PSNR taken 43.83701
SSIM taken 0.99282

Key which was embeded : 10
Result of extraction = 1

Optimal c value for grid = 40
-----------------------------------

Running with c = 40
Rows offset = (0,54)
Columns offset = (220,274)
PSNR taken 44.35001
SSIM taken 0.99080

Key which was embeded : 10
Result of extraction = 1

Optimal c value for grid = 40
-----------------------------------

Running with c = 40
Rows offset = (55,109)
Columns offset = (0,54)
PSNR taken 43.92037
SSIM taken 0.99394

Key which was embeded : 10
Result of extraction = 1

Optimal c value for grid = 40
-----------------------------------

Running with c = 40
Rows offset = (55,109)
Columns offset = (55,109)
PSNR taken 34.83103
SSIM taken 0.98912

Key which was embeded : 10
Result of extraction = 1

Optimal c value for grid = 40
-----------------------------------

Running with c = 40
Rows offset = (55,109)
Columns offset = (110,164)
PSNR taken 30.72801
SSIM taken 0.98691

Key which was embeded : 10
Result of extraction = 1

Optimal c value for grid = 40
-----------------------------------

Running with c = 40
Rows offset = (55,109)
Columns offset = (165,219)
PSNR taken 43.79288
SSIM taken 0.99199

Key which was embeded : 10
Result of extraction = 1

Optimal c value for grid = 40
-----------------------------------

Running with c = 40
Rows offset = (55,109)
Columns offset = (220,274)
PSNR taken 44.27999
SSIM taken 0.99145

Key which was embeded : 10
Result of extraction = 1

Optimal c value for grid = 40
-----------------------------------

Running with c = 40
Rows offset = (110,164)
Columns offset = (0,54)
PSNR taken 44.27003
SSIM taken 0.99236

Key which was embeded : 10
Result of extraction = 1

Optimal c value for grid = 40
-----------------------------------

Running with c = 40
Rows offset = (110,164)
Columns offset = (55,109)
PSNR taken 44.02119
SSIM taken 0.99208

Key which was embeded : 10
Result of extraction = 1

Optimal c value for grid = 40
-----------------------------------

Running with c = 40
Rows offset = (110,164)
Columns offset = (110,164)
PSNR taken 44.32477
SSIM taken 0.99312

Key which was embeded : 10
Result of extraction = 1

Optimal c value for grid = 40
-----------------------------------

Running with c = 40
Rows offset = (110,164)
Columns offset = (165,219)
PSNR taken 44.28045
SSIM taken 0.99222

Key which was embeded : 10
Result of extraction = 1

Optimal c value for grid = 40
-----------------------------------

Running with c = 40
Rows offset = (110,164)
Columns offset = (220,274)
PSNR taken 44.70599
SSIM taken 0.99159

Key which was embeded : 10
Result of extraction = 1

Optimal c value for grid = 40
-----------------------------------

Running with c = 40
PSNR = 44.70599421593947
SSIM = 0.991588154206586
[110, 220]
Finished grid movement

Rows offset = (110,164)
Columns offset = (220,274)
Embed key : 8 in Block 9
Running with c = 40
Rows offset = (0,54)
Columns offset = (0,54)
PSNR taken 45.79032
SSIM taken 0.98980

Key which was embeded : 8
Result of extraction = 1

Optimal c value for grid = 40
-----------------------------------

Running with c = 40
Rows offset = (0,54)
Columns offset = (55,109)
PSNR taken 44.63469
SSIM taken 0.99142

Key which was embeded : 8
Result of extraction = 1

Optimal c value for grid = 40
-----------------------------------

Running with c = 40
Rows offset = (0,54)
Columns offset = (110,164)
PSNR taken 41.97054
SSIM taken 0.99230

Key which was embeded : 8
Result of extraction = 1

Optimal c value for grid = 40
-----------------------------------

Running with c = 40
Rows offset = (0,54)
Columns offset = (165,219)
PSNR taken 39.22519
SSIM taken 0.99341

Key which was embeded : 8
Result of extraction = 1

Optimal c value for grid = 40
-----------------------------------

Running with c = 40
Rows offset = (0,54)
Columns offset = (220,274)
PSNR taken 44.00780
SSIM taken 0.99311

Key which was embeded : 8
Result of extraction = 1

Optimal c value for grid = 40
-----------------------------------

Running with c = 40
Rows offset = (55,109)
Columns offset = (0,54)
PSNR taken 45.44326
SSIM taken 0.98813

Key which was embeded : 8
Result of extraction = 0

Running with c = 120
Rows offset = (55,109)
Columns offset = (0,54)
PSNR taken 35.50349
SSIM taken 0.98217

Key which was embeded : 8
Result of extraction = 0

Running with c = 80
Rows offset = (55,109)
Columns offset = (0,54)
PSNR taken 39.19045
SSIM taken 0.98372

Key which was embeded : 8
Result of extraction = 0

Running with c = 41
Rows offset = (55,109)
Columns offset = (0,54)
Key which was embeded : 8
Result of extraction = 0

Running with c = 44
Rows offset = (55,109)
Columns offset = (0,54)
Key which was embeded : 8
Result of extraction = 0

Running with c = 47
Rows offset = (55,109)
Columns offset = (0,54)
Key which was embeded : 8
Result of extraction = 0

Running with c = 50
Rows offset = (55,109)
Columns offset = (0,54)
Key which was embeded : 8
Result of extraction = 0

Running with c = 53
Rows offset = (55,109)
Columns offset = (0,54)
Key which was embeded : 8
Result of extraction = 0

Running with c = 56
Rows offset = (55,109)
Columns offset = (0,54)
Key which was embeded : 8
Result of extraction = 0

Running with c = 59
Rows offset = (55,109)
Columns offset = (0,54)
Key which was embeded : 8
Result of extraction = 0

Running with c = 62
Rows offset = (55,109)
Columns offset = (0,54)
Key which was embeded : 8
Result of extraction = 0

Running with c = 65
Rows offset = (55,109)
Columns offset = (0,54)
Key which was embeded : 8
Result of extraction = 0

Running with c = 68
Rows offset = (55,109)
Columns offset = (0,54)
Key which was embeded : 8
Result of extraction = 0

Running with c = 71
Rows offset = (55,109)
Columns offset = (0,54)
Key which was embeded : 8
Result of extraction = 0

Running with c = 74
Rows offset = (55,109)
Columns offset = (0,54)
Key which was embeded : 8
Result of extraction = 0

Running with c = 77
Rows offset = (55,109)
Columns offset = (0,54)
Key which was embeded : 8
Result of extraction = 0

Running with c = 80
Rows offset = (55,109)
Columns offset = (0,54)
Key which was embeded : 8
Result of extraction = 0

Running with c = 83
Rows offset = (55,109)
Columns offset = (0,54)
Key which was embeded : 8
Result of extraction = 0

Running with c = 86
Rows offset = (55,109)
Columns offset = (0,54)
Key which was embeded : 8
Result of extraction = 0

Running with c = 89
Rows offset = (55,109)
Columns offset = (0,54)
Key which was embeded : 8
Result of extraction = 0

Running with c = 92
Rows offset = (55,109)
Columns offset = (0,54)
Key which was embeded : 8
Result of extraction = 0

Running with c = 95
Rows offset = (55,109)
Columns offset = (0,54)
Key which was embeded : 8
Result of extraction = 0

Running with c = 98
Rows offset = (55,109)
Columns offset = (0,54)
Key which was embeded : 8
Result of extraction = 0

Running with c = 101
Rows offset = (55,109)
Columns offset = (0,54)
Key which was embeded : 8
Result of extraction = 0

Running with c = 40
Rows offset = (55,109)
Columns offset = (0,54)
Optimal c value for grid = 40
-----------------------------------

Optimal c value for grid = 40
-----------------------------------

Running with c = 40
Rows offset = (55,109)
Columns offset = (55,109)
PSNR taken 44.57171
SSIM taken 0.99070

Key which was embeded : 8
Result of extraction = 1

Optimal c value for grid = 40
-----------------------------------

Running with c = 40
Rows offset = (55,109)
Columns offset = (110,164)
PSNR taken 35.56523
SSIM taken 0.98989

Key which was embeded : 8
Result of extraction = 0

Running with c = 120
Rows offset = (55,109)
Columns offset = (110,164)
PSNR taken 31.62291
SSIM taken 0.98380

Key which was embeded : 8
Result of extraction = 0

Running with c = 80
Rows offset = (55,109)
Columns offset = (110,164)
PSNR taken 32.34612
SSIM taken 0.98545

Key which was embeded : 8
Result of extraction = 1

Optimal c value for grid = 40
-----------------------------------

Optimal c value for grid = 40
-----------------------------------

Running with c = 40
Rows offset = (55,109)
Columns offset = (165,219)
PSNR taken 43.62692
SSIM taken 0.99443

Key which was embeded : 8
Result of extraction = 1

Optimal c value for grid = 40
-----------------------------------

Running with c = 40
Rows offset = (55,109)
Columns offset = (220,274)
PSNR taken 44.13521
SSIM taken 0.99355

Key which was embeded : 8
Result of extraction = 1

Optimal c value for grid = 40
-----------------------------------

Running with c = 40
Rows offset = (110,164)
Columns offset = (0,54)
PSNR taken 45.17674
SSIM taken 0.98708

Key which was embeded : 8
Result of extraction = 0

Running with c = 120
Rows offset = (110,164)
Columns offset = (0,54)
PSNR taken 35.27180
SSIM taken 0.98173

Key which was embeded : 8
Result of extraction = 0

Running with c = 80
Rows offset = (110,164)
Columns offset = (0,54)
PSNR taken 38.91534
SSIM taken 0.98305

Key which was embeded : 8
Result of extraction = 0

Running with c = 41
Rows offset = (110,164)
Columns offset = (0,54)
Key which was embeded : 8
Result of extraction = 0

Running with c = 44
Rows offset = (110,164)
Columns offset = (0,54)
Key which was embeded : 8
Result of extraction = 0

Running with c = 47
Rows offset = (110,164)
Columns offset = (0,54)
Key which was embeded : 8
Result of extraction = 0

Running with c = 50
Rows offset = (110,164)
Columns offset = (0,54)
Key which was embeded : 8
Result of extraction = 0

Running with c = 53
Rows offset = (110,164)
Columns offset = (0,54)
Key which was embeded : 8
Result of extraction = 0

Running with c = 56
Rows offset = (110,164)
Columns offset = (0,54)
Key which was embeded : 8
Result of extraction = 0

Running with c = 59
Rows offset = (110,164)
Columns offset = (0,54)
Key which was embeded : 8
Result of extraction = 0

Running with c = 62
Rows offset = (110,164)
Columns offset = (0,54)
Key which was embeded : 8
Result of extraction = 0

Running with c = 65
Rows offset = (110,164)
Columns offset = (0,54)
Key which was embeded : 8
Result of extraction = 0

Running with c = 68
Rows offset = (110,164)
Columns offset = (0,54)
Key which was embeded : 8
Result of extraction = 0

Running with c = 71
Rows offset = (110,164)
Columns offset = (0,54)
Key which was embeded : 8
Result of extraction = 0

Running with c = 74
Rows offset = (110,164)
Columns offset = (0,54)
Key which was embeded : 8
Result of extraction = 0

Running with c = 77
Rows offset = (110,164)
Columns offset = (0,54)
Key which was embeded : 8
Result of extraction = 0

Running with c = 80
Rows offset = (110,164)
Columns offset = (0,54)
Key which was embeded : 8
Result of extraction = 0

Running with c = 83
Rows offset = (110,164)
Columns offset = (0,54)
Key which was embeded : 8
Result of extraction = 0

Running with c = 86
Rows offset = (110,164)
Columns offset = (0,54)
Key which was embeded : 8
Result of extraction = 0

Running with c = 89
Rows offset = (110,164)
Columns offset = (0,54)
Key which was embeded : 8
Result of extraction = 0

Running with c = 92
Rows offset = (110,164)
Columns offset = (0,54)
Key which was embeded : 8
Result of extraction = 0

Running with c = 95
Rows offset = (110,164)
Columns offset = (0,54)
Key which was embeded : 8
Result of extraction = 0

Running with c = 98
Rows offset = (110,164)
Columns offset = (0,54)
Key which was embeded : 8
Result of extraction = 0

Running with c = 101
Rows offset = (110,164)
Columns offset = (0,54)
Key which was embeded : 8
Result of extraction = 0

Running with c = 40
Rows offset = (110,164)
Columns offset = (0,54)
Optimal c value for grid = 40
-----------------------------------

Optimal c value for grid = 40
-----------------------------------

Running with c = 40
Rows offset = (110,164)
Columns offset = (55,109)
PSNR taken 45.02494
SSIM taken 0.99100

Key which was embeded : 8
Result of extraction = 1

Optimal c value for grid = 40
-----------------------------------

Running with c = 40
Rows offset = (110,164)
Columns offset = (110,164)
PSNR taken 34.80195
SSIM taken 0.99047

Key which was embeded : 8
Result of extraction = 1

Optimal c value for grid = 40
-----------------------------------

Running with c = 40
Rows offset = (110,164)
Columns offset = (165,219)
PSNR taken 44.17769
SSIM taken 0.99360

Key which was embeded : 8
Result of extraction = 1

Optimal c value for grid = 40
-----------------------------------

Running with c = 40
Rows offset = (110,164)
Columns offset = (220,274)
PSNR taken 44.63705
SSIM taken 0.99257

Key which was embeded : 8
Result of extraction = 1

Optimal c value for grid = 40
-----------------------------------

Running with c = 40
PSNR = 45.7903171378548
SSIM = 0.9898004212155324
[0, 0]
Finished grid movement

Rows offset = (0,54)
Columns offset = (0,54)
Embed key : 8 in Block 10
Running with c = 40
Rows offset = (0,54)
Columns offset = (0,54)
PSNR taken 44.51277
SSIM taken 0.99430

Key which was embeded : 8
Result of extraction = 1

Optimal c value for grid = 40
-----------------------------------

Running with c = 40
Rows offset = (0,54)
Columns offset = (55,109)
PSNR taken 44.60998
SSIM taken 0.99270

Key which was embeded : 8
Result of extraction = 1

Optimal c value for grid = 40
-----------------------------------

Running with c = 40
Rows offset = (0,54)
Columns offset = (110,164)
PSNR taken 43.85261
SSIM taken 0.99296

Key which was embeded : 8
Result of extraction = 1

Optimal c value for grid = 40
-----------------------------------

Running with c = 40
Rows offset = (0,54)
Columns offset = (165,219)
PSNR taken 44.16255
SSIM taken 0.99471

Key which was embeded : 8
Result of extraction = 1

Optimal c value for grid = 40
-----------------------------------

Running with c = 40
Rows offset = (0,54)
Columns offset = (220,274)
PSNR taken 38.02944
SSIM taken 0.99188

Key which was embeded : 8
Result of extraction = 1

Optimal c value for grid = 40
-----------------------------------

Running with c = 40
Rows offset = (55,109)
Columns offset = (0,54)
PSNR taken 45.18473
SSIM taken 0.99269

Key which was embeded : 8
Result of extraction = 1

Optimal c value for grid = 40
-----------------------------------

Running with c = 40
Rows offset = (55,109)
Columns offset = (55,109)
PSNR taken 44.21824
SSIM taken 0.99310

Key which was embeded : 8
Result of extraction = 1

Optimal c value for grid = 40
-----------------------------------

Running with c = 40
Rows offset = (55,109)
Columns offset = (110,164)
PSNR taken 44.58192
SSIM taken 0.99321

Key which was embeded : 8
Result of extraction = 1

Optimal c value for grid = 40
-----------------------------------

Running with c = 40
Rows offset = (55,109)
Columns offset = (165,219)
PSNR taken 44.04172
SSIM taken 0.99314

Key which was embeded : 8
Result of extraction = 1

Optimal c value for grid = 40
-----------------------------------

Running with c = 40
Rows offset = (55,109)
Columns offset = (220,274)
PSNR taken 34.20040
SSIM taken 0.98830

Key which was embeded : 8
Result of extraction = 1

Optimal c value for grid = 40
-----------------------------------

Running with c = 40
Rows offset = (110,164)
Columns offset = (0,54)
PSNR taken 45.07613
SSIM taken 0.99296

Key which was embeded : 8
Result of extraction = 1

Optimal c value for grid = 40
-----------------------------------

Running with c = 40
Rows offset = (110,164)
Columns offset = (55,109)
PSNR taken 45.04972
SSIM taken 0.99336

Key which was embeded : 8
Result of extraction = 1

Optimal c value for grid = 40
-----------------------------------

Running with c = 40
Rows offset = (110,164)
Columns offset = (110,164)
PSNR taken 44.17329
SSIM taken 0.99246

Key which was embeded : 8
Result of extraction = 1

Optimal c value for grid = 40
-----------------------------------

Running with c = 40
Rows offset = (110,164)
Columns offset = (165,219)
PSNR taken 44.03350
SSIM taken 0.99307

Key which was embeded : 8
Result of extraction = 1

Optimal c value for grid = 40
-----------------------------------

Running with c = 40
Rows offset = (110,164)
Columns offset = (220,274)
PSNR taken 34.78781
SSIM taken 0.98933

Key which was embeded : 8
Result of extraction = 0

Running with c = 120
Rows offset = (110,164)
Columns offset = (220,274)
PSNR taken 30.97805
SSIM taken 0.98278

Key which was embeded : 8
Result of extraction = 0

Running with c = 80
Rows offset = (110,164)
Columns offset = (220,274)
PSNR taken 32.21960
SSIM taken 0.98483

Key which was embeded : 8
Result of extraction = 1

Optimal c value for grid = 40
-----------------------------------

Optimal c value for grid = 40
-----------------------------------

Running with c = 40
PSNR = 45.18472546679366
SSIM = 0.9926892427897064
[55, 0]
Finished grid movement

Rows offset = (55,109)
Columns offset = (0,54)
Embed key : 12 in Block 11
Running with c = 40
Rows offset = (0,54)
Columns offset = (0,54)
PSNR taken 31.16670
SSIM taken 0.98487

Key which was embeded : 12
Result of extraction = 0

Running with c = 120
Rows offset = (0,54)
Columns offset = (0,54)
PSNR taken 28.86343
SSIM taken 0.98262

Key which was embeded : 12
Result of extraction = 1

Running with c = 80
Rows offset = (0,54)
Columns offset = (0,54)
PSNR taken 29.34529
SSIM taken 0.98280

Key which was embeded : 12
Result of extraction = 1

Optimal c value for grid = 40
-----------------------------------

Optimal c value for grid = 40
-----------------------------------

Running with c = 40
Rows offset = (0,54)
Columns offset = (55,109)
PSNR taken 35.65687
SSIM taken 0.98866

Key which was embeded : 12
Result of extraction = 0

Running with c = 120
Rows offset = (0,54)
Columns offset = (55,109)
PSNR taken 30.31666
SSIM taken 0.98272

Key which was embeded : 12
Result of extraction = 0

Running with c = 80
Rows offset = (0,54)
Columns offset = (55,109)
PSNR taken 31.46055
SSIM taken 0.98355

Key which was embeded : 12
Result of extraction = 0

Running with c = 41
Rows offset = (0,54)
Columns offset = (55,109)
Key which was embeded : 12
Result of extraction = 0

Running with c = 44
Rows offset = (0,54)
Columns offset = (55,109)
Key which was embeded : 12
Result of extraction = 0

Running with c = 47
Rows offset = (0,54)
Columns offset = (55,109)
Key which was embeded : 12
Result of extraction = 0

Running with c = 50
Rows offset = (0,54)
Columns offset = (55,109)
Key which was embeded : 12
Result of extraction = 0

Running with c = 53
Rows offset = (0,54)
Columns offset = (55,109)
Key which was embeded : 12
Result of extraction = 0

Running with c = 56
Rows offset = (0,54)
Columns offset = (55,109)
Key which was embeded : 12
Result of extraction = 0

Running with c = 59
Rows offset = (0,54)
Columns offset = (55,109)
Key which was embeded : 12
Result of extraction = 0

Running with c = 62
Rows offset = (0,54)
Columns offset = (55,109)
Key which was embeded : 12
Result of extraction = 0

Running with c = 65
Rows offset = (0,54)
Columns offset = (55,109)
Key which was embeded : 12
Result of extraction = 0

Running with c = 68
Rows offset = (0,54)
Columns offset = (55,109)
Key which was embeded : 12
Result of extraction = 0

Running with c = 71
Rows offset = (0,54)
Columns offset = (55,109)
Key which was embeded : 12
Result of extraction = 0

Running with c = 74
Rows offset = (0,54)
Columns offset = (55,109)
Key which was embeded : 12
Result of extraction = 0

Running with c = 77
Rows offset = (0,54)
Columns offset = (55,109)
Key which was embeded : 12
Result of extraction = 0

Running with c = 80
Rows offset = (0,54)
Columns offset = (55,109)
Key which was embeded : 12
Result of extraction = 0

Running with c = 83
Rows offset = (0,54)
Columns offset = (55,109)
Key which was embeded : 12
Result of extraction = 0

Running with c = 86
Rows offset = (0,54)
Columns offset = (55,109)
Key which was embeded : 12
Result of extraction = 0

Running with c = 89
Rows offset = (0,54)
Columns offset = (55,109)
Key which was embeded : 12
Result of extraction = 0

Running with c = 92
Rows offset = (0,54)
Columns offset = (55,109)
Key which was embeded : 12
Result of extraction = 1

Optimal c value for grid = 92
-----------------------------------

Optimal c value for grid = 92
-----------------------------------

Running with c = 40
Rows offset = (0,54)
Columns offset = (110,164)
PSNR taken 44.06014
SSIM taken 0.99409

Key which was embeded : 12
Result of extraction = 1

Optimal c value for grid = 40
-----------------------------------

Running with c = 40
Rows offset = (0,54)
Columns offset = (165,219)
PSNR taken 43.11230
SSIM taken 0.99408

Key which was embeded : 12
Result of extraction = 0

Running with c = 120
Rows offset = (0,54)
Columns offset = (165,219)
PSNR taken 33.24333
SSIM taken 0.98511

Key which was embeded : 12
Result of extraction = 0

Running with c = 80
Rows offset = (0,54)
Columns offset = (165,219)
PSNR taken 36.21111
SSIM taken 0.98806

Key which was embeded : 12
Result of extraction = 0

Running with c = 41
Rows offset = (0,54)
Columns offset = (165,219)
Key which was embeded : 12
Result of extraction = 0

Running with c = 44
Rows offset = (0,54)
Columns offset = (165,219)
Key which was embeded : 12
Result of extraction = 0

Running with c = 47
Rows offset = (0,54)
Columns offset = (165,219)
Key which was embeded : 12
Result of extraction = 0

Running with c = 50
Rows offset = (0,54)
Columns offset = (165,219)
Key which was embeded : 12
Result of extraction = 0

Running with c = 53
Rows offset = (0,54)
Columns offset = (165,219)
Key which was embeded : 12
Result of extraction = 0

Running with c = 56
Rows offset = (0,54)
Columns offset = (165,219)
Key which was embeded : 12
Result of extraction = 0

Running with c = 59
Rows offset = (0,54)
Columns offset = (165,219)
Key which was embeded : 12
Result of extraction = 0

Running with c = 62
Rows offset = (0,54)
Columns offset = (165,219)
Key which was embeded : 12
Result of extraction = 0

Running with c = 65
Rows offset = (0,54)
Columns offset = (165,219)
Key which was embeded : 12
Result of extraction = 0

Running with c = 68
Rows offset = (0,54)
Columns offset = (165,219)
Key which was embeded : 12
Result of extraction = 0

Running with c = 71
Rows offset = (0,54)
Columns offset = (165,219)
Key which was embeded : 12
Result of extraction = 1

Optimal c value for grid = 71
-----------------------------------

Optimal c value for grid = 71
-----------------------------------

Running with c = 40
Rows offset = (0,54)
Columns offset = (220,274)
PSNR taken 44.01139
SSIM taken 0.99391

Key which was embeded : 12
Result of extraction = 1

Optimal c value for grid = 40
-----------------------------------

Running with c = 40
Rows offset = (55,109)
Columns offset = (0,54)
PSNR taken 30.64419
SSIM taken 0.98392

Key which was embeded : 12
Result of extraction = 1

Optimal c value for grid = 40
-----------------------------------

Running with c = 40
Rows offset = (55,109)
Columns offset = (55,109)
PSNR taken 34.78503
SSIM taken 0.98590

Key which was embeded : 12
Result of extraction = 0

Running with c = 120
Rows offset = (55,109)
Columns offset = (55,109)
PSNR taken 29.55762
SSIM taken 0.98071

Key which was embeded : 12
Result of extraction = 0

Running with c = 80
Rows offset = (55,109)
Columns offset = (55,109)
PSNR taken 30.48176
SSIM taken 0.98134

Key which was embeded : 12
Result of extraction = 0

Running with c = 41
Rows offset = (55,109)
Columns offset = (55,109)
Key which was embeded : 12
Result of extraction = 0

Running with c = 44
Rows offset = (55,109)
Columns offset = (55,109)
Key which was embeded : 12
Result of extraction = 1

Optimal c value for grid = 44
-----------------------------------

Optimal c value for grid = 44
-----------------------------------

Running with c = 40
Rows offset = (55,109)
Columns offset = (110,164)
PSNR taken 42.78920
SSIM taken 0.99259

Key which was embeded : 12
Result of extraction = 1

Optimal c value for grid = 40
-----------------------------------

Running with c = 40
Rows offset = (55,109)
Columns offset = (165,219)
PSNR taken 42.87820
SSIM taken 0.99271

Key which was embeded : 12
Result of extraction = 0

Running with c = 120
Rows offset = (55,109)
Columns offset = (165,219)
PSNR taken 32.03930
SSIM taken 0.98215

Key which was embeded : 12
Result of extraction = 0

Running with c = 80
Rows offset = (55,109)
Columns offset = (165,219)
PSNR taken 34.63919
SSIM taken 0.98494

Key which was embeded : 12
Result of extraction = 0

Running with c = 41
Rows offset = (55,109)
Columns offset = (165,219)
Key which was embeded : 12
Result of extraction = 0

Running with c = 44
Rows offset = (55,109)
Columns offset = (165,219)
Key which was embeded : 12
Result of extraction = 0

Running with c = 47
Rows offset = (55,109)
Columns offset = (165,219)
Key which was embeded : 12
Result of extraction = 0

Running with c = 50
Rows offset = (55,109)
Columns offset = (165,219)
Key which was embeded : 12
Result of extraction = 0

Running with c = 53
Rows offset = (55,109)
Columns offset = (165,219)
Key which was embeded : 12
Result of extraction = 0

Running with c = 56
Rows offset = (55,109)
Columns offset = (165,219)
Key which was embeded : 12
Result of extraction = 0

Running with c = 59
Rows offset = (55,109)
Columns offset = (165,219)
Key which was embeded : 12
Result of extraction = 0

Running with c = 62
Rows offset = (55,109)
Columns offset = (165,219)
Key which was embeded : 12
Result of extraction = 0

Running with c = 65
Rows offset = (55,109)
Columns offset = (165,219)
Key which was embeded : 12
Result of extraction = 0

Running with c = 68
Rows offset = (55,109)
Columns offset = (165,219)
Key which was embeded : 12
Result of extraction = 0

Running with c = 71
Rows offset = (55,109)
Columns offset = (165,219)
Key which was embeded : 12
Result of extraction = 0

Running with c = 74
Rows offset = (55,109)
Columns offset = (165,219)
Key which was embeded : 12
Result of extraction = 0

Running with c = 77
Rows offset = (55,109)
Columns offset = (165,219)
Key which was embeded : 12
Result of extraction = 0

Running with c = 80
Rows offset = (55,109)
Columns offset = (165,219)
Key which was embeded : 12
Result of extraction = 0

Running with c = 83
Rows offset = (55,109)
Columns offset = (165,219)
Key which was embeded : 12
Result of extraction = 0

Running with c = 86
Rows offset = (55,109)
Columns offset = (165,219)
Key which was embeded : 12
Result of extraction = 0

Running with c = 89
Rows offset = (55,109)
Columns offset = (165,219)
Key which was embeded : 12
Result of extraction = 0

Running with c = 92
Rows offset = (55,109)
Columns offset = (165,219)
Key which was embeded : 12
Result of extraction = 0

Running with c = 95
Rows offset = (55,109)
Columns offset = (165,219)
Key which was embeded : 12
Result of extraction = 0

Running with c = 98
Rows offset = (55,109)
Columns offset = (165,219)
Key which was embeded : 12
Result of extraction = 0

Running with c = 101
Rows offset = (55,109)
Columns offset = (165,219)
Key which was embeded : 12
Result of extraction = 0

Running with c = 40
Rows offset = (55,109)
Columns offset = (165,219)
Optimal c value for grid = 40
-----------------------------------

Optimal c value for grid = 40
-----------------------------------

Running with c = 40
Rows offset = (55,109)
Columns offset = (220,274)
PSNR taken 42.96077
SSIM taken 0.99242

Key which was embeded : 12
Result of extraction = 1

Optimal c value for grid = 40
-----------------------------------

Running with c = 40
Rows offset = (110,164)
Columns offset = (0,54)
PSNR taken 30.07747
SSIM taken 0.98271

Key which was embeded : 12
Result of extraction = 1

Optimal c value for grid = 40
-----------------------------------

Running with c = 40
Rows offset = (110,164)
Columns offset = (55,109)
PSNR taken 33.56187
SSIM taken 0.98666

Key which was embeded : 12
Result of extraction = 0

Running with c = 120
Rows offset = (110,164)
Columns offset = (55,109)
PSNR taken 29.72148
SSIM taken 0.98158

Key which was embeded : 12
Result of extraction = 1

Running with c = 80
Rows offset = (110,164)
Columns offset = (55,109)
PSNR taken 31.28917
SSIM taken 0.98367

Key which was embeded : 12
Result of extraction = 0

Running with c = 41
Rows offset = (110,164)
Columns offset = (55,109)
Key which was embeded : 12
Result of extraction = 0

Running with c = 44
Rows offset = (110,164)
Columns offset = (55,109)
Key which was embeded : 12
Result of extraction = 0

Running with c = 47
Rows offset = (110,164)
Columns offset = (55,109)
Key which was embeded : 12
Result of extraction = 0

Running with c = 50
Rows offset = (110,164)
Columns offset = (55,109)
Key which was embeded : 12
Result of extraction = 0

Running with c = 53
Rows offset = (110,164)
Columns offset = (55,109)
Key which was embeded : 12
Result of extraction = 0

Running with c = 56
Rows offset = (110,164)
Columns offset = (55,109)
Key which was embeded : 12
Result of extraction = 0

Running with c = 59
Rows offset = (110,164)
Columns offset = (55,109)
Key which was embeded : 12
Result of extraction = 0

Running with c = 62
Rows offset = (110,164)
Columns offset = (55,109)
Key which was embeded : 12
Result of extraction = 0

Running with c = 65
Rows offset = (110,164)
Columns offset = (55,109)
Key which was embeded : 12
Result of extraction = 0

Running with c = 68
Rows offset = (110,164)
Columns offset = (55,109)
Key which was embeded : 12
Result of extraction = 0

Running with c = 71
Rows offset = (110,164)
Columns offset = (55,109)
Key which was embeded : 12
Result of extraction = 0

Running with c = 74
Rows offset = (110,164)
Columns offset = (55,109)
Key which was embeded : 12
Result of extraction = 0

Running with c = 77
Rows offset = (110,164)
Columns offset = (55,109)
Key which was embeded : 12
Result of extraction = 0

Running with c = 80
Rows offset = (110,164)
Columns offset = (55,109)
Key which was embeded : 12
Result of extraction = 0

Running with c = 83
Rows offset = (110,164)
Columns offset = (55,109)
Key which was embeded : 12
Result of extraction = 0

Running with c = 86
Rows offset = (110,164)
Columns offset = (55,109)
Key which was embeded : 12
Result of extraction = 0

Running with c = 89
Rows offset = (110,164)
Columns offset = (55,109)
Key which was embeded : 12
Result of extraction = 0

Running with c = 92
Rows offset = (110,164)
Columns offset = (55,109)
Key which was embeded : 12
Result of extraction = 0

Running with c = 95
Rows offset = (110,164)
Columns offset = (55,109)
Key which was embeded : 12
Result of extraction = 0

Running with c = 98
Rows offset = (110,164)
Columns offset = (55,109)
Key which was embeded : 12
Result of extraction = 0

Running with c = 101
Rows offset = (110,164)
Columns offset = (55,109)
Key which was embeded : 12
Result of extraction = 1

Optimal c value for grid = 101
-----------------------------------

Optimal c value for grid = 101
-----------------------------------

Running with c = 40
Rows offset = (110,164)
Columns offset = (110,164)
PSNR taken 43.75690
SSIM taken 0.99308

Key which was embeded : 12
Result of extraction = 1

Optimal c value for grid = 40
-----------------------------------

Running with c = 40
Rows offset = (110,164)
Columns offset = (165,219)
PSNR taken 42.47864
SSIM taken 0.99265

Key which was embeded : 12
Result of extraction = 0

Running with c = 120
Rows offset = (110,164)
Columns offset = (165,219)
PSNR taken 32.21073
SSIM taken 0.98260

Key which was embeded : 12
Result of extraction = 0

Running with c = 80
Rows offset = (110,164)
Columns offset = (165,219)
PSNR taken 34.55075
SSIM taken 0.98502

Key which was embeded : 12
Result of extraction = 0

Running with c = 41
Rows offset = (110,164)
Columns offset = (165,219)
Key which was embeded : 12
Result of extraction = 0

Running with c = 44
Rows offset = (110,164)
Columns offset = (165,219)
Key which was embeded : 12
Result of extraction = 0

Running with c = 47
Rows offset = (110,164)
Columns offset = (165,219)
Key which was embeded : 12
Result of extraction = 0

Running with c = 50
Rows offset = (110,164)
Columns offset = (165,219)
Key which was embeded : 12
Result of extraction = 0

Running with c = 53
Rows offset = (110,164)
Columns offset = (165,219)
Key which was embeded : 12
Result of extraction = 0

Running with c = 56
Rows offset = (110,164)
Columns offset = (165,219)
Key which was embeded : 12
Result of extraction = 0

Running with c = 59
Rows offset = (110,164)
Columns offset = (165,219)
Key which was embeded : 12
Result of extraction = 0

Running with c = 62
Rows offset = (110,164)
Columns offset = (165,219)
Key which was embeded : 12
Result of extraction = 0

Running with c = 65
Rows offset = (110,164)
Columns offset = (165,219)
Key which was embeded : 12
Result of extraction = 0

Running with c = 68
Rows offset = (110,164)
Columns offset = (165,219)
Key which was embeded : 12
Result of extraction = 0

Running with c = 71
Rows offset = (110,164)
Columns offset = (165,219)
Key which was embeded : 12
Result of extraction = 0

Running with c = 74
Rows offset = (110,164)
Columns offset = (165,219)
Key which was embeded : 12
Result of extraction = 0

Running with c = 77
Rows offset = (110,164)
Columns offset = (165,219)
Key which was embeded : 12
Result of extraction = 0

Running with c = 80
Rows offset = (110,164)
Columns offset = (165,219)
Key which was embeded : 12
Result of extraction = 0

Running with c = 83
Rows offset = (110,164)
Columns offset = (165,219)
Key which was embeded : 12
Result of extraction = 0

Running with c = 86
Rows offset = (110,164)
Columns offset = (165,219)
Key which was embeded : 12
Result of extraction = 0

Running with c = 89
Rows offset = (110,164)
Columns offset = (165,219)
Key which was embeded : 12
Result of extraction = 0

Running with c = 92
Rows offset = (110,164)
Columns offset = (165,219)
Key which was embeded : 12
Result of extraction = 0

Running with c = 95
Rows offset = (110,164)
Columns offset = (165,219)
Key which was embeded : 12
Result of extraction = 0

Running with c = 98
Rows offset = (110,164)
Columns offset = (165,219)
Key which was embeded : 12
Result of extraction = 0

Running with c = 101
Rows offset = (110,164)
Columns offset = (165,219)
Key which was embeded : 12
Result of extraction = 0

Running with c = 40
Rows offset = (110,164)
Columns offset = (165,219)
Optimal c value for grid = 40
-----------------------------------

Optimal c value for grid = 40
-----------------------------------

Running with c = 40
Rows offset = (110,164)
Columns offset = (220,274)
PSNR taken 44.04087
SSIM taken 0.99368

Key which was embeded : 12
Result of extraction = 1

Optimal c value for grid = 40
-----------------------------------

Running with c = 40
PSNR = 44.06014189053267
SSIM = 0.9940948822005499
[0, 110]
Finished grid movement

Rows offset = (0,54)
Columns offset = (110,164)
Embed key : 13 in Block 12
Running with c = 40
Rows offset = (0,54)
Columns offset = (0,54)
PSNR taken 44.52051
SSIM taken 0.99274

Key which was embeded : 13
Result of extraction = 1

Optimal c value for grid = 40
-----------------------------------

Running with c = 40
Rows offset = (0,54)
Columns offset = (55,109)
PSNR taken 44.01580
SSIM taken 0.99364

Key which was embeded : 13
Result of extraction = 1

Optimal c value for grid = 40
-----------------------------------

Running with c = 40
Rows offset = (0,54)
Columns offset = (110,164)
PSNR taken 43.77545
SSIM taken 0.99515

Key which was embeded : 13
Result of extraction = 1

Optimal c value for grid = 40
-----------------------------------

Running with c = 40
Rows offset = (0,54)
Columns offset = (165,219)
PSNR taken 39.68836
SSIM taken 0.99214

Key which was embeded : 13
Result of extraction = 1

Optimal c value for grid = 40
-----------------------------------

Running with c = 40
Rows offset = (0,54)
Columns offset = (220,274)
PSNR taken 44.12255
SSIM taken 0.99212

Key which was embeded : 13
Result of extraction = 1

Optimal c value for grid = 40
-----------------------------------

Running with c = 40
Rows offset = (55,109)
Columns offset = (0,54)
PSNR taken 44.29736
SSIM taken 0.99304

Key which was embeded : 13
Result of extraction = 1

Optimal c value for grid = 40
-----------------------------------

Running with c = 40
Rows offset = (55,109)
Columns offset = (55,109)
PSNR taken 44.36532
SSIM taken 0.99295

Key which was embeded : 13
Result of extraction = 1

Optimal c value for grid = 40
-----------------------------------

Running with c = 40
Rows offset = (55,109)
Columns offset = (110,164)
PSNR taken 43.80075
SSIM taken 0.99349

Key which was embeded : 13
Result of extraction = 1

Optimal c value for grid = 40
-----------------------------------

Running with c = 40
Rows offset = (55,109)
Columns offset = (165,219)
PSNR taken 32.98480
SSIM taken 0.98968

Key which was embeded : 13
Result of extraction = 1

Optimal c value for grid = 40
-----------------------------------

Running with c = 40
Rows offset = (55,109)
Columns offset = (220,274)
PSNR taken 44.46401
SSIM taken 0.99107

Key which was embeded : 13
Result of extraction = 1

Optimal c value for grid = 40
-----------------------------------

Running with c = 40
Rows offset = (110,164)
Columns offset = (0,54)
PSNR taken 43.97649
SSIM taken 0.99297

Key which was embeded : 13
Result of extraction = 1

Optimal c value for grid = 40
-----------------------------------

Running with c = 40
Rows offset = (110,164)
Columns offset = (55,109)
PSNR taken 44.76774
SSIM taken 0.99300

Key which was embeded : 13
Result of extraction = 1

Optimal c value for grid = 40
-----------------------------------

Running with c = 40
Rows offset = (110,164)
Columns offset = (110,164)
PSNR taken 43.65188
SSIM taken 0.99358

Key which was embeded : 13
Result of extraction = 1

Optimal c value for grid = 40
-----------------------------------

Running with c = 40
Rows offset = (110,164)
Columns offset = (165,219)
PSNR taken 38.63779
SSIM taken 0.99195

Key which was embeded : 13
Result of extraction = 0

Running with c = 120
Rows offset = (110,164)
Columns offset = (165,219)
PSNR taken 33.80412
SSIM taken 0.98559

Key which was embeded : 13
Result of extraction = 1

Running with c = 80
Rows offset = (110,164)
Columns offset = (165,219)
PSNR taken 35.33540
SSIM taken 0.98738

Key which was embeded : 13
Result of extraction = 0

Running with c = 41
Rows offset = (110,164)
Columns offset = (165,219)
Key which was embeded : 13
Result of extraction = 0

Running with c = 44
Rows offset = (110,164)
Columns offset = (165,219)
Key which was embeded : 13
Result of extraction = 0

Running with c = 47
Rows offset = (110,164)
Columns offset = (165,219)
Key which was embeded : 13
Result of extraction = 0

Running with c = 50
Rows offset = (110,164)
Columns offset = (165,219)
Key which was embeded : 13
Result of extraction = 0

Running with c = 53
Rows offset = (110,164)
Columns offset = (165,219)
Key which was embeded : 13
Result of extraction = 0

Running with c = 56
Rows offset = (110,164)
Columns offset = (165,219)
Key which was embeded : 13
Result of extraction = 1

Optimal c value for grid = 56
-----------------------------------

Optimal c value for grid = 56
-----------------------------------

Running with c = 40
Rows offset = (110,164)
Columns offset = (220,274)
PSNR taken 44.72234
SSIM taken 0.99136

Key which was embeded : 13
Result of extraction = 1

Optimal c value for grid = 40
-----------------------------------

Running with c = 40
PSNR = 44.76773535376596
SSIM = 0.9930002752913785
[110, 55]
Finished grid movement

Rows offset = (110,164)
Columns offset = (55,109)
Embed key : 9 in Block 13
Running with c = 40
Rows offset = (0,54)
Columns offset = (0,54)
PSNR taken 44.79367
SSIM taken 0.98621

Key which was embeded : 9
Result of extraction = 0

Running with c = 120
Rows offset = (0,54)
Columns offset = (0,54)
PSNR taken 35.10705
SSIM taken 0.98144

Key which was embeded : 9
Result of extraction = 0

Running with c = 80
Rows offset = (0,54)
Columns offset = (0,54)
PSNR taken 38.68972
SSIM taken 0.98254

Key which was embeded : 9
Result of extraction = 0

Running with c = 41
Rows offset = (0,54)
Columns offset = (0,54)
Key which was embeded : 9
Result of extraction = 0

Running with c = 44
Rows offset = (0,54)
Columns offset = (0,54)
Key which was embeded : 9
Result of extraction = 0

Running with c = 47
Rows offset = (0,54)
Columns offset = (0,54)
Key which was embeded : 9
Result of extraction = 0

Running with c = 50
Rows offset = (0,54)
Columns offset = (0,54)
Key which was embeded : 9
Result of extraction = 0

Running with c = 53
Rows offset = (0,54)
Columns offset = (0,54)
Key which was embeded : 9
Result of extraction = 0

Running with c = 56
Rows offset = (0,54)
Columns offset = (0,54)
Key which was embeded : 9
Result of extraction = 0

Running with c = 59
Rows offset = (0,54)
Columns offset = (0,54)
Key which was embeded : 9
Result of extraction = 0

Running with c = 62
Rows offset = (0,54)
Columns offset = (0,54)
Key which was embeded : 9
Result of extraction = 0

Running with c = 65
Rows offset = (0,54)
Columns offset = (0,54)
Key which was embeded : 9
Result of extraction = 0

Running with c = 68
Rows offset = (0,54)
Columns offset = (0,54)
Key which was embeded : 9
Result of extraction = 0

Running with c = 71
Rows offset = (0,54)
Columns offset = (0,54)
Key which was embeded : 9
Result of extraction = 0

Running with c = 74
Rows offset = (0,54)
Columns offset = (0,54)
Key which was embeded : 9
Result of extraction = 0

Running with c = 77
Rows offset = (0,54)
Columns offset = (0,54)
Key which was embeded : 9
Result of extraction = 0

Running with c = 80
Rows offset = (0,54)
Columns offset = (0,54)
Key which was embeded : 9
Result of extraction = 0

Running with c = 83
Rows offset = (0,54)
Columns offset = (0,54)
Key which was embeded : 9
Result of extraction = 0

Running with c = 86
Rows offset = (0,54)
Columns offset = (0,54)
Key which was embeded : 9
Result of extraction = 0

Running with c = 89
Rows offset = (0,54)
Columns offset = (0,54)
Key which was embeded : 9
Result of extraction = 0

Running with c = 92
Rows offset = (0,54)
Columns offset = (0,54)
Key which was embeded : 9
Result of extraction = 0

Running with c = 95
Rows offset = (0,54)
Columns offset = (0,54)
Key which was embeded : 9
Result of extraction = 0

Running with c = 98
Rows offset = (0,54)
Columns offset = (0,54)
Key which was embeded : 9
Result of extraction = 0

Running with c = 101
Rows offset = (0,54)
Columns offset = (0,54)
Key which was embeded : 9
Result of extraction = 0

Running with c = 40
Rows offset = (0,54)
Columns offset = (0,54)
Optimal c value for grid = 40
-----------------------------------

Optimal c value for grid = 40
-----------------------------------

Running with c = 40
Rows offset = (0,54)
Columns offset = (55,109)
PSNR taken 44.92346
SSIM taken 0.99216

Key which was embeded : 9
Result of extraction = 1

Optimal c value for grid = 40
-----------------------------------

Running with c = 40
Rows offset = (0,54)
Columns offset = (110,164)
PSNR taken 40.25533
SSIM taken 0.99305

Key which was embeded : 9
Result of extraction = 1

Optimal c value for grid = 40
-----------------------------------

Running with c = 40
Rows offset = (0,54)
Columns offset = (165,219)
PSNR taken 44.93306
SSIM taken 0.99293

Key which was embeded : 9
Result of extraction = 1

Optimal c value for grid = 40
-----------------------------------

Running with c = 40
Rows offset = (0,54)
Columns offset = (220,274)
PSNR taken 45.06041
SSIM taken 0.99281

Key which was embeded : 9
Result of extraction = 1

Optimal c value for grid = 40
-----------------------------------

Running with c = 40
Rows offset = (55,109)
Columns offset = (0,54)
PSNR taken 44.77434
SSIM taken 0.98481

Key which was embeded : 9
Result of extraction = 0

Running with c = 120
Rows offset = (55,109)
Columns offset = (0,54)
PSNR taken 35.09229
SSIM taken 0.98006

Key which was embeded : 9
Result of extraction = 0

Running with c = 80
Rows offset = (55,109)
Columns offset = (0,54)
PSNR taken 38.67997
SSIM taken 0.98113

Key which was embeded : 9
Result of extraction = 0

Running with c = 41
Rows offset = (55,109)
Columns offset = (0,54)
Key which was embeded : 9
Result of extraction = 0

Running with c = 44
Rows offset = (55,109)
Columns offset = (0,54)
Key which was embeded : 9
Result of extraction = 0

Running with c = 47
Rows offset = (55,109)
Columns offset = (0,54)
Key which was embeded : 9
Result of extraction = 0

Running with c = 50
Rows offset = (55,109)
Columns offset = (0,54)
Key which was embeded : 9
Result of extraction = 0

Running with c = 53
Rows offset = (55,109)
Columns offset = (0,54)
Key which was embeded : 9
Result of extraction = 0

Running with c = 56
Rows offset = (55,109)
Columns offset = (0,54)
Key which was embeded : 9
Result of extraction = 0

Running with c = 59
Rows offset = (55,109)
Columns offset = (0,54)
Key which was embeded : 9
Result of extraction = 0

Running with c = 62
Rows offset = (55,109)
Columns offset = (0,54)
Key which was embeded : 9
Result of extraction = 0

Running with c = 65
Rows offset = (55,109)
Columns offset = (0,54)
Key which was embeded : 9
Result of extraction = 0

Running with c = 68
Rows offset = (55,109)
Columns offset = (0,54)
Key which was embeded : 9
Result of extraction = 0

Running with c = 71
Rows offset = (55,109)
Columns offset = (0,54)
Key which was embeded : 9
Result of extraction = 0

Running with c = 74
Rows offset = (55,109)
Columns offset = (0,54)
Key which was embeded : 9
Result of extraction = 0

Running with c = 77
Rows offset = (55,109)
Columns offset = (0,54)
Key which was embeded : 9
Result of extraction = 0

Running with c = 80
Rows offset = (55,109)
Columns offset = (0,54)
Key which was embeded : 9
Result of extraction = 0

Running with c = 83
Rows offset = (55,109)
Columns offset = (0,54)
Key which was embeded : 9
Result of extraction = 0

Running with c = 86
Rows offset = (55,109)
Columns offset = (0,54)
Key which was embeded : 9
Result of extraction = 0

Running with c = 89
Rows offset = (55,109)
Columns offset = (0,54)
Key which was embeded : 9
Result of extraction = 0

Running with c = 92
Rows offset = (55,109)
Columns offset = (0,54)
Key which was embeded : 9
Result of extraction = 0

Running with c = 95
Rows offset = (55,109)
Columns offset = (0,54)
Key which was embeded : 9
Result of extraction = 0

Running with c = 98
Rows offset = (55,109)
Columns offset = (0,54)
Key which was embeded : 9
Result of extraction = 0

Running with c = 101
Rows offset = (55,109)
Columns offset = (0,54)
Key which was embeded : 9
Result of extraction = 0

Running with c = 40
Rows offset = (55,109)
Columns offset = (0,54)
Optimal c value for grid = 40
-----------------------------------

Optimal c value for grid = 40
-----------------------------------

Running with c = 40
Rows offset = (55,109)
Columns offset = (55,109)
PSNR taken 44.77971
SSIM taken 0.99201

Key which was embeded : 9
Result of extraction = 1

Optimal c value for grid = 40
-----------------------------------

Running with c = 40
Rows offset = (55,109)
Columns offset = (110,164)
PSNR taken 45.01595
SSIM taken 0.99324

Key which was embeded : 9
Result of extraction = 1

Optimal c value for grid = 40
-----------------------------------

Running with c = 40
Rows offset = (55,109)
Columns offset = (165,219)
PSNR taken 44.12509
SSIM taken 0.99321

Key which was embeded : 9
Result of extraction = 1

Optimal c value for grid = 40
-----------------------------------

Running with c = 40
Rows offset = (55,109)
Columns offset = (220,274)
PSNR taken 43.91739
SSIM taken 0.99270

Key which was embeded : 9
Result of extraction = 1

Optimal c value for grid = 40
-----------------------------------

Running with c = 40
Rows offset = (110,164)
Columns offset = (0,54)
PSNR taken 44.73836
SSIM taken 0.98449

Key which was embeded : 9
Result of extraction = 0

Running with c = 120
Rows offset = (110,164)
Columns offset = (0,54)
PSNR taken 35.08195
SSIM taken 0.97992

Key which was embeded : 9
Result of extraction = 0

Running with c = 80
Rows offset = (110,164)
Columns offset = (0,54)
PSNR taken 38.65821
SSIM taken 0.98092

Key which was embeded : 9
Result of extraction = 0

Running with c = 41
Rows offset = (110,164)
Columns offset = (0,54)
Key which was embeded : 9
Result of extraction = 0

Running with c = 44
Rows offset = (110,164)
Columns offset = (0,54)
Key which was embeded : 9
Result of extraction = 0

Running with c = 47
Rows offset = (110,164)
Columns offset = (0,54)
Key which was embeded : 9
Result of extraction = 0

Running with c = 50
Rows offset = (110,164)
Columns offset = (0,54)
Key which was embeded : 9
Result of extraction = 0

Running with c = 53
Rows offset = (110,164)
Columns offset = (0,54)
Key which was embeded : 9
Result of extraction = 0

Running with c = 56
Rows offset = (110,164)
Columns offset = (0,54)
Key which was embeded : 9
Result of extraction = 0

Running with c = 59
Rows offset = (110,164)
Columns offset = (0,54)
Key which was embeded : 9
Result of extraction = 0

Running with c = 62
Rows offset = (110,164)
Columns offset = (0,54)
Key which was embeded : 9
Result of extraction = 0

Running with c = 65
Rows offset = (110,164)
Columns offset = (0,54)
Key which was embeded : 9
Result of extraction = 0

Running with c = 68
Rows offset = (110,164)
Columns offset = (0,54)
Key which was embeded : 9
Result of extraction = 0

Running with c = 71
Rows offset = (110,164)
Columns offset = (0,54)
Key which was embeded : 9
Result of extraction = 0

Running with c = 74
Rows offset = (110,164)
Columns offset = (0,54)
Key which was embeded : 9
Result of extraction = 0

Running with c = 77
Rows offset = (110,164)
Columns offset = (0,54)
Key which was embeded : 9
Result of extraction = 0

Running with c = 80
Rows offset = (110,164)
Columns offset = (0,54)
Key which was embeded : 9
Result of extraction = 0

Running with c = 83
Rows offset = (110,164)
Columns offset = (0,54)
Key which was embeded : 9
Result of extraction = 0

Running with c = 86
Rows offset = (110,164)
Columns offset = (0,54)
Key which was embeded : 9
Result of extraction = 0

Running with c = 89
Rows offset = (110,164)
Columns offset = (0,54)
Key which was embeded : 9
Result of extraction = 0

Running with c = 92
Rows offset = (110,164)
Columns offset = (0,54)
Key which was embeded : 9
Result of extraction = 0

Running with c = 95
Rows offset = (110,164)
Columns offset = (0,54)
Key which was embeded : 9
Result of extraction = 0

Running with c = 98
Rows offset = (110,164)
Columns offset = (0,54)
Key which was embeded : 9
Result of extraction = 0

Running with c = 101
Rows offset = (110,164)
Columns offset = (0,54)
Key which was embeded : 9
Result of extraction = 0

Running with c = 40
Rows offset = (110,164)
Columns offset = (0,54)
Optimal c value for grid = 40
-----------------------------------

Optimal c value for grid = 40
-----------------------------------

Running with c = 40
Rows offset = (110,164)
Columns offset = (55,109)
PSNR taken 44.89574
SSIM taken 0.99260

Key which was embeded : 9
Result of extraction = 1

Optimal c value for grid = 40
-----------------------------------

Running with c = 40
Rows offset = (110,164)
Columns offset = (110,164)
PSNR taken 43.91471
SSIM taken 0.99294

Key which was embeded : 9
Result of extraction = 1

Optimal c value for grid = 40
-----------------------------------

Running with c = 40
Rows offset = (110,164)
Columns offset = (165,219)
PSNR taken 44.27229
SSIM taken 0.99204

Key which was embeded : 9
Result of extraction = 1

Optimal c value for grid = 40
-----------------------------------

Running with c = 40
Rows offset = (110,164)
Columns offset = (220,274)
PSNR taken 42.22658
SSIM taken 0.99219

Key which was embeded : 9
Result of extraction = 1

Optimal c value for grid = 40
-----------------------------------

Running with c = 40
PSNR = 45.06041410539293
SSIM = 0.9928106335342116
[0, 220]
Finished grid movement

Rows offset = (0,54)
Columns offset = (220,274)
Embed key : 10 in Block 14
Running with c = 40
Rows offset = (0,54)
Columns offset = (0,54)
PSNR taken 44.90280
SSIM taken 0.99400

Key which was embeded : 10
Result of extraction = 1

Optimal c value for grid = 40
-----------------------------------

Running with c = 40
Rows offset = (0,54)
Columns offset = (55,109)
PSNR taken 44.43981
SSIM taken 0.99420

Key which was embeded : 10
Result of extraction = 1

Optimal c value for grid = 40
-----------------------------------

Running with c = 40
Rows offset = (0,54)
Columns offset = (110,164)
PSNR taken 44.23170
SSIM taken 0.99413

Key which was embeded : 10
Result of extraction = 1

Optimal c value for grid = 40
-----------------------------------

Running with c = 40
Rows offset = (0,54)
Columns offset = (165,219)
PSNR taken 43.96122
SSIM taken 0.99440

Key which was embeded : 10
Result of extraction = 1

Optimal c value for grid = 40
-----------------------------------

Running with c = 40
Rows offset = (0,54)
Columns offset = (220,274)
PSNR taken 32.64438
SSIM taken 0.98677

Key which was embeded : 10
Result of extraction = 1

Optimal c value for grid = 40
-----------------------------------

Running with c = 40
Rows offset = (55,109)
Columns offset = (0,54)
PSNR taken 42.12096
SSIM taken 0.99282

Key which was embeded : 10
Result of extraction = 1

Optimal c value for grid = 40
-----------------------------------

Running with c = 40
Rows offset = (55,109)
Columns offset = (55,109)
PSNR taken 39.41190
SSIM taken 0.99073

Key which was embeded : 10
Result of extraction = 0

Running with c = 120
Rows offset = (55,109)
Columns offset = (55,109)
PSNR taken 31.67828
SSIM taken 0.98190

Key which was embeded : 10
Result of extraction = 1

Running with c = 80
Rows offset = (55,109)
Columns offset = (55,109)
PSNR taken 32.95644
SSIM taken 0.98369

Key which was embeded : 10
Result of extraction = 0

Running with c = 41
Rows offset = (55,109)
Columns offset = (55,109)
Key which was embeded : 10
Result of extraction = 0

Running with c = 44
Rows offset = (55,109)
Columns offset = (55,109)
Key which was embeded : 10
Result of extraction = 0

Running with c = 47
Rows offset = (55,109)
Columns offset = (55,109)
Key which was embeded : 10
Result of extraction = 0

Running with c = 50
Rows offset = (55,109)
Columns offset = (55,109)
Key which was embeded : 10
Result of extraction = 0

Running with c = 53
Rows offset = (55,109)
Columns offset = (55,109)
Key which was embeded : 10
Result of extraction = 0

Running with c = 56
Rows offset = (55,109)
Columns offset = (55,109)
Key which was embeded : 10
Result of extraction = 0

Running with c = 59
Rows offset = (55,109)
Columns offset = (55,109)
Key which was embeded : 10
Result of extraction = 0

Running with c = 62
Rows offset = (55,109)
Columns offset = (55,109)
Key which was embeded : 10
Result of extraction = 0

Running with c = 65
Rows offset = (55,109)
Columns offset = (55,109)
Key which was embeded : 10
Result of extraction = 0

Running with c = 68
Rows offset = (55,109)
Columns offset = (55,109)
Key which was embeded : 10
Result of extraction = 0

Running with c = 71
Rows offset = (55,109)
Columns offset = (55,109)
Key which was embeded : 10
Result of extraction = 0

Running with c = 74
Rows offset = (55,109)
Columns offset = (55,109)
Key which was embeded : 10
Result of extraction = 0

Running with c = 77
Rows offset = (55,109)
Columns offset = (55,109)
Key which was embeded : 10
Result of extraction = 0

Running with c = 80
Rows offset = (55,109)
Columns offset = (55,109)
Key which was embeded : 10
Result of extraction = 0

Running with c = 83
Rows offset = (55,109)
Columns offset = (55,109)
Key which was embeded : 10
Result of extraction = 1

Optimal c value for grid = 83
-----------------------------------

Optimal c value for grid = 83
-----------------------------------

Running with c = 40
Rows offset = (55,109)
Columns offset = (110,164)
PSNR taken 40.76286
SSIM taken 0.99169

Key which was embeded : 10
Result of extraction = 0

Running with c = 120
Rows offset = (55,109)
Columns offset = (110,164)
PSNR taken 31.27126
SSIM taken 0.98141

Key which was embeded : 10
Result of extraction = 1

Running with c = 80
Rows offset = (55,109)
Columns offset = (110,164)
PSNR taken 33.97999
SSIM taken 0.98397

Key which was embeded : 10
Result of extraction = 0

Running with c = 41
Rows offset = (55,109)
Columns offset = (110,164)
Key which was embeded : 10
Result of extraction = 0

Running with c = 44
Rows offset = (55,109)
Columns offset = (110,164)
Key which was embeded : 10
Result of extraction = 0

Running with c = 47
Rows offset = (55,109)
Columns offset = (110,164)
Key which was embeded : 10
Result of extraction = 0

Running with c = 50
Rows offset = (55,109)
Columns offset = (110,164)
Key which was embeded : 10
Result of extraction = 0

Running with c = 53
Rows offset = (55,109)
Columns offset = (110,164)
Key which was embeded : 10
Result of extraction = 0

Running with c = 56
Rows offset = (55,109)
Columns offset = (110,164)
Key which was embeded : 10
Result of extraction = 0

Running with c = 59
Rows offset = (55,109)
Columns offset = (110,164)
Key which was embeded : 10
Result of extraction = 0

Running with c = 62
Rows offset = (55,109)
Columns offset = (110,164)
Key which was embeded : 10
Result of extraction = 0

Running with c = 65
Rows offset = (55,109)
Columns offset = (110,164)
Key which was embeded : 10
Result of extraction = 0

Running with c = 68
Rows offset = (55,109)
Columns offset = (110,164)
Key which was embeded : 10
Result of extraction = 0

Running with c = 71
Rows offset = (55,109)
Columns offset = (110,164)
Key which was embeded : 10
Result of extraction = 0

Running with c = 74
Rows offset = (55,109)
Columns offset = (110,164)
Key which was embeded : 10
Result of extraction = 0

Running with c = 77
Rows offset = (55,109)
Columns offset = (110,164)
Key which was embeded : 10
Result of extraction = 0

Running with c = 80
Rows offset = (55,109)
Columns offset = (110,164)
Key which was embeded : 10
Result of extraction = 0

Running with c = 83
Rows offset = (55,109)
Columns offset = (110,164)
Key which was embeded : 10
Result of extraction = 0

Running with c = 86
Rows offset = (55,109)
Columns offset = (110,164)
Key which was embeded : 10
Result of extraction = 0

Running with c = 89
Rows offset = (55,109)
Columns offset = (110,164)
Key which was embeded : 10
Result of extraction = 0

Running with c = 92
Rows offset = (55,109)
Columns offset = (110,164)
Key which was embeded : 10
Result of extraction = 0

Running with c = 95
Rows offset = (55,109)
Columns offset = (110,164)
Key which was embeded : 10
Result of extraction = 0

Running with c = 98
Rows offset = (55,109)
Columns offset = (110,164)
Key which was embeded : 10
Result of extraction = 0

Running with c = 101
Rows offset = (55,109)
Columns offset = (110,164)
Key which was embeded : 10
Result of extraction = 0

Running with c = 104
Rows offset = (55,109)
Columns offset = (110,164)
Key which was embeded : 10
Result of extraction = 0

Running with c = 107
Rows offset = (55,109)
Columns offset = (110,164)
Key which was embeded : 10
Result of extraction = 0

Running with c = 110
Rows offset = (55,109)
Columns offset = (110,164)
Key which was embeded : 10
Result of extraction = 1

Optimal c value for grid = 110
-----------------------------------

Optimal c value for grid = 110
-----------------------------------

Running with c = 40
Rows offset = (55,109)
Columns offset = (165,219)
PSNR taken 40.79872
SSIM taken 0.99196

Key which was embeded : 10
Result of extraction = 0

Running with c = 120
Rows offset = (55,109)
Columns offset = (165,219)
PSNR taken 31.13483
SSIM taken 0.98077

Key which was embeded : 10
Result of extraction = 1

Running with c = 80
Rows offset = (55,109)
Columns offset = (165,219)
PSNR taken 33.58617
SSIM taken 0.98373

Key which was embeded : 10
Result of extraction = 0

Running with c = 41
Rows offset = (55,109)
Columns offset = (165,219)
Key which was embeded : 10
Result of extraction = 0

Running with c = 44
Rows offset = (55,109)
Columns offset = (165,219)
Key which was embeded : 10
Result of extraction = 0

Running with c = 47
Rows offset = (55,109)
Columns offset = (165,219)
Key which was embeded : 10
Result of extraction = 0

Running with c = 50
Rows offset = (55,109)
Columns offset = (165,219)
Key which was embeded : 10
Result of extraction = 0

Running with c = 53
Rows offset = (55,109)
Columns offset = (165,219)
Key which was embeded : 10
Result of extraction = 0

Running with c = 56
Rows offset = (55,109)
Columns offset = (165,219)
Key which was embeded : 10
Result of extraction = 0

Running with c = 59
Rows offset = (55,109)
Columns offset = (165,219)
Key which was embeded : 10
Result of extraction = 0

Running with c = 62
Rows offset = (55,109)
Columns offset = (165,219)
Key which was embeded : 10
Result of extraction = 0

Running with c = 65
Rows offset = (55,109)
Columns offset = (165,219)
Key which was embeded : 10
Result of extraction = 0

Running with c = 68
Rows offset = (55,109)
Columns offset = (165,219)
Key which was embeded : 10
Result of extraction = 0

Running with c = 71
Rows offset = (55,109)
Columns offset = (165,219)
Key which was embeded : 10
Result of extraction = 0

Running with c = 74
Rows offset = (55,109)
Columns offset = (165,219)
Key which was embeded : 10
Result of extraction = 0

Running with c = 77
Rows offset = (55,109)
Columns offset = (165,219)
Key which was embeded : 10
Result of extraction = 0

Running with c = 80
Rows offset = (55,109)
Columns offset = (165,219)
Key which was embeded : 10
Result of extraction = 0

Running with c = 83
Rows offset = (55,109)
Columns offset = (165,219)
Key which was embeded : 10
Result of extraction = 0

Running with c = 86
Rows offset = (55,109)
Columns offset = (165,219)
Key which was embeded : 10
Result of extraction = 0

Running with c = 89
Rows offset = (55,109)
Columns offset = (165,219)
Key which was embeded : 10
Result of extraction = 0

Running with c = 92
Rows offset = (55,109)
Columns offset = (165,219)
Key which was embeded : 10
Result of extraction = 0

Running with c = 95
Rows offset = (55,109)
Columns offset = (165,219)
Key which was embeded : 10
Result of extraction = 0

Running with c = 98
Rows offset = (55,109)
Columns offset = (165,219)
Key which was embeded : 10
Result of extraction = 0

Running with c = 101
Rows offset = (55,109)
Columns offset = (165,219)
Key which was embeded : 10
Result of extraction = 0

Running with c = 104
Rows offset = (55,109)
Columns offset = (165,219)
Key which was embeded : 10
Result of extraction = 0

Running with c = 107
Rows offset = (55,109)
Columns offset = (165,219)
Key which was embeded : 10
Result of extraction = 0

Running with c = 110
Rows offset = (55,109)
Columns offset = (165,219)
Key which was embeded : 10
Result of extraction = 0

Running with c = 113
Rows offset = (55,109)
Columns offset = (165,219)
Key which was embeded : 10
Result of extraction = 1

Optimal c value for grid = 113
-----------------------------------

Optimal c value for grid = 113
-----------------------------------

Running with c = 40
Rows offset = (55,109)
Columns offset = (220,274)
PSNR taken 30.95544
SSIM taken 0.98328

Key which was embeded : 10
Result of extraction = 0

Running with c = 120
Rows offset = (55,109)
Columns offset = (220,274)
PSNR taken 28.30388
SSIM taken 0.97928

Key which was embeded : 10
Result of extraction = 0

Running with c = 80
Rows offset = (55,109)
Columns offset = (220,274)
PSNR taken 28.68945
SSIM taken 0.97973

Key which was embeded : 10
Result of extraction = 0

Running with c = 41
Rows offset = (55,109)
Columns offset = (220,274)
Key which was embeded : 10
Result of extraction = 0

Running with c = 44
Rows offset = (55,109)
Columns offset = (220,274)
Key which was embeded : 10
Result of extraction = 0

Running with c = 47
Rows offset = (55,109)
Columns offset = (220,274)
Key which was embeded : 10
Result of extraction = 0

Running with c = 50
Rows offset = (55,109)
Columns offset = (220,274)
Key which was embeded : 10
Result of extraction = 0

Running with c = 53
Rows offset = (55,109)
Columns offset = (220,274)
Key which was embeded : 10
Result of extraction = 0

Running with c = 56
Rows offset = (55,109)
Columns offset = (220,274)
Key which was embeded : 10
Result of extraction = 0

Running with c = 59
Rows offset = (55,109)
Columns offset = (220,274)
Key which was embeded : 10
Result of extraction = 0

Running with c = 62
Rows offset = (55,109)
Columns offset = (220,274)
Key which was embeded : 10
Result of extraction = 0

Running with c = 65
Rows offset = (55,109)
Columns offset = (220,274)
Key which was embeded : 10
Result of extraction = 0

Running with c = 68
Rows offset = (55,109)
Columns offset = (220,274)
Key which was embeded : 10
Result of extraction = 0

Running with c = 71
Rows offset = (55,109)
Columns offset = (220,274)
Key which was embeded : 10
Result of extraction = 0

Running with c = 74
Rows offset = (55,109)
Columns offset = (220,274)
Key which was embeded : 10
Result of extraction = 0

Running with c = 77
Rows offset = (55,109)
Columns offset = (220,274)
Key which was embeded : 10
Result of extraction = 0

Running with c = 80
Rows offset = (55,109)
Columns offset = (220,274)
Key which was embeded : 10
Result of extraction = 0

Running with c = 83
Rows offset = (55,109)
Columns offset = (220,274)
Key which was embeded : 10
Result of extraction = 0

Running with c = 86
Rows offset = (55,109)
Columns offset = (220,274)
Key which was embeded : 10
Result of extraction = 0

Running with c = 89
Rows offset = (55,109)
Columns offset = (220,274)
Key which was embeded : 10
Result of extraction = 0

Running with c = 92
Rows offset = (55,109)
Columns offset = (220,274)
Key which was embeded : 10
Result of extraction = 0

Running with c = 95
Rows offset = (55,109)
Columns offset = (220,274)
Key which was embeded : 10
Result of extraction = 0

Running with c = 98
Rows offset = (55,109)
Columns offset = (220,274)
Key which was embeded : 10
Result of extraction = 0

Running with c = 101
Rows offset = (55,109)
Columns offset = (220,274)
Key which was embeded : 10
Result of extraction = 0

Running with c = 40
Rows offset = (55,109)
Columns offset = (220,274)
Optimal c value for grid = 40
-----------------------------------

Optimal c value for grid = 40
-----------------------------------

Running with c = 40
Rows offset = (110,164)
Columns offset = (0,54)
PSNR taken 34.60362
SSIM taken 0.98622

Key which was embeded : 10
Result of extraction = 0

Running with c = 120
Rows offset = (110,164)
Columns offset = (0,54)
PSNR taken 29.89760
SSIM taken 0.98120

Key which was embeded : 10
Result of extraction = 0

Running with c = 80
Rows offset = (110,164)
Columns offset = (0,54)
PSNR taken 30.74212
SSIM taken 0.98169

Key which was embeded : 10
Result of extraction = 0

Running with c = 41
Rows offset = (110,164)
Columns offset = (0,54)
Key which was embeded : 10
Result of extraction = 0

Running with c = 44
Rows offset = (110,164)
Columns offset = (0,54)
Key which was embeded : 10
Result of extraction = 0

Running with c = 47
Rows offset = (110,164)
Columns offset = (0,54)
Key which was embeded : 10
Result of extraction = 0

Running with c = 50
Rows offset = (110,164)
Columns offset = (0,54)
Key which was embeded : 10
Result of extraction = 0

Running with c = 53
Rows offset = (110,164)
Columns offset = (0,54)
Key which was embeded : 10
Result of extraction = 0

Running with c = 56
Rows offset = (110,164)
Columns offset = (0,54)
Key which was embeded : 10
Result of extraction = 0

Running with c = 59
Rows offset = (110,164)
Columns offset = (0,54)
Key which was embeded : 10
Result of extraction = 0

Running with c = 62
Rows offset = (110,164)
Columns offset = (0,54)
Key which was embeded : 10
Result of extraction = 0

Running with c = 65
Rows offset = (110,164)
Columns offset = (0,54)
Key which was embeded : 10
Result of extraction = 0

Running with c = 68
Rows offset = (110,164)
Columns offset = (0,54)
Key which was embeded : 10
Result of extraction = 0

Running with c = 71
Rows offset = (110,164)
Columns offset = (0,54)
Key which was embeded : 10
Result of extraction = 0

Running with c = 74
Rows offset = (110,164)
Columns offset = (0,54)
Key which was embeded : 10
Result of extraction = 0

Running with c = 77
Rows offset = (110,164)
Columns offset = (0,54)
Key which was embeded : 10
Result of extraction = 0

Running with c = 80
Rows offset = (110,164)
Columns offset = (0,54)
Key which was embeded : 10
Result of extraction = 0

Running with c = 83
Rows offset = (110,164)
Columns offset = (0,54)
Key which was embeded : 10
Result of extraction = 0

Running with c = 86
Rows offset = (110,164)
Columns offset = (0,54)
Key which was embeded : 10
Result of extraction = 0

Running with c = 89
Rows offset = (110,164)
Columns offset = (0,54)
Key which was embeded : 10
Result of extraction = 0

Running with c = 92
Rows offset = (110,164)
Columns offset = (0,54)
Key which was embeded : 10
Result of extraction = 0

Running with c = 95
Rows offset = (110,164)
Columns offset = (0,54)
Key which was embeded : 10
Result of extraction = 0

Running with c = 98
Rows offset = (110,164)
Columns offset = (0,54)
Key which was embeded : 10
Result of extraction = 0

Running with c = 101
Rows offset = (110,164)
Columns offset = (0,54)
Key which was embeded : 10
Result of extraction = 0

Running with c = 40
Rows offset = (110,164)
Columns offset = (0,54)
Optimal c value for grid = 40
-----------------------------------

Optimal c value for grid = 40
-----------------------------------

Running with c = 40
Rows offset = (110,164)
Columns offset = (55,109)
PSNR taken 32.44622
SSIM taken 0.98398

Key which was embeded : 10
Result of extraction = 0

Running with c = 120
Rows offset = (110,164)
Columns offset = (55,109)
PSNR taken 29.60936
SSIM taken 0.97991

Key which was embeded : 10
Result of extraction = 1

Running with c = 80
Rows offset = (110,164)
Columns offset = (55,109)
PSNR taken 30.28814
SSIM taken 0.98048

Key which was embeded : 10
Result of extraction = 1

Optimal c value for grid = 40
-----------------------------------

Optimal c value for grid = 40
-----------------------------------

Running with c = 40
Rows offset = (110,164)
Columns offset = (110,164)
PSNR taken 30.90866
SSIM taken 0.98460

Key which was embeded : 10
Result of extraction = 0

Running with c = 120
Rows offset = (110,164)
Columns offset = (110,164)
PSNR taken 28.81200
SSIM taken 0.97930

Key which was embeded : 10
Result of extraction = 1

Running with c = 80
Rows offset = (110,164)
Columns offset = (110,164)
PSNR taken 29.25554
SSIM taken 0.98009

Key which was embeded : 10
Result of extraction = 0

Running with c = 41
Rows offset = (110,164)
Columns offset = (110,164)
Key which was embeded : 10
Result of extraction = 0

Running with c = 44
Rows offset = (110,164)
Columns offset = (110,164)
Key which was embeded : 10
Result of extraction = 0

Running with c = 47
Rows offset = (110,164)
Columns offset = (110,164)
Key which was embeded : 10
Result of extraction = 0

Running with c = 50
Rows offset = (110,164)
Columns offset = (110,164)
Key which was embeded : 10
Result of extraction = 0

Running with c = 53
Rows offset = (110,164)
Columns offset = (110,164)
Key which was embeded : 10
Result of extraction = 0

Running with c = 56
Rows offset = (110,164)
Columns offset = (110,164)
Key which was embeded : 10
Result of extraction = 0

Running with c = 59
Rows offset = (110,164)
Columns offset = (110,164)
Key which was embeded : 10
Result of extraction = 0

Running with c = 62
Rows offset = (110,164)
Columns offset = (110,164)
Key which was embeded : 10
Result of extraction = 0

Running with c = 65
Rows offset = (110,164)
Columns offset = (110,164)
Key which was embeded : 10
Result of extraction = 0

Running with c = 68
Rows offset = (110,164)
Columns offset = (110,164)
Key which was embeded : 10
Result of extraction = 0

Running with c = 71
Rows offset = (110,164)
Columns offset = (110,164)
Key which was embeded : 10
Result of extraction = 1

Optimal c value for grid = 71
-----------------------------------

Optimal c value for grid = 71
-----------------------------------

Running with c = 40
Rows offset = (110,164)
Columns offset = (165,219)
PSNR taken 31.70892
SSIM taken 0.98334

Key which was embeded : 10
Result of extraction = 0

Running with c = 120
Rows offset = (110,164)
Columns offset = (165,219)
PSNR taken 28.87241
SSIM taken 0.97972

Key which was embeded : 10
Result of extraction = 1

Running with c = 80
Rows offset = (110,164)
Columns offset = (165,219)
PSNR taken 30.05356
SSIM taken 0.98069

Key which was embeded : 10
Result of extraction = 0

Running with c = 41
Rows offset = (110,164)
Columns offset = (165,219)
Key which was embeded : 10
Result of extraction = 0

Running with c = 44
Rows offset = (110,164)
Columns offset = (165,219)
Key which was embeded : 10
Result of extraction = 0

Running with c = 47
Rows offset = (110,164)
Columns offset = (165,219)
Key which was embeded : 10
Result of extraction = 0

Running with c = 50
Rows offset = (110,164)
Columns offset = (165,219)
Key which was embeded : 10
Result of extraction = 0

Running with c = 53
Rows offset = (110,164)
Columns offset = (165,219)
Key which was embeded : 10
Result of extraction = 0

Running with c = 56
Rows offset = (110,164)
Columns offset = (165,219)
Key which was embeded : 10
Result of extraction = 0

Running with c = 59
Rows offset = (110,164)
Columns offset = (165,219)
Key which was embeded : 10
Result of extraction = 0

Running with c = 62
Rows offset = (110,164)
Columns offset = (165,219)
Key which was embeded : 10
Result of extraction = 0

Running with c = 65
Rows offset = (110,164)
Columns offset = (165,219)
Key which was embeded : 10
Result of extraction = 0

Running with c = 68
Rows offset = (110,164)
Columns offset = (165,219)
Key which was embeded : 10
Result of extraction = 0

Running with c = 71
Rows offset = (110,164)
Columns offset = (165,219)
Key which was embeded : 10
Result of extraction = 0

Running with c = 74
Rows offset = (110,164)
Columns offset = (165,219)
Key which was embeded : 10
Result of extraction = 0

Running with c = 77
Rows offset = (110,164)
Columns offset = (165,219)
Key which was embeded : 10
Result of extraction = 0

Running with c = 80
Rows offset = (110,164)
Columns offset = (165,219)
Key which was embeded : 10
Result of extraction = 0

Running with c = 83
Rows offset = (110,164)
Columns offset = (165,219)
Key which was embeded : 10
Result of extraction = 0

Running with c = 86
Rows offset = (110,164)
Columns offset = (165,219)
Key which was embeded : 10
Result of extraction = 0

Running with c = 89
Rows offset = (110,164)
Columns offset = (165,219)
Key which was embeded : 10
Result of extraction = 0

Running with c = 92
Rows offset = (110,164)
Columns offset = (165,219)
Key which was embeded : 10
Result of extraction = 0

Running with c = 95
Rows offset = (110,164)
Columns offset = (165,219)
Key which was embeded : 10
Result of extraction = 0

Running with c = 98
Rows offset = (110,164)
Columns offset = (165,219)
Key which was embeded : 10
Result of extraction = 0

Running with c = 101
Rows offset = (110,164)
Columns offset = (165,219)
Key which was embeded : 10
Result of extraction = 0

Running with c = 104
Rows offset = (110,164)
Columns offset = (165,219)
Key which was embeded : 10
Result of extraction = 1

Optimal c value for grid = 104
-----------------------------------

Optimal c value for grid = 104
-----------------------------------

Running with c = 40
Rows offset = (110,164)
Columns offset = (220,274)
PSNR taken 28.05793
SSIM taken 0.97964

Key which was embeded : 10
Result of extraction = 1

Optimal c value for grid = 40
-----------------------------------

Running with c = 40
PSNR = 44.902798108851854
SSIM = 0.9940029310163055
[0, 0]
Finished grid movement

Rows offset = (0,54)
Columns offset = (0,54)
Embed key : 14 in Block 15
Running with c = 40
Rows offset = (0,54)
Columns offset = (0,54)
PSNR taken 28.82521
SSIM taken 0.98309

Key which was embeded : 14
Result of extraction = 1

Optimal c value for grid = 40
-----------------------------------

Running with c = 40
Rows offset = (0,54)
Columns offset = (55,109)
PSNR taken 32.81276
SSIM taken 0.98942

Key which was embeded : 14
Result of extraction = 0

Running with c = 120
Rows offset = (0,54)
Columns offset = (55,109)
PSNR taken 29.89864
SSIM taken 0.98406

Key which was embeded : 14
Result of extraction = 1

Running with c = 80
Rows offset = (0,54)
Columns offset = (55,109)
PSNR taken 30.58289
SSIM taken 0.98569

Key which was embeded : 14
Result of extraction = 1

Optimal c value for grid = 40
-----------------------------------

Optimal c value for grid = 40
-----------------------------------

Running with c = 40
Rows offset = (0,54)
Columns offset = (110,164)
PSNR taken 44.12794
SSIM taken 0.99283

Key which was embeded : 14
Result of extraction = 1

Optimal c value for grid = 40
-----------------------------------

Running with c = 40
Rows offset = (0,54)
Columns offset = (165,219)
PSNR taken 43.92575
SSIM taken 0.99352

Key which was embeded : 14
Result of extraction = 1

Optimal c value for grid = 40
-----------------------------------

Running with c = 40
Rows offset = (0,54)
Columns offset = (220,274)
PSNR taken 44.07716
SSIM taken 0.99242

Key which was embeded : 14
Result of extraction = 1

Optimal c value for grid = 40
-----------------------------------

Running with c = 40
Rows offset = (55,109)
Columns offset = (0,54)
PSNR taken 28.67625
SSIM taken 0.98176

Key which was embeded : 14
Result of extraction = 1

Optimal c value for grid = 40
-----------------------------------

Running with c = 40
Rows offset = (55,109)
Columns offset = (55,109)
PSNR taken 31.20093
SSIM taken 0.98769

Key which was embeded : 14
Result of extraction = 0

Running with c = 120
Rows offset = (55,109)
Columns offset = (55,109)
PSNR taken 30.24327
SSIM taken 0.98246

Key which was embeded : 14
Result of extraction = 0

Running with c = 80
Rows offset = (55,109)
Columns offset = (55,109)
PSNR taken 30.60751
SSIM taken 0.98396

Key which was embeded : 14
Result of extraction = 0

Running with c = 41
Rows offset = (55,109)
Columns offset = (55,109)
Key which was embeded : 14
Result of extraction = 0

Running with c = 44
Rows offset = (55,109)
Columns offset = (55,109)
Key which was embeded : 14
Result of extraction = 0

Running with c = 47
Rows offset = (55,109)
Columns offset = (55,109)
Key which was embeded : 14
Result of extraction = 0

Running with c = 50
Rows offset = (55,109)
Columns offset = (55,109)
Key which was embeded : 14
Result of extraction = 0

Running with c = 53
Rows offset = (55,109)
Columns offset = (55,109)
Key which was embeded : 14
Result of extraction = 0

Running with c = 56
Rows offset = (55,109)
Columns offset = (55,109)
Key which was embeded : 14
Result of extraction = 0

Running with c = 59
Rows offset = (55,109)
Columns offset = (55,109)
Key which was embeded : 14
Result of extraction = 0

Running with c = 62
Rows offset = (55,109)
Columns offset = (55,109)
Key which was embeded : 14
Result of extraction = 0

Running with c = 65
Rows offset = (55,109)
Columns offset = (55,109)
Key which was embeded : 14
Result of extraction = 0

Running with c = 68
Rows offset = (55,109)
Columns offset = (55,109)
Key which was embeded : 14
Result of extraction = 0

Running with c = 71
Rows offset = (55,109)
Columns offset = (55,109)
Key which was embeded : 14
Result of extraction = 0

Running with c = 74
Rows offset = (55,109)
Columns offset = (55,109)
Key which was embeded : 14
Result of extraction = 0

Running with c = 77
Rows offset = (55,109)
Columns offset = (55,109)
Key which was embeded : 14
Result of extraction = 0

Running with c = 80
Rows offset = (55,109)
Columns offset = (55,109)
Key which was embeded : 14
Result of extraction = 0

Running with c = 83
Rows offset = (55,109)
Columns offset = (55,109)
Key which was embeded : 14
Result of extraction = 0

Running with c = 86
Rows offset = (55,109)
Columns offset = (55,109)
Key which was embeded : 14
Result of extraction = 0

Running with c = 89
Rows offset = (55,109)
Columns offset = (55,109)
Key which was embeded : 14
Result of extraction = 0

Running with c = 92
Rows offset = (55,109)
Columns offset = (55,109)
Key which was embeded : 14
Result of extraction = 0

Running with c = 95
Rows offset = (55,109)
Columns offset = (55,109)
Key which was embeded : 14
Result of extraction = 0

Running with c = 98
Rows offset = (55,109)
Columns offset = (55,109)
Key which was embeded : 14
Result of extraction = 0

Running with c = 101
Rows offset = (55,109)
Columns offset = (55,109)
Key which was embeded : 14
Result of extraction = 0

Running with c = 40
Rows offset = (55,109)
Columns offset = (55,109)
Optimal c value for grid = 40
-----------------------------------

Optimal c value for grid = 40
-----------------------------------

Running with c = 40
Rows offset = (55,109)
Columns offset = (110,164)
PSNR taken 42.01938
SSIM taken 0.99302

Key which was embeded : 14
Result of extraction = 0

Running with c = 120
Rows offset = (55,109)
Columns offset = (110,164)
PSNR taken 32.31850
SSIM taken 0.98303

Key which was embeded : 14
Result of extraction = 0

Running with c = 80
Rows offset = (55,109)
Columns offset = (110,164)
PSNR taken 34.27040
SSIM taken 0.98543

Key which was embeded : 14
Result of extraction = 0

Running with c = 41
Rows offset = (55,109)
Columns offset = (110,164)
Key which was embeded : 14
Result of extraction = 0

Running with c = 44
Rows offset = (55,109)
Columns offset = (110,164)
Key which was embeded : 14
Result of extraction = 0

Running with c = 47
Rows offset = (55,109)
Columns offset = (110,164)
Key which was embeded : 14
Result of extraction = 0

Running with c = 50
Rows offset = (55,109)
Columns offset = (110,164)
Key which was embeded : 14
Result of extraction = 0

Running with c = 53
Rows offset = (55,109)
Columns offset = (110,164)
Key which was embeded : 14
Result of extraction = 0

Running with c = 56
Rows offset = (55,109)
Columns offset = (110,164)
Key which was embeded : 14
Result of extraction = 0

Running with c = 59
Rows offset = (55,109)
Columns offset = (110,164)
Key which was embeded : 14
Result of extraction = 0

Running with c = 62
Rows offset = (55,109)
Columns offset = (110,164)
Key which was embeded : 14
Result of extraction = 0

Running with c = 65
Rows offset = (55,109)
Columns offset = (110,164)
Key which was embeded : 14
Result of extraction = 0

Running with c = 68
Rows offset = (55,109)
Columns offset = (110,164)
Key which was embeded : 14
Result of extraction = 0

Running with c = 71
Rows offset = (55,109)
Columns offset = (110,164)
Key which was embeded : 14
Result of extraction = 0

Running with c = 74
Rows offset = (55,109)
Columns offset = (110,164)
Key which was embeded : 14
Result of extraction = 0

Running with c = 77
Rows offset = (55,109)
Columns offset = (110,164)
Key which was embeded : 14
Result of extraction = 0

Running with c = 80
Rows offset = (55,109)
Columns offset = (110,164)
Key which was embeded : 14
Result of extraction = 0

Running with c = 83
Rows offset = (55,109)
Columns offset = (110,164)
Key which was embeded : 14
Result of extraction = 0

Running with c = 86
Rows offset = (55,109)
Columns offset = (110,164)
Key which was embeded : 14
Result of extraction = 0

Running with c = 89
Rows offset = (55,109)
Columns offset = (110,164)
Key which was embeded : 14
Result of extraction = 0

Running with c = 92
Rows offset = (55,109)
Columns offset = (110,164)
Key which was embeded : 14
Result of extraction = 0

Running with c = 95
Rows offset = (55,109)
Columns offset = (110,164)
Key which was embeded : 14
Result of extraction = 0

Running with c = 98
Rows offset = (55,109)
Columns offset = (110,164)
Key which was embeded : 14
Result of extraction = 0

Running with c = 101
Rows offset = (55,109)
Columns offset = (110,164)
Key which was embeded : 14
Result of extraction = 0

Running with c = 40
Rows offset = (55,109)
Columns offset = (110,164)
Optimal c value for grid = 40
-----------------------------------

Optimal c value for grid = 40
-----------------------------------

Running with c = 40
Rows offset = (55,109)
Columns offset = (165,219)
PSNR taken 36.40404
SSIM taken 0.98931

Key which was embeded : 14
Result of extraction = 0

Running with c = 120
Rows offset = (55,109)
Columns offset = (165,219)
PSNR taken 30.86625
SSIM taken 0.98232

Key which was embeded : 14
Result of extraction = 1

Running with c = 80
Rows offset = (55,109)
Columns offset = (165,219)
PSNR taken 32.24263
SSIM taken 0.98392

Key which was embeded : 14
Result of extraction = 1

Optimal c value for grid = 40
-----------------------------------

Optimal c value for grid = 40
-----------------------------------

Running with c = 40
Rows offset = (55,109)
Columns offset = (220,274)
PSNR taken 34.20514
SSIM taken 0.98772

Key which was embeded : 14
Result of extraction = 0

Running with c = 120
Rows offset = (55,109)
Columns offset = (220,274)
PSNR taken 30.40759
SSIM taken 0.98193

Key which was embeded : 14
Result of extraction = 0

Running with c = 80
Rows offset = (55,109)
Columns offset = (220,274)
PSNR taken 31.16059
SSIM taken 0.98285

Key which was embeded : 14
Result of extraction = 1

Optimal c value for grid = 40
-----------------------------------

Optimal c value for grid = 40
-----------------------------------

Running with c = 40
Rows offset = (110,164)
Columns offset = (0,54)
PSNR taken 27.17975
SSIM taken 0.98118

Key which was embeded : 14
Result of extraction = 1

Optimal c value for grid = 40
-----------------------------------

Running with c = 40
Rows offset = (110,164)
Columns offset = (55,109)
PSNR taken 29.29203
SSIM taken 0.98330

Key which was embeded : 14
Result of extraction = 0

Running with c = 120
Rows offset = (110,164)
Columns offset = (55,109)
PSNR taken 28.07179
SSIM taken 0.98068

Key which was embeded : 14
Result of extraction = 1

Running with c = 80
Rows offset = (110,164)
Columns offset = (55,109)
PSNR taken 28.14905
SSIM taken 0.98095

Key which was embeded : 14
Result of extraction = 1

Optimal c value for grid = 40
-----------------------------------

Optimal c value for grid = 40
-----------------------------------

Running with c = 40
Rows offset = (110,164)
Columns offset = (110,164)
PSNR taken 29.76459
SSIM taken 0.98224

Key which was embeded : 14
Result of extraction = 1

Optimal c value for grid = 40
-----------------------------------

Running with c = 40
Rows offset = (110,164)
Columns offset = (165,219)
PSNR taken 28.97687
SSIM taken 0.98058

Key which was embeded : 14
Result of extraction = 1

Optimal c value for grid = 40
-----------------------------------

Running with c = 40
Rows offset = (110,164)
Columns offset = (220,274)
PSNR taken 30.01437
SSIM taken 0.98176

Key which was embeded : 14
Result of extraction = 1

Optimal c value for grid = 40
-----------------------------------

Running with c = 40
PSNR = 44.127942719986926
SSIM = 0.9928321930274894
[0, 110]
Finished grid movement

Rows offset = (0,54)
Columns offset = (110,164)
Embed key : 11 in Block 16
Running with c = 40
Rows offset = (0,54)
Columns offset = (0,54)
PSNR taken 44.00287
SSIM taken 0.99446

Key which was embeded : 11
Result of extraction = 1

Optimal c value for grid = 40
-----------------------------------

Running with c = 40
Rows offset = (0,54)
Columns offset = (55,109)
PSNR taken 45.07416
SSIM taken 0.99256

Key which was embeded : 11
Result of extraction = 0

Running with c = 120
Rows offset = (0,54)
Columns offset = (55,109)
PSNR taken 36.53926
SSIM taken 0.98523

Key which was embeded : 11
Result of extraction = 0

Running with c = 80
Rows offset = (0,54)
Columns offset = (55,109)
PSNR taken 39.88301
SSIM taken 0.98771

Key which was embeded : 11
Result of extraction = 0

Running with c = 41
Rows offset = (0,54)
Columns offset = (55,109)
Key which was embeded : 11
Result of extraction = 0

Running with c = 44
Rows offset = (0,54)
Columns offset = (55,109)
Key which was embeded : 11
Result of extraction = 0

Running with c = 47
Rows offset = (0,54)
Columns offset = (55,109)
Key which was embeded : 11
Result of extraction = 0

Running with c = 50
Rows offset = (0,54)
Columns offset = (55,109)
Key which was embeded : 11
Result of extraction = 0

Running with c = 53
Rows offset = (0,54)
Columns offset = (55,109)
Key which was embeded : 11
Result of extraction = 0

Running with c = 56
Rows offset = (0,54)
Columns offset = (55,109)
Key which was embeded : 11
Result of extraction = 0

Running with c = 59
Rows offset = (0,54)
Columns offset = (55,109)
Key which was embeded : 11
Result of extraction = 0

Running with c = 62
Rows offset = (0,54)
Columns offset = (55,109)
Key which was embeded : 11
Result of extraction = 0

Running with c = 65
Rows offset = (0,54)
Columns offset = (55,109)
Key which was embeded : 11
Result of extraction = 0

Running with c = 68
Rows offset = (0,54)
Columns offset = (55,109)
Key which was embeded : 11
Result of extraction = 0

Running with c = 71
Rows offset = (0,54)
Columns offset = (55,109)
Key which was embeded : 11
Result of extraction = 0

Running with c = 74
Rows offset = (0,54)
Columns offset = (55,109)
Key which was embeded : 11
Result of extraction = 0

Running with c = 77
Rows offset = (0,54)
Columns offset = (55,109)
Key which was embeded : 11
Result of extraction = 0

Running with c = 80
Rows offset = (0,54)
Columns offset = (55,109)
Key which was embeded : 11
Result of extraction = 0

Running with c = 83
Rows offset = (0,54)
Columns offset = (55,109)
Key which was embeded : 11
Result of extraction = 0

Running with c = 86
Rows offset = (0,54)
Columns offset = (55,109)
Key which was embeded : 11
Result of extraction = 0

Running with c = 89
Rows offset = (0,54)
Columns offset = (55,109)
Key which was embeded : 11
Result of extraction = 0

Running with c = 92
Rows offset = (0,54)
Columns offset = (55,109)
Key which was embeded : 11
Result of extraction = 0

Running with c = 95
Rows offset = (0,54)
Columns offset = (55,109)
Key which was embeded : 11
Result of extraction = 0

Running with c = 98
Rows offset = (0,54)
Columns offset = (55,109)
Key which was embeded : 11
Result of extraction = 0

Running with c = 101
Rows offset = (0,54)
Columns offset = (55,109)
Key which was embeded : 11
Result of extraction = 0

Running with c = 40
Rows offset = (0,54)
Columns offset = (55,109)
Optimal c value for grid = 40
-----------------------------------

Optimal c value for grid = 40
-----------------------------------

Running with c = 40
Rows offset = (0,54)
Columns offset = (110,164)
PSNR taken 46.14710
SSIM taken 0.99239

Key which was embeded : 11
Result of extraction = 1

Optimal c value for grid = 40
-----------------------------------

Running with c = 40
Rows offset = (0,54)
Columns offset = (165,219)
PSNR taken 33.79125
SSIM taken 0.99059

Key which was embeded : 11
Result of extraction = 0

Running with c = 120
Rows offset = (0,54)
Columns offset = (165,219)
PSNR taken 31.98655
SSIM taken 0.98601

Key which was embeded : 11
Result of extraction = 1

Running with c = 80
Rows offset = (0,54)
Columns offset = (165,219)
PSNR taken 32.31482
SSIM taken 0.98744

Key which was embeded : 11
Result of extraction = 1

Optimal c value for grid = 40
-----------------------------------

Optimal c value for grid = 40
-----------------------------------

Running with c = 40
Rows offset = (0,54)
Columns offset = (220,274)
PSNR taken 44.39913
SSIM taken 0.99329

Key which was embeded : 11
Result of extraction = 0

Running with c = 120
Rows offset = (0,54)
Columns offset = (220,274)
PSNR taken 35.86334
SSIM taken 0.98644

Key which was embeded : 11
Result of extraction = 1

Running with c = 80
Rows offset = (0,54)
Columns offset = (220,274)
PSNR taken 39.00461
SSIM taken 0.98874

Key which was embeded : 11
Result of extraction = 1

Optimal c value for grid = 40
-----------------------------------

Optimal c value for grid = 40
-----------------------------------

Running with c = 40
Rows offset = (55,109)
Columns offset = (0,54)
PSNR taken 42.98999
SSIM taken 0.99319

Key which was embeded : 11
Result of extraction = 1

Optimal c value for grid = 40
-----------------------------------

Running with c = 40
Rows offset = (55,109)
Columns offset = (55,109)
PSNR taken 44.03077
SSIM taken 0.99350

Key which was embeded : 11
Result of extraction = 1

Optimal c value for grid = 40
-----------------------------------

Running with c = 40
Rows offset = (55,109)
Columns offset = (110,164)
PSNR taken 43.97727
SSIM taken 0.99407

Key which was embeded : 11
Result of extraction = 1

Optimal c value for grid = 40
-----------------------------------

Running with c = 40
Rows offset = (55,109)
Columns offset = (165,219)
PSNR taken 42.09395
SSIM taken 0.99327

Key which was embeded : 11
Result of extraction = 0

Running with c = 120
Rows offset = (55,109)
Columns offset = (165,219)
PSNR taken 34.01153
SSIM taken 0.98533

Key which was embeded : 11
Result of extraction = 0

Running with c = 80
Rows offset = (55,109)
Columns offset = (165,219)
PSNR taken 36.82982
SSIM taken 0.98807

Key which was embeded : 11
Result of extraction = 0

Running with c = 41
Rows offset = (55,109)
Columns offset = (165,219)
Key which was embeded : 11
Result of extraction = 0

Running with c = 44
Rows offset = (55,109)
Columns offset = (165,219)
Key which was embeded : 11
Result of extraction = 0

Running with c = 47
Rows offset = (55,109)
Columns offset = (165,219)
Key which was embeded : 11
Result of extraction = 0

Running with c = 50
Rows offset = (55,109)
Columns offset = (165,219)
Key which was embeded : 11
Result of extraction = 0

Running with c = 53
Rows offset = (55,109)
Columns offset = (165,219)
Key which was embeded : 11
Result of extraction = 0

Running with c = 56
Rows offset = (55,109)
Columns offset = (165,219)
Key which was embeded : 11
Result of extraction = 0

Running with c = 59
Rows offset = (55,109)
Columns offset = (165,219)
Key which was embeded : 11
Result of extraction = 0

Running with c = 62
Rows offset = (55,109)
Columns offset = (165,219)
Key which was embeded : 11
Result of extraction = 0

Running with c = 65
Rows offset = (55,109)
Columns offset = (165,219)
Key which was embeded : 11
Result of extraction = 0

Running with c = 68
Rows offset = (55,109)
Columns offset = (165,219)
Key which was embeded : 11
Result of extraction = 0

Running with c = 71
Rows offset = (55,109)
Columns offset = (165,219)
Key which was embeded : 11
Result of extraction = 0

Running with c = 74
Rows offset = (55,109)
Columns offset = (165,219)
Key which was embeded : 11
Result of extraction = 0

Running with c = 77
Rows offset = (55,109)
Columns offset = (165,219)
Key which was embeded : 11
Result of extraction = 1

Optimal c value for grid = 77
-----------------------------------

Optimal c value for grid = 77
-----------------------------------

Running with c = 40
Rows offset = (55,109)
Columns offset = (220,274)
PSNR taken 43.28370
SSIM taken 0.99303

Key which was embeded : 11
Result of extraction = 0

Running with c = 120
Rows offset = (55,109)
Columns offset = (220,274)
PSNR taken 35.48295
SSIM taken 0.98552

Key which was embeded : 11
Result of extraction = 1

Running with c = 80
Rows offset = (55,109)
Columns offset = (220,274)
PSNR taken 37.59884
SSIM taken 0.98775

Key which was embeded : 11
Result of extraction = 1

Optimal c value for grid = 40
-----------------------------------

Optimal c value for grid = 40
-----------------------------------

Running with c = 40
Rows offset = (110,164)
Columns offset = (0,54)
PSNR taken 32.98465
SSIM taken 0.98702

Key which was embeded : 11
Result of extraction = 1

Optimal c value for grid = 40
-----------------------------------

Running with c = 40
Rows offset = (110,164)
Columns offset = (55,109)
PSNR taken 34.54428
SSIM taken 0.98812

Key which was embeded : 11
Result of extraction = 0

Running with c = 120
Rows offset = (110,164)
Columns offset = (55,109)
PSNR taken 31.23928
SSIM taken 0.98265

Key which was embeded : 11
Result of extraction = 0

Running with c = 80
Rows offset = (110,164)
Columns offset = (55,109)
PSNR taken 32.73749
SSIM taken 0.98436

Key which was embeded : 11
Result of extraction = 0

Running with c = 41
Rows offset = (110,164)
Columns offset = (55,109)
Key which was embeded : 11
Result of extraction = 0

Running with c = 44
Rows offset = (110,164)
Columns offset = (55,109)
Key which was embeded : 11
Result of extraction = 0

Running with c = 47
Rows offset = (110,164)
Columns offset = (55,109)
Key which was embeded : 11
Result of extraction = 0

Running with c = 50
Rows offset = (110,164)
Columns offset = (55,109)
Key which was embeded : 11
Result of extraction = 0

Running with c = 53
Rows offset = (110,164)
Columns offset = (55,109)
Key which was embeded : 11
Result of extraction = 0

Running with c = 56
Rows offset = (110,164)
Columns offset = (55,109)
Key which was embeded : 11
Result of extraction = 0

Running with c = 59
Rows offset = (110,164)
Columns offset = (55,109)
Key which was embeded : 11
Result of extraction = 0

Running with c = 62
Rows offset = (110,164)
Columns offset = (55,109)
Key which was embeded : 11
Result of extraction = 0

Running with c = 65
Rows offset = (110,164)
Columns offset = (55,109)
Key which was embeded : 11
Result of extraction = 0

Running with c = 68
Rows offset = (110,164)
Columns offset = (55,109)
Key which was embeded : 11
Result of extraction = 0

Running with c = 71
Rows offset = (110,164)
Columns offset = (55,109)
Key which was embeded : 11
Result of extraction = 0

Running with c = 74
Rows offset = (110,164)
Columns offset = (55,109)
Key which was embeded : 11
Result of extraction = 0

Running with c = 77
Rows offset = (110,164)
Columns offset = (55,109)
Key which was embeded : 11
Result of extraction = 0

Running with c = 80
Rows offset = (110,164)
Columns offset = (55,109)
Key which was embeded : 11
Result of extraction = 0

Running with c = 83
Rows offset = (110,164)
Columns offset = (55,109)
Key which was embeded : 11
Result of extraction = 0

Running with c = 86
Rows offset = (110,164)
Columns offset = (55,109)
Key which was embeded : 11
Result of extraction = 0

Running with c = 89
Rows offset = (110,164)
Columns offset = (55,109)
Key which was embeded : 11
Result of extraction = 0

Running with c = 92
Rows offset = (110,164)
Columns offset = (55,109)
Key which was embeded : 11
Result of extraction = 0

Running with c = 95
Rows offset = (110,164)
Columns offset = (55,109)
Key which was embeded : 11
Result of extraction = 0

Running with c = 98
Rows offset = (110,164)
Columns offset = (55,109)
Key which was embeded : 11
Result of extraction = 0

Running with c = 101
Rows offset = (110,164)
Columns offset = (55,109)
Key which was embeded : 11
Result of extraction = 0

Running with c = 40
Rows offset = (110,164)
Columns offset = (55,109)
Optimal c value for grid = 40
-----------------------------------

Optimal c value for grid = 40
-----------------------------------

Running with c = 40
Rows offset = (110,164)
Columns offset = (110,164)
PSNR taken 44.08045
SSIM taken 0.99335

Key which was embeded : 11
Result of extraction = 1

Optimal c value for grid = 40
-----------------------------------

Running with c = 40
Rows offset = (110,164)
Columns offset = (165,219)
PSNR taken 44.04655
SSIM taken 0.99223

Key which was embeded : 11
Result of extraction = 1

Optimal c value for grid = 40
-----------------------------------

Running with c = 40
Rows offset = (110,164)
Columns offset = (220,274)
PSNR taken 44.97945
SSIM taken 0.99290

Key which was embeded : 11
Result of extraction = 0

Running with c = 120
Rows offset = (110,164)
Columns offset = (220,274)
PSNR taken 36.06028
SSIM taken 0.98532

Key which was embeded : 11
Result of extraction = 0

Running with c = 80
Rows offset = (110,164)
Columns offset = (220,274)
PSNR taken 39.23702
SSIM taken 0.98786

Key which was embeded : 11
Result of extraction = 0

Running with c = 41
Rows offset = (110,164)
Columns offset = (220,274)
Key which was embeded : 11
Result of extraction = 0

Running with c = 44
Rows offset = (110,164)
Columns offset = (220,274)
Key which was embeded : 11
Result of extraction = 0

Running with c = 47
Rows offset = (110,164)
Columns offset = (220,274)
Key which was embeded : 11
Result of extraction = 0

Running with c = 50
Rows offset = (110,164)
Columns offset = (220,274)
Key which was embeded : 11
Result of extraction = 0

Running with c = 53
Rows offset = (110,164)
Columns offset = (220,274)
Key which was embeded : 11
Result of extraction = 0

Running with c = 56
Rows offset = (110,164)
Columns offset = (220,274)
Key which was embeded : 11
Result of extraction = 0

Running with c = 59
Rows offset = (110,164)
Columns offset = (220,274)
Key which was embeded : 11
Result of extraction = 0

Running with c = 62
Rows offset = (110,164)
Columns offset = (220,274)
Key which was embeded : 11
Result of extraction = 0

Running with c = 65
Rows offset = (110,164)
Columns offset = (220,274)
Key which was embeded : 11
Result of extraction = 0

Running with c = 68
Rows offset = (110,164)
Columns offset = (220,274)
Key which was embeded : 11
Result of extraction = 0

Running with c = 71
Rows offset = (110,164)
Columns offset = (220,274)
Key which was embeded : 11
Result of extraction = 0

Running with c = 74
Rows offset = (110,164)
Columns offset = (220,274)
Key which was embeded : 11
Result of extraction = 0

Running with c = 77
Rows offset = (110,164)
Columns offset = (220,274)
Key which was embeded : 11
Result of extraction = 0

Running with c = 80
Rows offset = (110,164)
Columns offset = (220,274)
Key which was embeded : 11
Result of extraction = 0

Running with c = 83
Rows offset = (110,164)
Columns offset = (220,274)
Key which was embeded : 11
Result of extraction = 0

Running with c = 86
Rows offset = (110,164)
Columns offset = (220,274)
Key which was embeded : 11
Result of extraction = 0

Running with c = 89
Rows offset = (110,164)
Columns offset = (220,274)
Key which was embeded : 11
Result of extraction = 0

Running with c = 92
Rows offset = (110,164)
Columns offset = (220,274)
Key which was embeded : 11
Result of extraction = 0

Running with c = 95
Rows offset = (110,164)
Columns offset = (220,274)
Key which was embeded : 11
Result of extraction = 0

Running with c = 98
Rows offset = (110,164)
Columns offset = (220,274)
Key which was embeded : 11
Result of extraction = 0

Running with c = 101
Rows offset = (110,164)
Columns offset = (220,274)
Key which was embeded : 11
Result of extraction = 0

Running with c = 40
Rows offset = (110,164)
Columns offset = (220,274)
Optimal c value for grid = 40
-----------------------------------

Optimal c value for grid = 40
-----------------------------------

Running with c = 40
PSNR = 46.14709691177647
SSIM = 0.9923858326756885
[0, 110]
Finished grid movement

Rows offset = (0,54)
Columns offset = (110,164)
PSNR taken 44.97041
SSIM taken 0.99221

Total positions checked for each block : 15
Key which was embeded : 8
Complete Extraction in block 1

Key which was embeded : 10
Complete Extraction in block 2

Key which was embeded : 10
Complete Extraction in block 3

Key which was embeded : 13
Complete Extraction in block 4

Key which was embeded : 14
Complete Extraction in block 5

Key which was embeded : 12
Complete Extraction in block 6

Key which was embeded : 11
Complete Extraction in block 7

Key which was embeded : 10
Complete Extraction in block 8

Key which was embeded : 8
Complete Extraction in block 9

Key which was embeded : 8
Complete Extraction in block 10

Key which was embeded : 12
Complete Extraction in block 11

Key which was embeded : 13
Complete Extraction in block 12

Key which was embeded : 9
Complete Extraction in block 13

Key which was embeded : 10
Complete Extraction in block 14

Key which was embeded : 14
Complete Extraction in block 15

Key which was embeded : 11
Complete Extraction in block 16

Extraction percentage = 100.0%

Elapsed time = 2.222 mins
Elapsed time = 133.342 seconds

